Date,Close/Last,Volume,Open,High,Low,lag_1,lag_7,lag_30,rolling_mean_7,rolling_std_7,daily_return,hl_ratio,day_of_week,month,day_of_year
2013-09-30,1327.0,109605.0,1327.3,1353.8,1322.0,1339.2,1369.3,1365.7,1328.8999999999999,7.760584170454126,-0.9109916367980864,1.024054462934947,0,9,273
2013-10-01,1286.1,193613.0,1328.2,1337.8,1282.4,1327.0,1332.5,1372.6,1322.2714285714285,17.6667026055352,-3.0821401657874947,1.043200249532127,1,10,274
2013-10-02,1320.7,163414.0,1287.5,1324.2,1276.9,1286.1,1327.0,1370.1,1321.3714285714286,17.545722582795644,2.690304019905154,1.0370428381235806,2,10,275
2013-10-03,1317.6,123329.0,1316.5,1322.8,1302.0,1320.7,1316.3,1370.8,1321.5571428571427,17.48988823509842,-0.23472400999471343,1.0159754224270352,3,10,276
2013-10-04,1309.9,101527.0,1317.4,1326.0,1305.1,1317.6,1336.2,1395.8,1317.8,16.623477373884384,-0.584395871281107,1.0160140985365107,4,10,277
2013-10-07,1325.1,90614.0,1312.3,1329.5,1307.9,1309.9,1324.1,1393.1,1317.9428571428573,16.69080157280959,1.1603939232002203,1.01651502408441,0,10,280
2013-10-08,1324.6,115161.0,1319.7,1330.8,1315.4,1325.1,1339.2,1420.2,1315.857142857143,14.338160870310542,-0.03773300128292467,1.011707465409761,1,10,281
2013-10-09,1307.2,145546.0,1304.5,1323.3,1294.6,1324.6,1327.0,1418.8,1313.0285714285715,13.712976127951373,-1.3136041069001902,1.022169009732736,2,10,282
2013-10-10,1296.9,119769.0,1307.0,1312.0,1290.8,1307.2,1286.1,1412.9,1314.5714285714287,10.381026648928374,-0.7879436964504216,1.016423923148435,3,10,283
2013-10-11,1268.2,169059.0,1268.0,1294.8,1259.6,1296.9,1320.7,1396.1,1307.0714285714287,19.856125359338613,-2.2129693885419077,1.027945379485551,4,10,284
2013-10-14,1276.6,100090.0,1275.5,1291.6,1268.4,1268.2,1317.6,1396.1,1301.2142857142858,22.147643107973348,0.6623560952531138,1.018290760012614,0,10,287
2013-10-15,1273.2,189308.0,1273.6,1287.7,1251.0,1276.6,1309.9,1412.0,1295.9714285714285,24.01407325477677,-0.26633244555850366,1.0293365307753797,1,10,288
2013-10-16,1282.3,144044.0,1281.4,1289.2,1268.6,1273.2,1325.1,1390.0,1289.857142857143,20.56208948063414,0.7147345271756089,1.016238373009617,2,10,289
2013-10-17,1323.0,196447.0,1314.0,1324.2,1273.7,1282.3,1324.6,1373.0,1289.6285714285714,20.11555901002499,3.173984247056083,1.0396482688231137,3,10,290
2013-10-18,1314.6,95751.0,1318.8,1328.9,1311.2,1323.0,1307.2,1386.5,1290.685714285714,21.349506518219783,-0.6349206349206438,1.0134990848078096,4,10,291
2013-10-21,1315.8,68910.0,1316.0,1323.9,1312.0,1314.6,1296.9,1386.7,1293.3857142857144,23.366245495832313,0.09128251939753973,1.0090701219512195,0,10,294
2013-10-22,1342.6,146850.0,1315.5,1344.7,1309.5,1315.8,1268.2,1364.0,1304.0142857142855,26.685978126564617,2.0367837057303495,1.026880488736159,1,10,295
2013-10-23,1334.0,91728.0,1340.1,1342.2,1328.5,1342.6,1276.6,1363.8,1312.2142857142858,25.65725554116815,-0.6405481900789489,1.0103123823861497,2,10,296
2013-10-24,1350.3,121111.0,1332.5,1352.3,1330.2,1334.0,1273.2,1330.6,1323.2285714285713,22.4684010917348,1.2218890554722694,1.0166140430010524,3,10,297
2013-10-25,1352.5,109808.0,1346.9,1356.4,1335.3,1350.3,1282.3,1308.6,1333.2571428571428,15.846330505078898,0.1629267570169679,1.0158016925035573,4,10,298
2013-10-28,1352.2,105613.0,1352.7,1361.8,1346.1,1352.5,1323.0,1317.8,1337.4285714285713,16.525002701534127,-0.022181146025879173,1.0116633236758041,0,10,301
2013-10-29,1345.5,119713.0,1352.6,1360.4,1339.8,1352.2,1314.6,1309.4,1341.8428571428572,13.203895529079446,-0.4954888330128693,1.0153754291685326,1,10,302
2013-10-30,1349.3,119713.0,1343.1,1349.3,1349.3,1345.5,1315.8,1307.6,1346.6285714285714,6.622113027754822,0.28242289111855,1.0,2,10,303
2013-10-31,1323.7,141904.0,1341.7,1343.0,1318.7,1349.3,1342.6,1369.3,1343.9285714285713,10.966420608036298,-1.8972800711479998,1.0184272389474482,3,10,304
2013-11-01,1313.2,127033.0,1323.1,1327.3,1305.6,1323.7,1334.0,1332.5,1340.957142857143,15.840018638757225,-0.7932310946589083,1.0166207107843137,4,11,305
2013-11-04,1314.7,71700.0,1313.0,1322.4,1310.8,1313.2,1350.3,1327.0,1335.8714285714286,17.918957771562535,0.11422479439537891,1.008849557522124,0,11,308
2013-11-05,1308.1,93988.0,1313.9,1320.6,1305.2,1314.7,1352.5,1316.3,1329.5285714285715,18.884095096642906,-0.5020156689739208,1.0117989580140974,1,11,309
2013-11-06,1317.8,88462.0,1312.3,1322.0,1308.9,1308.1,1352.2,1336.2,1324.6142857142856,16.30014607004414,0.7415335219020047,1.0100084040033614,2,11,310
2013-11-07,1308.5,179460.0,1317.5,1326.0,1296.0,1317.8,1345.5,1324.1,1319.3285714285714,14.271500071321812,-0.7057216573076341,1.0231481481481481,3,11,311
2013-11-08,1284.6,171480.0,1307.8,1313.4,1280.5,1308.5,1349.3,1339.2,1310.0857142857144,12.462133120168733,-1.8265189147879335,1.025693088637251,4,11,312
2013-11-11,1281.1,86457.0,1288.3,1288.8,1278.1,1284.6,1323.7,1327.0,1304.0,14.87391452622304,-0.2724583527946467,1.0083718018934356,0,11,315
2013-11-12,1271.2,129235.0,1281.4,1285.4,1260.5,1281.1,1313.2,1286.1,1298.0,18.558915198184327,-0.7727733978612039,1.0197540658468862,1,11,316
2013-11-13,1268.4,118704.0,1265.3,1279.8,1265.0,1271.2,1314.7,1320.7,1291.3857142857141,19.822666199030024,-0.22026431718061845,1.011699604743083,2,11,317
2013-11-14,1286.3,146703.0,1281.4,1293.8,1277.3,1268.4,1308.1,1317.6,1288.2714285714285,18.422062342540737,1.411226742352567,1.0129178736397089,3,11,318
2013-11-15,1287.4,82119.0,1287.0,1290.8,1279.6,1286.3,1317.8,1309.9,1283.9285714285713,13.121447364999964,0.08551659799425071,1.0087527352297594,4,11,319
2013-11-18,1272.3,100547.0,1288.9,1289.2,1269.2,1287.4,1308.5,1325.1,1278.7571428571428,7.92987119333922,-1.1729066335249394,1.0157579577686733,0,11,322
2013-11-19,1273.5,96893.0,1275.0,1278.2,1268.0,1272.3,1284.6,1324.6,1277.1714285714286,7.67239951291715,0.09431737797689355,1.008044164037855,1,11,323
2013-11-20,1258.0,207890.0,1249.4,1275.7,1240.2,1273.5,1281.1,1307.2,1273.8714285714286,10.239419626415218,-1.2171181782489215,1.0286244154168682,2,11,324
2013-11-21,1243.6,182755.0,1241.8,1250.0,1235.8,1258.0,1271.2,1296.9,1269.9285714285713,15.435210211909173,-1.144674085850561,1.0114905324486163,3,11,325
2013-11-22,1244.1,120305.0,1242.3,1248.3,1240.3,1243.6,1268.4,1268.2,1266.457142857143,18.302536904565326,0.04020585397233045,1.0064500524066757,4,11,326
2013-11-25,1241.6,56250.0,1230.8,1254.4,1226.4,1244.1,1286.3,1276.6,1260.0714285714287,18.021257289263872,-0.2009484768105474,1.0228310502283104,0,11,329
2013-11-26,1241.5,106984.0,1249.5,1258.2,1239.2,1241.6,1287.4,1273.2,1253.5142857142855,14.408727513960809,-0.008054123711331851,1.0153324725629438,1,11,330
2013-11-27,1237.9,141921.0,1241.1,1254.8,1235.5,1241.5,1272.3,1282.3,1248.6000000000001,12.698556348399752,-0.28997180829640756,1.0156212059894778,2,11,331
2013-11-28,1237.9,141921.0,1237.9,1237.9,1237.9,1237.9,1273.5,1323.0,1243.5142857142857,6.84286211353987,0.0,1.0,3,11,332
2013-11-29,1250.4,5079.0,1244.6,1254.5,1234.1,1237.9,1258.0,1314.6,1242.4285714285713,4.287079147765636,1.0097746183052037,1.0165302649704238,4,11,333
2013-12-02,1221.9,138200.0,1250.6,1251.2,1217.1,1250.4,1243.6,1315.8,1239.3285714285714,8.784970932557442,-2.2792706333973123,1.0280174184537014,0,12,336
2013-12-03,1220.8,109670.0,1219.5,1225.8,1214.6,1221.9,1244.1,1342.6,1236.0,10.847734018379406,-0.0900237335297649,1.0092211427630495,1,12,337
2013-12-04,1247.2,173578.0,1245.0,1251.5,1210.8,1220.8,1241.6,1334.0,1236.8,11.515496805037891,2.162516382699886,1.0336141394119591,2,12,338
2013-12-05,1231.9,147817.0,1243.1,1243.2,1216.3,1247.2,1241.5,1350.3,1235.4285714285713,11.433826172920206,-1.2267479153303396,1.0221162542135986,3,12,339
2013-12-06,1229.0,167118.0,1225.0,1245.0,1210.1,1231.9,1237.9,1352.5,1234.1571428571428,11.606730395609581,-0.23540871824012655,1.0288405916866374,4,12,340
2013-12-09,1234.2,72766.0,1229.9,1242.6,1224.6,1229.0,1237.9,1352.2,1233.6285714285714,11.491549690354743,0.42310821806346155,1.0146986771190594,0,12,343
2013-12-10,1261.1,141116.0,1260.0,1267.5,1237.4,1234.2,1250.4,1345.5,1235.1571428571428,14.430160214276798,2.179549505752698,1.0243251979957975,1,12,344
2013-12-11,1257.2,111156.0,1261.0,1263.2,1250.6,1261.1,1221.9,1349.3,1240.2,15.173990905498897,-0.30925382602489115,1.010075163921318,2,12,345
2013-12-12,1224.9,147898.0,1252.3,1256.5,1222.6,1257.2,1220.8,1323.7,1240.7857142857142,14.35751006401377,-2.5692013999363605,1.027727793227548,3,12,346
2013-12-13,1234.6,107992.0,1226.1,1238.2,1219.5,1224.9,1247.2,1313.2,1238.9857142857143,14.208381161774232,0.7919013797044405,1.0153341533415334,4,12,347
2013-12-16,1244.4,117653.0,1237.3,1251.7,1227.2,1234.6,1231.9,1314.7,1240.7714285714287,13.952623921179725,0.7937793617366129,1.019964146023468,0,12,350
2013-12-17,1230.1,127986.0,1239.5,1247.6,1226.5,1244.4,1229.0,1308.1,1240.9285714285713,13.803346730142781,-1.149148183863724,1.0172034243783121,1,12,351
2013-12-18,1235.0,151471.0,1218.4,1244.0,1215.2,1230.1,1234.2,1317.8,1241.042857142857,13.741525527017956,0.39834159824405635,1.0236998025016457,2,12,352
2013-12-19,1193.6,194444.0,1217.8,1226.0,1186.0,1235.0,1261.1,1308.5,1231.3999999999999,19.70879668236619,-3.3522267206477774,1.033726812816189,3,12,353
2013-12-20,1203.7,125195.0,1188.8,1206.9,1188.0,1193.6,1257.2,1284.6,1223.7571428571428,18.36381016591378,0.8461796246648889,1.015909090909091,4,12,354
2013-12-23,1197.0,71118.0,1202.5,1205.6,1191.8,1203.7,1224.9,1281.1,1219.7714285714285,20.923727702122836,-0.556617097283385,1.0115791240140963,0,12,357
2013-12-24,1203.3,36676.0,1197.8,1205.1,1195.5,1197.0,1234.6,1271.2,1215.2999999999997,20.568098275408893,0.5263157894736858,1.008030112923463,1,12,358
2013-12-25,1203.3,36676.0,1203.3,1203.3,1203.3,1203.3,1244.4,1268.4,1209.4285714285713,16.300073035192298,0.0,1.0,2,12,359
2013-12-26,1212.3,52788.0,1203.8,1215.4,1200.5,1203.3,1230.1,1286.3,1206.8857142857141,13.722418223658304,0.7479431563201189,1.0124114952103291,3,12,360
2013-12-27,1214.0,73947.0,1210.9,1218.9,1208.5,1212.3,1235.0,1287.4,1203.8857142857141,7.382734039974284,0.1402293161758772,1.0086057095573024,4,12,361
2013-12-30,1203.8,73220.0,1213.8,1215.8,1193.3,1214.0,1193.6,1272.3,1205.3428571428572,5.864826551264818,-0.8401976935749622,1.0188552752870192,0,12,364
2013-12-31,1202.3,117106.0,1197.4,1214.0,1181.4,1203.8,1203.7,1273.5,1205.142857142857,5.953390390616746,-0.12460541618208865,1.0275943795496867,1,12,365
2014-01-01,1202.3,117106.0,1202.3,1202.3,1202.3,1202.3,1197.0,1258.0,1205.8999999999999,5.006995106870942,0.0,1.0,2,1,1
2014-01-02,1225.2,129699.0,1226.5,1230.8,1202.5,1202.3,1203.3,1243.6,1209.0285714285715,8.637459944100485,1.9046826915079418,1.0235343035343034,3,1,2
2014-01-03,1225.2,106585.0,1222.3,1239.6,1221.3,1225.2,1203.3,1244.1,1212.1571428571428,10.06493204860713,0.0,1.0149840334070253,4,1,3
2014-01-06,1238.0,143931.0,1237.4,1247.7,1212.6,1225.2,1212.3,1241.6,1215.8285714285716,14.031478216944818,1.0447273914462984,1.0289460663038101,0,1,6
2014-01-07,1229.6,118858.0,1237.0,1244.7,1224.2,1238.0,1214.0,1241.5,1218.0571428571427,14.904345802809853,-0.6785137318255363,1.0167456297990525,1,1,7
2014-01-08,1225.5,147936.0,1231.0,1231.8,1217.7,1229.6,1203.8,1237.9,1221.1571428571428,13.648547803450112,-0.33344176968118644,1.0115792067011578,2,1,8
2014-01-09,1229.4,112656.0,1224.9,1230.9,1222.8,1225.5,1202.3,1237.9,1225.0285714285715,10.993439602140523,0.3182374541003785,1.0066241413150148,3,1,9
2014-01-10,1246.9,153178.0,1227.1,1248.5,1226.6,1229.4,1202.3,1250.4,1231.3999999999999,8.192883090433837,1.4234585976899305,1.017854231208218,4,1,10
2014-01-13,1251.1,109306.0,1247.7,1255.3,1243.0,1246.9,1225.2,1221.9,1235.1000000000001,10.460720179167433,0.33683535167212675,1.009895414320193,0,1,13
2014-01-14,1245.4,133286.0,1252.7,1254.9,1241.1,1251.1,1225.2,1220.8,1237.9857142857143,10.052765551740631,-0.4555990728159043,1.0111191684795746,1,1,14
2014-01-15,1238.3,99419.0,1244.3,1244.6,1233.5,1245.4,1238.0,1247.2,1238.0285714285715,10.053476063160877,-0.570097960494631,1.0089987839481152,2,1,15
2014-01-16,1240.2,99298.0,1241.8,1244.9,1235.8,1238.3,1229.6,1231.9,1239.542857142857,9.345740053255343,0.15343616248082448,1.007363651076226,3,1,16
2014-01-17,1251.9,106436.0,1241.7,1254.6,1237.3,1240.2,1225.5,1229.0,1243.314285714286,7.958104584106928,0.9433962264151052,1.013982057706296,4,1,17
2014-01-20,1251.9,106436.0,1251.9,1251.9,1251.9,1251.9,1229.4,1234.2,1246.5285714285715,5.594257259535158,0.0,1.0,0,1,20
2014-01-21,1241.8,162248.0,1254.1,1262.0,1235.1,1251.9,1246.9,1261.1,1245.8,5.86344608572037,-0.8067737039699763,1.0217796129868029,1,1,21
2014-01-22,1238.6,80262.0,1240.5,1243.5,1235.5,1241.8,1251.1,1257.2,1244.0142857142857,5.883714408284055,-0.257690449347725,1.0064751112909753,2,1,22
2014-01-23,1262.5,41697.0,1235.1,1267.1,1230.8,1238.6,1245.4,1224.9,1246.457142857143,9.180932621998313,1.9295979331503288,1.029493012674683,3,1,23
2014-01-24,1264.5,34998.0,1264.3,1273.2,1256.9,1262.5,1238.3,1234.6,1250.2000000000003,10.541030942629575,0.15841584158415856,1.0129684143527726,4,1,24
2014-01-27,1263.5,63419.0,1269.9,1280.1,1252.0,1264.5,1240.2,1244.4,1253.5285714285715,10.535766747252657,-0.07908264136021748,1.022444089456869,0,1,27
2014-01-28,1250.5,81426.0,1254.9,1261.9,1248.0,1263.5,1251.9,1230.1,1253.3285714285714,10.585007366672698,-1.0288880094974306,1.0111378205128205,1,1,28
2014-01-29,1262.2,115459.0,1255.8,1270.7,1248.3,1250.5,1251.9,1235.0,1254.8,11.058631621202723,0.9356257497001197,1.0179444043899704,2,1,29
2014-01-30,1242.5,155053.0,1267.2,1267.8,1237.5,1262.2,1241.8,1193.6,1254.9,10.923827168173744,-1.560766914910472,1.0244848484848486,3,1,30
2014-01-31,1239.8,111168.0,1244.0,1254.8,1238.2,1242.5,1238.6,1203.7,1255.0714285714287,10.630884924870767,-0.21730382293763117,1.0134065579066387,4,1,31
2014-02-03,1259.9,120942.0,1242.0,1266.1,1240.4,1239.8,1262.5,1197.0,1254.7,10.37031018501686,1.6212292305210596,1.0207191228635923,0,2,34
2014-02-04,1251.2,86988.0,1257.9,1260.7,1246.8,1259.9,1264.5,1203.3,1252.8,9.453394452089732,-0.6905309945233751,1.0111485402630735,1,2,35
2014-02-05,1256.9,122164.0,1254.2,1274.5,1251.8,1251.2,1263.5,1203.3,1251.857142857143,8.488199091071069,0.4555626598465423,1.0181338872024286,2,2,36
2014-02-06,1257.2,84600.0,1257.7,1267.5,1252.5,1256.9,1250.5,1212.3,1252.814285714286,8.685126859842836,0.023868247275027343,1.0119760479041917,3,2,37
2014-02-07,1262.9,128223.0,1256.9,1272.0,1255.5,1257.2,1262.2,1214.0,1252.9142857142858,8.814274137531902,0.45338848234171003,1.013142174432497,4,2,38
2014-02-10,1274.7,90391.0,1265.4,1277.8,1264.7,1262.9,1242.5,1203.8,1257.5142857142857,10.678549928317095,0.9343574313088965,1.010358187712501,0,2,41
2014-02-11,1289.8,146167.0,1274.2,1294.4,1273.5,1274.7,1239.8,1202.3,1264.6571428571428,13.26409403149414,1.1845924531262098,1.0164114644680016,1,2,42
2014-02-12,1295.0,104754.0,1290.1,1296.4,1283.9,1289.8,1259.9,1202.3,1269.6714285714286,17.21275828039112,0.4031632811288599,1.0097359607446064,2,2,43
2014-02-13,1300.1,116071.0,1290.8,1303.0,1286.2,1295.0,1251.2,1225.2,1276.6571428571428,18.352007805041715,0.39382239382239614,1.0130617322344893,3,2,44
2014-02-14,1318.6,139926.0,1302.2,1321.5,1299.9,1300.1,1256.9,1225.2,1285.4714285714285,21.77840783021487,1.4229674640412249,1.016616662820217,4,2,45
2014-02-17,1318.6,139926.0,1318.6,1318.6,1318.6,1318.6,1257.2,1238.0,1294.242857142857,20.838494598770048,0.0,1.0,0,2,48
2014-02-18,1324.4,172646.0,1329.0,1332.4,1312.3,1318.6,1262.9,1229.6,1303.0285714285715,18.22184716997206,0.4398604580615917,1.0153166196753791,1,2,49
2014-02-19,1320.4,106195.0,1322.0,1323.0,1308.9,1324.4,1274.7,1225.5,1309.5571428571427,14.101519674948378,-0.30202355783751633,1.0107724043089616,2,2,50
2014-02-20,1316.9,121375.0,1322.4,1325.3,1307.1,1320.4,1289.8,1229.4,1313.4285714285713,11.193556820144806,-0.26507119054831607,1.0139239537908347,3,2,51
2014-02-21,1323.6,102130.0,1323.0,1328.8,1315.9,1316.9,1295.0,1246.9,1317.5142857142857,8.152387906099703,0.5087705976156043,1.0098031765331712,4,2,52
2014-02-24,1338.0,122318.0,1336.0,1339.2,1318.7,1323.6,1300.1,1251.1,1322.9285714285713,7.187654760244608,1.0879419764279419,1.0155456131038143,0,2,55
2014-02-25,1342.7,120790.0,1336.4,1343.8,1331.2,1338.0,1318.6,1245.4,1326.3714285714286,9.993116678617502,0.3512705530642757,1.0094651442307692,1,2,56
2014-02-26,1328.0,142780.0,1341.3,1345.6,1322.3,1342.7,1318.6,1238.3,1327.7142857142858,9.388011605491467,-1.0948089670067773,1.0176208122211299,2,2,57
2014-02-27,1331.8,115418.0,1329.5,1336.4,1324.0,1328.0,1324.4,1240.2,1328.7714285714285,9.369225205557832,0.286144578313241,1.0093655589123869,3,2,58
2014-02-28,1321.6,127886.0,1331.3,1333.6,1319.3,1331.8,1320.4,1251.9,1328.9428571428573,9.199974120050738,-0.7658807628773134,1.0108390813310089,4,2,59
2014-03-03,1350.3,153906.0,1332.4,1355.0,1330.7,1321.6,1316.9,1251.9,1333.7142857142858,10.484659996307384,2.1716101694915224,1.018261065604569,0,3,62
2014-03-04,1337.9,130176.0,1350.0,1352.9,1331.2,1350.3,1323.6,1241.8,1335.7571428571428,9.535697342596098,-0.9183144486410333,1.0163010817307692,1,3,63
2014-03-05,1340.3,91934.0,1334.8,1342.0,1332.7,1337.9,1338.0,1238.6,1336.0857142857142,9.664613903557235,0.17938560430523776,1.0069783146994822,2,3,64
2014-03-06,1351.8,133481.0,1337.0,1353.9,1331.3,1340.3,1342.7,1262.5,1337.3857142857141,11.193663173338885,0.8580168618965933,1.01697588822955,3,3,65
2014-03-07,1338.2,173637.0,1350.7,1353.2,1326.6,1351.8,1328.0,1264.5,1338.8428571428572,10.404303139066537,-1.006065986092608,1.020051258857229,4,3,66
2014-03-10,1341.5,120938.0,1340.8,1344.9,1327.5,1338.2,1331.8,1263.5,1340.2285714285715,9.945805528920777,0.24659991032729422,1.0131073446327685,0,3,69
2014-03-11,1346.7,145527.0,1339.5,1353.0,1337.8,1341.5,1321.6,1250.5,1343.814285714286,5.7499068315482615,0.38762579202384906,1.0113619375093437,1,3,70
2014-03-12,1370.5,211485.0,1348.8,1371.3,1345.6,1346.7,1350.3,1262.2,1346.7,11.619954102034429,1.7672829880448493,1.0190992865636148,2,3,71
2014-03-13,1372.4,169978.0,1367.8,1375.7,1364.9,1370.5,1337.9,1242.5,1351.6285714285714,14.277921684163172,0.13863553447648336,1.0079126675946954,3,3,72
2014-03-14,1379.0,176638.0,1370.9,1388.4,1368.2,1372.4,1340.3,1239.8,1357.1571428571428,16.482602660873503,0.48090935587292716,1.0147639234030112,4,3,73
2014-03-17,1372.9,147056.0,1383.1,1392.6,1361.9,1379.0,1351.8,1259.9,1360.1714285714286,17.251059318751658,-0.4423495286439372,1.0225420368602687,0,3,76
2014-03-18,1359.0,152400.0,1356.6,1367.9,1351.1,1372.9,1338.2,1251.2,1363.142857142857,14.389910486502739,-1.0124553864083397,1.0124343127821775,1,3,77
2014-03-19,1341.3,186381.0,1331.2,1360.2,1327.8,1359.0,1341.5,1256.9,1363.1142857142856,14.44015565145103,-1.3024282560706424,1.0244012652507908,2,3,78
2014-03-20,1330.5,159982.0,1331.7,1335.3,1320.8,1341.3,1346.7,1257.2,1360.7999999999997,18.293350340129248,-0.8051889957503833,1.0109781950333132,3,3,79
2014-03-21,1336.0,50231.0,1330.2,1343.2,1329.0,1330.5,1370.5,1262.9,1355.8714285714286,19.827566188325445,0.4133784291619591,1.0106847253574116,4,3,80
2014-03-24,1311.1,43646.0,1310.3,1335.6,1308.4,1336.0,1372.4,1274.7,1347.1142857142856,24.335394563710775,-1.8637724550898294,1.0207887496178538,0,3,83
2014-03-25,1311.4,42956.0,1309.2,1317.7,1305.9,1311.1,1379.0,1289.8,1337.457142857143,22.94652167852287,0.022881549843667415,1.009035913929091,1,3,84
2014-03-26,1303.4,49136.0,1312.0,1317.0,1299.4,1311.4,1372.9,1295.0,1327.5285714285715,19.88682262921313,-0.6100350770169238,1.013544712944436,2,3,85
2014-03-27,1294.8,127230.0,1305.2,1307.5,1289.7,1303.4,1359.0,1300.1,1318.357142857143,17.629601729560804,-0.6598127972993861,1.0138016593006125,3,3,86
2014-03-28,1294.3,161938.0,1292.3,1299.4,1286.1,1294.8,1341.3,1318.6,1311.642857142857,16.33818198197929,-0.03861600247142549,1.0103413420418321,4,3,87
2014-03-31,1283.8,126180.0,1295.0,1299.3,1282.7,1294.3,1330.5,1318.6,1304.9714285714285,16.880433869398512,-0.8112493239588958,1.0129414516254773,0,3,90
2014-04-01,1280.0,102814.0,1284.6,1288.4,1277.4,1283.8,1336.0,1324.4,1296.9714285714285,12.399558363875046,-0.2959962610998512,1.0086112415844684,1,4,91
2014-04-02,1290.8,117467.0,1279.6,1294.9,1278.9,1280.0,1311.1,1320.4,1294.0714285714287,10.817380195121828,0.8437499999999876,1.0125107514270075,2,4,92
2014-04-03,1284.6,95566.0,1290.4,1294.2,1281.9,1290.8,1311.4,1316.9,1290.2428571428572,8.051057310044893,-0.48032228075612915,1.0095951322256025,3,4,93
2014-04-04,1303.5,127900.0,1286.6,1307.5,1284.4,1284.6,1303.4,1323.6,1290.2571428571428,8.078336698208783,1.4712751050910855,1.017985051385861,4,4,94
2014-04-07,1298.3,72983.0,1304.0,1304.8,1295.8,1303.5,1294.8,1338.0,1290.7571428571428,8.503500679698117,-0.39892596854622653,1.0069455162833771,0,4,97
2014-04-08,1309.1,111942.0,1296.8,1314.7,1296.8,1298.3,1294.3,1342.7,1292.8714285714286,11.003592486962992,0.8318570438265338,1.0138032078963604,1,4,98
2014-04-09,1305.9,120700.0,1308.5,1315.5,1301.1,1309.1,1283.8,1328.0,1296.0285714285712,11.136683271325138,-0.24444274692535517,1.0110675582199677,2,4,99
2014-04-10,1320.5,118683.0,1311.9,1324.9,1311.0,1305.9,1280.0,1331.8,1301.8142857142855,11.914756756708226,1.1180029098705857,1.0106025934401222,3,4,100
2014-04-11,1319.0,84126.0,1318.1,1324.2,1314.0,1320.5,1290.8,1321.6,1305.8428571428572,12.33016046703977,-0.11359333585763132,1.0077625570776256,4,4,101
2014-04-14,1327.5,94712.0,1321.0,1331.4,1318.7,1319.0,1284.6,1350.3,1311.9714285714285,10.54398948623353,0.6444275966641433,1.0096306968984607,0,4,104
2014-04-15,1300.3,176565.0,1290.5,1328.4,1284.4,1327.5,1303.5,1337.9,1311.5142857142857,11.030628354942042,-2.048964218455751,1.0342572407349735,1,4,105
2014-04-16,1303.5,110052.0,1303.2,1307.1,1293.5,1300.3,1298.3,1340.3,1312.2571428571428,10.13078758749515,0.24609705452587338,1.0105141090065712,2,4,106
2014-04-17,1293.9,91061.0,1302.1,1304.4,1292.8,1303.5,1309.1,1351.8,1310.0857142857144,12.314006736430294,-0.7364787111622473,1.008972772277228,3,4,107
2014-04-18,1293.9,91061.0,1293.9,1293.9,1293.9,1293.9,1305.9,1338.2,1308.3714285714286,13.745873839779595,0.0,1.0,4,4,108
2014-04-21,1288.5,97714.0,1294.9,1302.5,1281.8,1293.9,1320.5,1341.5,1303.8,14.347938295567984,-0.41734291676328583,1.0161491652363863,0,4,111
2014-04-22,1281.1,111970.0,1290.3,1293.1,1275.8,1288.5,1319.0,1346.7,1298.3857142857144,14.799935649799068,-0.5743112145906171,1.0135601191409311,1,4,112
2014-04-23,1284.6,94896.0,1284.0,1289.1,1280.8,1281.1,1327.5,1370.5,1292.2571428571428,8.100587868150496,0.27320271641557703,1.0064803247970018,2,4,113
2014-04-24,1290.6,181613.0,1283.9,1299.0,1268.4,1284.6,1300.3,1372.4,1290.8714285714286,7.2839353570593,0.4670714619336769,1.0241248817407758,3,4,114
2014-04-25,1300.8,103095.0,1293.8,1305.2,1290.4,1290.6,1303.5,1379.0,1290.4857142857143,6.536928068407443,0.7903300790330192,1.0114693118412894,4,4,115
2014-04-28,1299.0,95970.0,1303.2,1306.6,1292.1,1300.8,1293.9,1372.9,1291.2142857142858,7.228514963084217,-0.13837638376383854,1.011222041637644,0,4,118
2014-04-29,1296.3,98134.0,1296.0,1302.0,1286.1,1299.0,1293.9,1359.0,1291.5571428571427,7.431208323211027,-0.20785219399538368,1.012362957779333,1,4,119
2014-04-30,1295.9,135540.0,1295.6,1298.4,1284.9,1296.3,1288.5,1341.3,1292.6142857142856,7.450151804149052,-0.030857054694122255,1.0105066542143357,2,4,120
2014-05-01,1283.4,110658.0,1291.9,1293.0,1277.3,1295.9,1281.1,1330.5,1292.9428571428573,6.887151598662526,-0.9645806003549695,1.0122915524935412,3,5,121
2014-05-02,1302.9,165807.0,1284.7,1304.9,1272.0,1283.4,1284.6,1336.0,1295.5571428571427,6.662046017775546,1.5194015895278135,1.025864779874214,4,5,122
2014-05-05,1309.3,111036.0,1300.9,1315.8,1299.7,1302.9,1290.6,1311.1,1298.2285714285715,7.964863314530175,0.4912119118888558,1.012387474032469,0,5,125
2014-05-06,1308.6,100069.0,1309.7,1314.3,1304.4,1309.3,1300.8,1311.4,1299.3428571428572,8.877848302167063,-0.05346368288399184,1.0075896964121434,1,5,126
2014-05-07,1288.9,167867.0,1307.9,1315.0,1286.6,1308.6,1299.0,1303.4,1297.8999999999999,9.723339618332487,-1.5054256457282422,1.0220736825742267,2,5,127
2014-05-08,1287.7,113708.0,1289.8,1295.5,1284.8,1288.9,1296.3,1294.8,1296.6714285714286,10.473572183635133,-0.09310264566685378,1.0083281444582815,3,5,128
2014-05-09,1287.6,103679.0,1289.6,1294.5,1285.5,1287.7,1295.9,1294.3,1295.4857142857143,11.030477259463014,-0.007765783955904215,1.0070011668611436,4,5,129
2014-05-12,1295.8,126248.0,1289.8,1304.5,1277.7,1287.6,1283.4,1283.8,1297.257142857143,9.678990502266174,0.6368437402920257,1.0209751897941612,0,5,132
2014-05-13,1294.8,117087.0,1296.0,1299.0,1289.1,1295.8,1302.9,1280.0,1296.1000000000001,9.371232576353117,-0.07717240314862872,1.0076797765883174,1,5,133
2014-05-14,1305.9,113527.0,1293.9,1309.2,1291.6,1294.8,1309.3,1290.8,1295.6142857142856,8.63200026480138,0.8572752548656304,1.0136265097553423,2,5,134
2014-05-15,1293.6,142454.0,1305.5,1307.3,1290.9,1305.9,1308.6,1284.6,1293.4714285714285,6.459544433303188,-0.9418791637951007,1.0127043148191184,3,5,135
2014-05-16,1293.4,103938.0,1296.4,1298.3,1287.7,1293.6,1288.9,1303.5,1294.1142857142856,6.145032837303012,-0.015460729746430424,1.0082317309932436,4,5,136
2014-05-19,1293.8,104869.0,1293.0,1305.7,1289.5,1293.4,1287.7,1298.3,1294.9857142857143,5.480397969569867,0.030926240915407632,1.0125630089181854,0,5,139
2014-05-20,1294.6,123097.0,1293.0,1297.2,1286.0,1293.8,1287.6,1309.1,1295.9857142857143,4.449879613150449,0.061833359097218654,1.0087091757387248,1,5,140
2014-05-21,1288.1,123195.0,1294.4,1296.3,1282.9,1294.6,1295.8,1305.9,1294.8857142857144,5.361725024485959,-0.5020855862814755,1.0104450853534959,2,5,141
2014-05-22,1295.2,18760.0,1292.1,1304.1,1290.5,1288.1,1294.8,1320.5,1294.9428571428573,5.362790673672385,0.5511994410371868,1.0105385509492444,3,5,142
2014-05-23,1291.9,77183.0,1294.4,1295.9,1286.7,1295.2,1305.9,1319.0,1292.9428571428573,2.371959206287994,-0.2547869054972174,1.0071500738322843,4,5,143
2014-05-26,1291.9,77183.0,1291.9,1291.9,1291.9,1291.9,1293.6,1327.5,1292.7,2.380476142869451,0.0,1.0,0,5,146
2014-05-27,1265.7,88048.0,1293.5,1294.7,1263.4,1291.9,1293.4,1300.3,1288.7428571428572,10.43149991498323,-2.0280207446396803,1.0247744182365046,1,5,147
2014-05-28,1259.7,124675.0,1264.0,1267.5,1256.1,1265.7,1293.8,1303.5,1283.8714285714286,14.746153655077405,-0.4740459824603027,1.009075710532601,2,5,148
2014-05-29,1257.1,133780.0,1259.2,1261.5,1251.4,1259.7,1294.6,1293.9,1278.5142857142857,16.859263385595145,-0.20639834881321928,1.0080709605242129,3,5,149
2014-05-30,1246.0,127954.0,1255.9,1260.6,1242.2,1257.1,1288.1,1293.9,1272.5,20.07278422807296,-0.8829846472038771,1.0148124295604573,4,5,150
2014-06-02,1244.0,87845.0,1250.5,1251.0,1241.1,1246.0,1295.2,1288.5,1265.185714285714,19.748285037057517,-0.16051364365970988,1.0079767947788254,0,6,153
2014-06-03,1244.5,85769.0,1244.1,1247.9,1240.2,1244.0,1291.9,1281.1,1258.4142857142856,16.996316127469196,0.040192926045024,1.0062086760199969,1,6,154
2014-06-04,1244.3,72171.0,1244.9,1249.5,1242.8,1244.5,1291.9,1284.6,1251.6142857142859,9.013772530866516,-0.016070711128968185,1.0053910524621823,2,6,155
2014-06-05,1253.3,119944.0,1244.3,1257.9,1241.2,1244.3,1265.7,1290.6,1249.8428571428572,6.707671514241437,0.7232982399742793,1.013454721237512,3,6,156
2014-06-06,1252.5,109929.0,1253.7,1258.2,1245.7,1253.3,1259.7,1300.8,1248.814285714286,5.361103297973084,-0.06383148487991708,1.010034518744481,4,6,157
2014-06-09,1253.9,51490.0,1253.0,1257.3,1251.6,1252.5,1257.1,1299.0,1248.357142857143,4.622357675072367,0.1117764471058047,1.0045541706615533,0,6,160
2014-06-10,1260.1,100191.0,1252.7,1263.8,1250.1,1253.9,1246.0,1296.3,1250.3714285714284,6.220052059199837,0.49445729324506527,1.0109591232701385,1,6,161
2014-06-11,1261.2,73562.0,1260.3,1265.5,1257.9,1260.1,1244.0,1295.9,1252.8285714285714,6.6650116993511865,0.08729465915404688,1.0060418157246203,2,6,162
2014-06-12,1274.0,114014.0,1261.1,1275.1,1260.0,1261.2,1244.5,1283.4,1257.042857142857,9.319130349785613,1.0149064383127238,1.011984126984127,3,6,163
2014-06-13,1274.1,81163.0,1273.4,1278.1,1270.9,1274.0,1244.3,1302.9,1261.3,9.334345183252104,0.007849293563566562,1.0056652765756549,4,6,164
2014-06-16,1275.3,94811.0,1276.8,1285.1,1270.5,1274.1,1253.3,1309.3,1264.4428571428573,9.879584529538162,0.09418412997410641,1.011491538764266,0,6,167
2014-06-17,1272.0,108934.0,1271.8,1273.5,1258.0,1275.3,1252.5,1308.6,1267.2285714285715,8.619689531482218,-0.25876264408374317,1.0123211446740858,1,6,168
2014-06-18,1272.7,85688.0,1272.1,1279.2,1266.5,1272.0,1253.9,1288.9,1269.9142857142856,6.423765399269749,0.05503144654088743,1.01002763521516,2,6,169
2014-06-19,1314.1,224721.0,1278.2,1322.0,1276.2,1272.7,1260.1,1287.7,1277.6285714285714,16.768394306525863,3.252926848432458,1.03588779188215,3,6,170
2014-06-20,1316.6,152257.0,1320.3,1322.5,1307.1,1314.1,1261.2,1287.6,1285.542857142857,20.402194093028122,0.1902442736473553,1.0117818070537832,4,6,171
2014-06-23,1318.4,99633.0,1314.9,1319.2,1310.4,1316.6,1274.0,1295.8,1291.8857142857144,22.957310278823005,0.13671578307763443,1.0067155067155067,0,6,174
2014-06-24,1321.3,113091.0,1318.1,1326.6,1314.5,1318.4,1274.1,1294.8,1298.6285714285714,23.7796631799617,0.21996359223299677,1.0092050209205021,1,6,175
2014-06-25,1322.6,128616.0,1318.9,1325.6,1305.4,1321.3,1275.3,1305.9,1305.3857142857144,22.743601926068436,0.0983879512601149,1.0154741841581123,2,6,176
2014-06-26,1317.0,124778.0,1318.7,1320.6,1306.8,1322.6,1272.0,1293.6,1311.814285714286,17.486321184613274,-0.4234084379252878,1.0105601469237833,3,6,177
2014-06-27,1320.0,95604.0,1317.1,1323.1,1313.2,1317.0,1272.7,1293.4,1318.5714285714287,2.9465880187764997,0.2277904328018332,1.0075388364300943,4,6,178
2014-06-30,1322.0,117728.0,1316.8,1330.4,1311.0,1320.0,1314.1,1293.8,1319.7,2.4131583730347024,0.15151515151514694,1.014797864225782,0,6,181
2014-07-01,1326.6,113226.0,1327.5,1334.9,1324.0,1322.0,1316.6,1294.6,1321.1285714285714,3.1266138689843794,0.347957639939489,1.0082326283987917,1,7,182
2014-07-02,1330.9,108835.0,1327.1,1333.2,1322.1,1326.6,1318.4,1288.1,1322.9142857142856,4.5528117947157485,0.3241368913010856,1.008395734059451,2,7,183
2014-07-03,1320.6,980.0,1321.1,1321.5,1319.8,1330.9,1321.3,1295.2,1322.814285714286,4.601604275116433,-0.7739123901119638,1.0012880739505987,3,7,184
2014-07-04,1320.6,980.0,1320.6,1320.6,1320.6,1320.6,1322.6,1291.9,1322.5285714285712,4.6785732460929115,0.0,1.0,4,7,185
2014-07-07,1317.0,79110.0,1321.4,1321.7,1312.1,1320.6,1317.0,1291.9,1322.5285714285712,4.6785732460929115,-0.27260336210812586,1.0073165155094888,0,7,188
2014-07-08,1316.5,126706.0,1320.8,1325.7,1314.3,1317.0,1320.0,1265.7,1322.0285714285712,5.1564568861823865,-0.037965072133638866,1.0086738187628397,1,7,189
2014-07-09,1324.3,155101.0,1320.4,1333.4,1318.7,1316.5,1322.0,1259.7,1322.357142857143,5.227127044836997,0.5924800607671754,1.0111473420793207,2,7,190
2014-07-10,1339.2,167391.0,1325.0,1346.8,1325.0,1324.3,1326.6,1257.1,1324.1571428571428,8.235463383614862,1.125122706335424,1.0164528301886793,3,7,191
2014-07-11,1337.4,88470.0,1336.5,1340.4,1334.6,1339.2,1330.9,1246.0,1325.0857142857144,9.405747989293394,-0.13440860215053752,1.0043458714221492,4,7,192
2014-07-14,1306.7,199973.0,1339.5,1340.9,1302.2,1337.4,1320.6,1244.0,1323.1000000000001,11.698432943490353,-2.2954987288769324,1.0297189371832285,0,7,195
2014-07-15,1297.1,169612.0,1309.1,1314.4,1292.6,1306.7,1320.6,1244.5,1319.742857142857,15.34045383323263,-0.7346751358383807,1.016865232863995,1,7,196
2014-07-16,1299.8,109418.0,1295.2,1304.2,1293.5,1297.1,1317.0,1244.3,1317.2857142857142,17.126531909237215,0.20815665715827603,1.00827212988017,2,7,197
2014-07-17,1316.9,170360.0,1300.3,1325.9,1298.1,1299.8,1316.5,1253.3,1317.3428571428572,17.12414057628048,1.3155870133866765,1.0214159155689087,3,7,198
2014-07-18,1309.4,116687.0,1319.1,1325.5,1305.0,1316.9,1324.3,1252.5,1315.2142857142858,17.041070836016328,-0.5695193256891162,1.0157088122605364,4,7,199
2014-07-21,1315.5,17260.0,1312.2,1320.4,1309.7,1309.4,1339.2,1253.9,1311.8285714285714,13.459286049134295,0.46586222697417856,1.0081698098801253,0,7,202
2014-07-22,1308.0,14296.0,1314.8,1318.0,1304.2,1315.5,1337.4,1260.1,1307.6285714285714,7.350672142901712,-0.5701254275940704,1.0105811992025762,1,7,203
2014-07-23,1306.5,18529.0,1309.2,1313.3,1305.3,1308.0,1306.7,1261.2,1307.6000000000001,7.355270219376742,-0.11467889908256534,1.006128859266069,2,7,204
2014-07-24,1292.7,31853.0,1306.7,1307.0,1289.4,1306.5,1297.1,1274.0,1306.9714285714285,8.500924319494075,-1.056257175660158,1.0136497595780982,3,7,205
2014-07-25,1305.3,40213.0,1296.0,1311.0,1293.0,1292.7,1299.8,1274.1,1307.757142857143,7.964893207669093,0.9747041076815899,1.013921113689095,4,7,206
2014-07-28,1305.8,56826.0,1309.2,1311.4,1303.3,1305.3,1316.9,1275.3,1306.1714285714286,6.871126614495895,0.0383053704129388,1.006214992710811,0,7,209
2014-07-29,1300.5,134585.0,1306.7,1314.6,1298.0,1305.8,1309.4,1272.0,1304.9,6.996427659888673,-0.4058814519834586,1.012788906009245,1,7,210
2014-07-30,1296.9,123138.0,1300.5,1305.2,1293.2,1300.5,1315.5,1272.7,1302.2428571428572,5.714267857120173,-0.27681660899653293,1.0092793071450665,2,7,211
2014-07-31,1282.8,126684.0,1297.0,1298.8,1281.3,1296.9,1308.0,1314.1,1298.642857142857,8.6609963135267,-1.0872079574369753,1.0136580035901037,3,7,212
2014-08-01,1294.8,130480.0,1284.2,1298.4,1281.0,1282.8,1306.5,1316.6,1296.9714285714288,7.995355794821324,0.9354536950420878,1.0135831381733023,4,8,213
2014-08-04,1288.9,62664.0,1295.4,1296.4,1287.0,1294.8,1292.7,1318.4,1296.4285714285713,8.449795714638123,-0.45566882916279194,1.0073038073038074,0,8,216
2014-08-05,1285.3,95648.0,1289.2,1295.0,1283.3,1288.9,1305.3,1321.3,1293.5714285714287,8.330609078520073,-0.27930793700055023,1.009117119925193,1,8,217
2014-08-06,1308.2,147308.0,1288.9,1311.0,1288.5,1285.3,1305.8,1322.6,1293.9142857142856,8.94453810461084,1.781685209678674,1.0174621653084983,2,8,218
2014-08-07,1312.5,117073.0,1306.6,1316.4,1303.0,1308.2,1300.5,1317.0,1295.6285714285714,11.265835415943133,0.3286959180553328,1.0102839600920952,3,8,219
2014-08-08,1311.0,143432.0,1314.5,1324.3,1305.7,1312.5,1296.9,1320.0,1297.642857142857,12.700243717199225,-0.11428571428571122,1.014245232442368,4,8,220
2014-08-11,1310.5,60601.0,1310.4,1312.9,1306.4,1311.0,1282.8,1322.0,1301.6000000000001,11.569788243527258,-0.038138825324185444,1.004975505205144,0,8,223
2014-08-12,1310.6,95741.0,1309.2,1319.3,1306.8,1310.5,1294.8,1326.6,1303.857142857143,11.563283435494524,0.007630675314751478,1.0095653504744413,1,8,224
2014-08-13,1314.5,95280.0,1309.6,1316.4,1306.0,1310.6,1288.9,1330.9,1307.5142857142857,9.984893351365839,0.29757363039830675,1.0079632465543646,2,8,225
2014-08-14,1315.7,99903.0,1313.4,1321.8,1310.0,1314.5,1285.3,1320.6,1311.857142857143,2.572195652791633,0.09128946367440438,1.0090076335877862,3,8,226
2014-08-15,1306.2,182579.0,1313.4,1316.5,1293.0,1315.7,1308.2,1320.6,1311.5714285714287,3.1025335269363468,-0.7220490993387507,1.0181747873163187,4,8,227
2014-08-18,1299.3,72640.0,1304.2,1304.9,1296.5,1306.2,1312.5,1317.0,1309.685714285714,5.5164688498603605,-0.528249885163079,1.006478981874277,0,8,230
2014-08-19,1296.7,74127.0,1298.6,1303.7,1294.7,1299.3,1311.0,1316.5,1307.642857142857,7.306129194695077,-0.20010775032709427,1.0069514173167529,1,8,231
2014-08-20,1295.2,79933.0,1297.2,1299.3,1288.7,1296.7,1310.5,1324.3,1305.457142857143,8.499971988752474,-0.11567826019897032,1.0082253433692867,2,8,232
2014-08-21,1275.4,131952.0,1279.5,1292.0,1273.4,1295.2,1310.6,1339.2,1300.4285714285713,13.744540041501377,-1.5287214329833154,1.0146065651013034,3,8,233
2014-08-22,1280.2,86655.0,1278.2,1283.9,1274.6,1275.4,1314.5,1337.4,1295.5285714285715,14.003536968177086,0.37635251685745885,1.0072964067158325,4,8,234
2014-08-25,1278.9,50763.0,1280.8,1281.6,1275.0,1280.2,1315.7,1306.7,1290.2714285714285,11.921648975111166,-0.10154663333853398,1.0051764705882351,0,8,237
2014-08-26,1285.2,98932.0,1277.4,1291.9,1275.7,1278.9,1306.2,1297.1,1287.2714285714285,9.676038150284944,0.49261083743841194,1.0126989104021322,1,8,238
2014-08-27,1283.4,63763.0,1281.6,1288.2,1280.9,1285.2,1299.3,1299.8,1285.0,8.123422923869988,-0.1400560224089631,1.0056991178077914,2,8,239
2014-08-28,1290.4,105911.0,1283.7,1297.6,1283.0,1283.4,1296.7,1316.9,1284.1000000000001,6.862215385723254,0.5454262116253661,1.0113795791114575,3,8,240
2014-08-29,1287.4,71025.0,1290.4,1292.5,1284.1,1290.4,1295.2,1309.4,1282.9857142857145,5.188586375062658,-0.23248605083695528,1.0065415466085197,4,8,241
2014-09-01,1287.4,71025.0,1287.4,1287.4,1287.4,1287.4,1275.4,1315.5,1284.7000000000003,4.141255848176587,0.0,1.0,0,9,244
2014-09-02,1265.0,175680.0,1288.4,1290.9,1263.1,1287.4,1280.2,1308.0,1282.5285714285715,8.54141172674473,-1.7399409662886556,1.0220093420948462,1,9,245
2014-09-03,1270.3,99369.0,1266.7,1272.4,1261.9,1265.0,1278.9,1306.5,1281.3,9.691405126883943,0.418972332015799,1.008320786116174,2,9,246
2014-09-04,1266.5,141572.0,1269.8,1279.2,1261.3,1270.3,1285.2,1292.7,1278.6285714285714,10.934763263057294,-0.2991419349759883,1.0141917069690003,3,9,247
2014-09-05,1267.3,99917.0,1261.7,1274.8,1258.0,1266.5,1283.4,1305.3,1276.3285714285714,11.445190297781929,0.06316620607973444,1.01335453100159,4,9,248
2014-09-08,1254.3,107957.0,1269.5,1272.6,1252.1,1267.3,1290.4,1305.8,1271.1714285714286,12.158908159004685,-1.02580288802967,1.0163724942097276,0,9,251
2014-09-09,1248.5,121217.0,1257.1,1258.9,1248.1,1254.3,1287.4,1300.5,1265.6142857142856,12.392797447368121,-0.4624093119668271,1.0086531527922444,1,9,252
2014-09-10,1245.3,132235.0,1256.2,1258.5,1244.5,1248.5,1287.4,1296.9,1259.6000000000001,10.052694497831611,-0.2563075690829031,1.0112494977902773,2,9,253
2014-09-11,1239.0,149214.0,1249.8,1251.0,1235.3,1245.3,1265.0,1282.8,1255.8857142857144,12.281209029984167,-0.5059021922428242,1.01270946328827,3,9,254
2014-09-12,1231.5,132948.0,1240.9,1242.3,1228.1,1239.0,1270.3,1294.8,1250.3428571428572,13.396499187334847,-0.6053268765133124,1.0115625763374319,4,9,255
2014-09-15,1235.1,90966.0,1228.3,1239.2,1226.3,1231.5,1266.5,1288.9,1245.857142857143,12.296592636835062,0.2923264311814888,1.0105194487482672,0,9,258
2014-09-16,1236.7,118971.0,1233.2,1243.2,1232.2,1235.1,1267.3,1285.3,1241.4857142857143,8.139702814282677,0.12954416646426825,1.0089271222204188,1,9,259
2014-09-17,1235.9,125796.0,1235.3,1240.5,1222.0,1236.7,1254.3,1308.2,1238.857142857143,6.002182142877117,-0.06468828333467957,1.015139116202946,2,9,260
2014-09-18,1226.9,139959.0,1223.1,1228.7,1216.3,1235.9,1248.5,1312.5,1235.7714285714285,5.766198714849563,-0.7282142568168948,1.0101948532434433,3,9,261
2014-09-19,1216.6,169456.0,1225.6,1229.2,1214.2,1226.9,1245.3,1311.0,1231.6714285714286,7.730613232627206,-0.839514222838067,1.0123538132103442,4,9,262
2014-09-22,1217.9,129276.0,1216.4,1221.0,1208.8,1216.6,1239.0,1310.5,1228.6571428571428,8.474640040120669,0.10685517014632495,1.0100926538716082,0,9,265
2014-09-23,1222.0,147771.0,1214.9,1237.0,1214.7,1217.9,1231.5,1310.6,1227.3,8.70114934937299,0.3366450447491509,1.0183584424137646,1,9,266
2014-09-24,1219.5,126788.0,1223.2,1226.7,1216.2,1222.0,1235.1,1314.5,1225.0714285714287,8.361561713329069,-0.20458265139116083,1.0086334484459794,2,9,267
2014-09-25,1221.9,174079.0,1217.3,1225.3,1206.6,1219.5,1236.7,1315.7,1222.957142857143,6.621142183160045,0.19680196801967753,1.015498093817338,3,9,268
2014-09-26,1215.4,140910.0,1222.1,1232.7,1212.8,1221.9,1235.9,1306.2,1220.0285714285715,3.928406922975314,-0.5319584254030563,1.0164083113456466,4,9,269
2014-09-29,1218.8,100175.0,1219.1,1223.9,1215.3,1215.4,1226.9,1299.3,1218.8714285714286,2.5004761451533373,0.27974329438866796,1.0070764420307745,0,9,272
2014-09-30,1211.6,174232.0,1215.7,1220.7,1204.3,1218.8,1216.6,1296.7,1218.1571428571428,3.6891088096754014,-0.5907449950771304,1.013617869301669,1,9,273
2014-10-01,1215.5,139735.0,1209.4,1220.0,1205.0,1211.6,1217.9,1295.2,1217.814285714286,3.8259763771090425,0.32188841201716833,1.012448132780083,2,10,274
2014-10-02,1215.1,142807.0,1213.4,1224.0,1209.1,1215.5,1222.0,1275.4,1216.8285714285714,3.4369144523079522,-0.03290826820239179,1.0123232156149202,3,10,275
2014-10-03,1192.9,179606.0,1213.9,1215.7,1190.3,1215.1,1219.5,1280.2,1213.0285714285715,9.444877674476269,-1.8270101226236402,1.021339158195413,4,10,276
2014-10-06,1207.3,139665.0,1192.0,1209.9,1183.3,1192.9,1221.9,1278.9,1210.9428571428573,8.745447795451383,1.2071422583619595,1.022479506464971,0,10,279
2014-10-07,1212.4,135364.0,1207.8,1214.1,1203.0,1207.3,1215.4,1285.2,1210.5142857142857,8.562209327710773,0.4224302161848881,1.0092269326683292,1,10,280
2014-10-08,1206.0,181661.0,1209.8,1224.5,1205.1,1212.4,1218.8,1283.4,1208.685714285714,7.833566359256414,-0.5278785879247794,1.016098249107958,2,10,281
2014-10-09,1225.3,157170.0,1221.1,1234.0,1219.3,1206.0,1211.6,1290.4,1210.642857142857,10.07403546133819,1.600331674958544,1.0120560977610105,3,10,282
2014-10-10,1221.7,112422.0,1224.0,1225.7,1217.6,1225.3,1215.5,1287.4,1211.5285714285712,10.817380195122189,-0.29380559862890454,1.0066524310118266,4,10,283
2014-10-13,1230.0,117007.0,1224.8,1238.0,1223.6,1221.7,1215.1,1287.4,1213.6571428571428,12.902306918130067,0.6793811901448787,1.0117685518143185,0,10,286
2014-10-14,1234.3,107239.0,1237.3,1238.6,1231.1,1230.0,1192.9,1265.0,1219.5714285714287,11.17463113272526,0.34959349593495226,1.0060921127446998,1,10,287
2014-10-15,1244.8,250999.0,1233.3,1250.3,1222.0,1234.3,1207.3,1270.3,1224.9285714285713,13.129066263541425,0.8506845985578826,1.0231587561374795,2,10,288
2014-10-16,1241.2,175162.0,1242.2,1245.6,1235.2,1244.8,1212.4,1266.5,1229.042857142857,13.060992451172984,-0.2892030848329008,1.0084196891191708,3,10,289
2014-10-17,1239.0,111015.0,1239.5,1242.1,1232.0,1241.2,1206.0,1267.3,1233.7571428571428,8.525815140477189,-0.17724782468578892,1.0081980519480518,4,10,290
2014-10-20,1244.7,89814.0,1239.1,1249.3,1234.9,1239.0,1225.3,1254.3,1236.5285714285715,8.471464707226037,0.4600484261501281,1.0116608632277917,0,10,293
2014-10-21,1251.7,143007.0,1246.8,1255.6,1245.7,1244.7,1221.7,1248.5,1240.814285714286,7.214667599514422,0.5623845103237768,1.0079473388456288,1,10,294
2014-10-22,1245.5,104839.0,1248.9,1250.2,1240.7,1251.7,1230.0,1245.3,1243.0285714285715,5.522594283405005,-0.49532635615563425,1.007656967840735,2,10,295
2014-10-23,1229.1,133022.0,1241.7,1244.9,1226.3,1245.5,1234.3,1239.0,1242.2857142857142,7.035014468462797,-1.3167402649538418,1.0151675772649433,3,10,296
2014-10-24,1231.8,87609.0,1233.5,1234.7,1228.7,1229.1,1244.8,1231.5,1240.4285714285713,7.920798420557407,0.2196729314132284,1.0048832098966387,4,10,297
2014-10-27,1229.3,76013.0,1230.6,1232.1,1225.2,1231.8,1241.2,1235.1,1238.7285714285713,8.939186071399828,-0.20295502516641806,1.005631733594515,0,10,300
2014-10-28,1229.4,117653.0,1225.8,1235.5,1222.2,1229.3,1239.0,1236.7,1237.357142857143,9.602405452606884,0.008134710811047441,1.0108820160366552,1,10,301
2014-10-29,1224.9,125790.0,1227.8,1230.4,1208.2,1229.4,1244.7,1235.9,1234.5285714285715,9.987444498925495,-0.36603221083455484,1.0183744413176627,2,10,302
2014-10-30,1198.6,199565.0,1211.2,1216.5,1195.5,1224.9,1251.7,1226.9,1226.9428571428573,14.093125646082875,-2.147114050126553,1.0175658720200753,3,10,303
2014-10-31,1171.6,284628.0,1174.2,1202.4,1160.5,1198.6,1245.5,1216.6,1216.3857142857144,22.83998165290151,-2.252628066077089,1.0361051271003878,4,10,304
2014-11-03,1169.8,123328.0,1171.1,1173.4,1161.0,1171.6,1229.1,1217.9,1207.9142857142856,27.797507596393686,-0.15363605326049745,1.0106804478897502,0,11,307
2014-11-04,1167.7,128618.0,1164.6,1175.0,1163.4,1169.8,1231.8,1222.0,1198.7571428571428,29.143029878108905,-0.1795178663019259,1.0099707753137355,1,11,308
2014-11-05,1145.7,248355.0,1168.4,1169.3,1137.1,1167.7,1229.3,1219.5,1186.814285714286,31.569153117744793,-1.884045559647174,1.0283176501626947,2,11,309
2014-11-06,1142.6,156991.0,1140.8,1149.0,1137.2,1145.7,1229.4,1221.9,1174.4142857142856,28.996288760891158,-0.2705769398620994,1.0103763629968343,3,11,310
2014-11-07,1169.8,287074.0,1141.2,1179.0,1130.4,1142.6,1224.9,1215.4,1166.542857142857,18.634542937148524,2.380535620514612,1.0429936305732483,4,11,311
2014-11-10,1159.8,191823.0,1176.8,1177.5,1146.7,1169.8,1198.6,1218.8,1160.9999999999998,12.153326019390388,-0.8548469823901561,1.0268596843115025,0,11,314
2014-11-11,1163.0,177153.0,1151.5,1172.5,1145.5,1159.8,1171.6,1211.6,1159.7714285714285,11.308509227685258,0.2759096395930305,1.0235704932343954,1,11,315
2014-11-12,1159.1,176818.0,1163.0,1169.4,1156.5,1163.0,1169.8,1215.5,1158.242857142857,10.414870321314144,-0.3353396388650176,1.0111543450064853,2,11,316
2014-11-13,1161.5,182262.0,1161.1,1167.4,1153.0,1159.1,1167.7,1215.1,1157.357142857143,9.716799394680294,0.2070571995513859,1.012489158716392,3,11,317
2014-11-14,1185.6,283691.0,1161.8,1192.9,1146.0,1161.5,1145.7,1192.9,1163.0571428571427,12.91534709082351,2.074903142488149,1.0409249563699827,4,11,318
2014-11-17,1183.5,190706.0,1185.5,1193.6,1180.8,1185.6,1142.6,1207.3,1168.8999999999999,11.26410227227344,-0.1771255060728616,1.010840108401084,0,11,321
2014-11-18,1197.1,162294.0,1185.6,1204.1,1182.7,1183.5,1169.8,1212.4,1172.8,15.541557193544815,1.149133924799317,1.0180941912572925,1,11,322
2014-11-19,1193.9,259726.0,1196.5,1201.7,1173.9,1197.1,1159.8,1206.0,1177.6714285714286,16.121074642196138,-0.26731267229135325,1.023681744611977,2,11,323
2014-11-20,1190.9,179855.0,1183.1,1196.6,1176.2,1193.9,1163.0,1225.3,1181.6571428571428,15.318165375670555,-0.2512773264092494,1.017343989117497,3,11,324
2014-11-21,1197.7,192712.0,1194.0,1207.6,1186.1,1190.9,1159.1,1221.7,1187.1714285714286,12.540429855175148,0.5709967251658288,1.0181266335047636,4,11,325
2014-11-24,1196.6,69118.0,1200.7,1204.5,1192.8,1197.7,1161.5,1230.0,1192.185714285714,5.736557786536152,-0.09184269850548432,1.0098088531187124,0,11,328
2014-11-25,1197.8,119619.0,1198.2,1203.0,1190.0,1196.6,1185.6,1234.3,1193.9285714285713,5.233454654357488,0.10028413839211492,1.0109243697478991,1,11,329
2014-11-26,1197.5,390.0,1201.6,1198.0,1195.9,1197.8,1183.5,1244.8,1195.9285714285713,2.592755474884692,-0.025045917515442717,1.0017559996655239,2,11,330
2014-11-27,1197.5,390.0,1197.5,1197.5,1197.5,1197.5,1197.1,1241.2,1195.9857142857143,2.6270570171947374,0.0,1.0,3,11,331
2014-11-28,1175.5,240723.0,1189.8,1199.3,1163.9,1197.5,1193.9,1239.0,1193.357142857143,8.249819622858013,-1.8371607515657584,1.0304149841051635,4,11,332
2014-12-01,1218.1,327764.0,1159.4,1221.0,1141.7,1175.5,1190.9,1244.7,1197.242857142857,12.307430972506687,3.623989791578053,1.0694578260488745,0,12,335
2014-12-02,1199.4,156062.0,1212.6,1212.6,1191.4,1218.1,1197.7,1251.7,1197.4857142857143,12.334697479262356,-1.5351777358180607,1.017794191707235,1,12,336
2014-12-03,1208.7,133221.0,1197.6,1215.0,1193.5,1199.4,1196.6,1245.5,1199.2142857142858,13.018759358642837,0.7753876938469295,1.0180142438206954,2,12,337
2014-12-04,1207.7,111730.0,1209.3,1213.5,1201.1,1208.7,1197.8,1229.1,1200.6285714285714,13.372448577300002,-0.08273351534706652,1.0103238697860295,3,12,338
2014-12-05,1190.4,144926.0,1205.9,1208.5,1186.4,1207.7,1197.5,1231.8,1199.6142857142859,13.90784293980376,-1.4324749523888292,1.018627781523938,4,12,339
2014-12-08,1194.9,99059.0,1191.2,1209.3,1187.3,1190.4,1197.5,1229.3,1199.2428571428572,14.008075902005432,0.37802419354837635,1.01852943653668,0,12,342
2014-12-09,1232.0,228024.0,1203.8,1239.0,1199.5,1194.9,1175.5,1229.4,1207.314285714286,14.321479040409798,3.104862331575853,1.0329303876615257,1,12,343
2014-12-10,1229.4,135569.0,1231.2,1238.9,1225.2,1232.0,1218.1,1224.9,1208.9285714285713,16.247226869608006,-0.21103896103895625,1.0111818478615737,2,12,344
2014-12-11,1225.6,136860.0,1226.2,1233.4,1216.4,1229.4,1199.4,1198.6,1212.6714285714286,16.697875542091193,-0.3090938669269683,1.0139756658993753,3,12,345
2014-12-12,1222.5,116467.0,1227.9,1228.9,1214.8,1225.6,1208.7,1171.6,1214.642857142857,16.96337792057655,-0.25293733681461816,1.0116068488640106,4,12,346
2014-12-15,1207.7,145843.0,1222.0,1225.0,1191.3,1222.5,1207.7,1169.8,1214.642857142857,16.96337792057655,-1.210633946830264,1.028288424410308,0,12,349
2014-12-16,1194.3,221571.0,1195.4,1223.9,1187.8,1207.7,1190.4,1167.7,1215.2,16.075239759749955,-1.1095470729485912,1.0303923219397206,1,12,350
2014-12-17,1194.5,154962.0,1195.3,1203.1,1182.0,1194.3,1194.9,1145.7,1215.142857142857,16.159915134151234,0.016746211169715863,1.0178510998307952,2,12,351
2014-12-18,1194.8,129127.0,1189.4,1213.9,1188.5,1194.5,1232.0,1142.6,1209.8285714285714,15.805243252979098,0.025115110925066908,1.0213714766512412,3,12,352
2014-12-19,1196.0,68747.0,1198.0,1201.5,1193.2,1194.8,1229.4,1169.8,1205.0571428571427,13.83026357219303,0.1004352192835567,1.0069560844787127,4,12,353
2014-12-22,1179.8,122922.0,1196.0,1203.6,1170.7,1196.0,1225.6,1159.8,1198.5142857142857,13.316084080474031,-1.3545150501672265,1.028102844452037,0,12,356
2014-12-23,1178.0,92893.0,1176.1,1184.9,1172.4,1179.8,1222.5,1163.0,1192.1571428571428,10.218750273053594,-0.15256823190370472,1.010661890139884,1,12,357
2014-12-24,1173.5,40192.0,1176.8,1181.2,1172.7,1178.0,1207.7,1159.1,1187.2714285714285,9.712142620755854,-0.38200339558573937,1.0072482305790058,2,12,358
2014-12-25,1173.5,40192.0,1173.5,1173.5,1173.5,1173.5,1194.3,1161.5,1184.3,10.363397126434734,0.0,1.0,3,12,359
2014-12-26,1195.3,65571.0,1175.2,1199.1,1175.2,1173.5,1194.5,1185.6,1184.4142857142856,10.498163104639971,1.8576906689390604,1.0203369639210347,4,12,360
2014-12-29,1181.9,78521.0,1194.9,1197.5,1178.6,1195.3,1194.8,1183.5,1182.5714285714287,9.45122818928388,-1.1210574751108426,1.0160359748854575,0,12,363
2014-12-30,1200.4,131961.0,1182.9,1210.9,1180.5,1181.9,1196.0,1197.1,1183.2000000000003,10.572921387528895,1.5652762501057627,1.02575180008471,1,12,364
2014-12-31,1184.1,67231.0,1199.8,1203.9,1179.5,1200.4,1179.8,1193.9,1183.814285714286,10.46684106619374,-1.3578807064312026,1.0206867316659602,2,12,365
2015-01-01,1184.1,67231.0,1184.1,1184.1,1184.1,1184.1,1178.0,1190.9,1184.685714285714,10.151260770874288,0.0,1.0,3,1,1
2015-01-02,1186.2,112280.0,1184.0,1194.9,1167.3,1184.1,1173.5,1197.7,1186.5,8.87336839463226,0.17734988598936408,1.023644307375996,4,1,2
2015-01-05,1204.0,142942.0,1187.8,1207.5,1177.8,1186.2,1173.5,1196.6,1190.857142857143,8.914194138734032,1.5005901197099991,1.0252165053489557,0,1,5
2015-01-06,1219.4,180653.0,1204.0,1223.3,1201.6,1204.0,1195.3,1197.8,1194.3,14.075747463877137,1.279069767441876,1.0180592543275633,1,1,6
2015-01-07,1210.7,111150.0,1219.0,1219.4,1209.1,1219.4,1181.9,1197.5,1198.4142857142858,14.056247551827786,-0.7134656388387728,1.0085187329418577,2,1,7
2015-01-08,1208.5,113091.0,1211.0,1216.8,1204.2,1210.7,1200.4,1197.5,1199.5714285714287,14.570943035800676,-0.1817130585611615,1.0104633781763825,3,1,8
2015-01-09,1216.1,148809.0,1208.9,1224.0,1207.0,1208.5,1184.1,1175.5,1204.142857142857,13.912926500549093,0.6288787753413239,1.0140845070422535,4,1,9
2015-01-12,1232.8,132313.0,1223.0,1236.0,1217.5,1216.1,1184.1,1218.1,1211.1000000000001,14.388189601202109,1.3732423320450549,1.0151950718685832,0,1,12
2015-01-13,1234.4,168374.0,1233.1,1244.5,1227.4,1232.8,1186.2,1199.4,1217.9857142857143,11.7835236059319,0.12978585334200154,1.0139318885448916,1,1,13
2015-01-14,1234.5,184208.0,1231.2,1244.6,1224.9,1234.4,1204.0,1208.7,1222.3428571428572,11.382275276776035,0.00810110174982448,1.0160829455465752,2,1,14
2015-01-15,1264.8,272750.0,1229.7,1267.2,1226.1,1234.5,1219.4,1207.7,1228.8285714285714,19.4800508457366,2.454434993924659,1.033520919990213,3,1,15
2015-01-16,1276.9,204198.0,1263.5,1282.4,1255.2,1264.8,1210.7,1190.4,1238.2857142857142,24.606870894898027,0.9566729917773742,1.0216698534098152,4,1,16
2015-01-19,1276.9,204198.0,1276.9,1276.9,1276.9,1276.9,1208.5,1194.9,1248.0571428571427,24.38748703350944,0.0,1.0,0,1,19
2015-01-20,1294.2,231185.0,1276.3,1297.2,1272.1,1276.9,1216.1,1232.0,1259.2142857142858,25.182760543107197,1.3548437622366682,1.0197311532112256,1,1,20
2015-01-21,1293.7,195098.0,1295.3,1307.0,1284.6,1294.2,1232.8,1229.4,1267.9142857142858,25.055766373660614,-0.03863390511512632,1.0174373345788572,2,1,21
2015-01-22,1300.7,198887.0,1293.7,1307.8,1279.1,1293.7,1234.4,1225.6,1277.3857142857144,22.69540545069522,0.5410837133802193,1.0224376514736926,3,1,22
2015-01-23,1292.6,140604.0,1301.5,1302.9,1284.3,1300.7,1234.5,1222.5,1285.685714285714,12.913485015211739,-0.6227416006765685,1.014482597523943,4,1,23
2015-01-26,1279.4,157859.0,1292.8,1299.2,1275.6,1292.6,1264.8,1207.7,1287.7714285714287,9.775771800001936,-1.0211975862602363,1.0185010975227344,0,1,26
2015-01-27,1292.9,84273.0,1281.9,1298.6,1273.0,1279.4,1276.9,1194.3,1290.0571428571427,8.611398868719693,1.0551821166171704,1.0201099764336212,1,1,27
2015-01-28,1287.2,140642.0,1293.5,1294.6,1280.2,1292.9,1276.9,1194.5,1291.5285714285715,6.64372242188386,-0.4408693634465166,1.0112482424621152,2,1,28
2015-01-29,1255.9,233577.0,1284.0,1286.6,1252.1,1287.2,1294.2,1194.8,1286.0571428571427,14.818553364263469,-2.4316345556246066,1.0275537097675904,3,1,29
2015-01-30,1279.2,156292.0,1259.0,1285.4,1257.5,1255.9,1293.7,1196.0,1283.9857142857143,14.583715641247426,1.8552432518512685,1.0221868787276343,4,1,30
2015-02-02,1276.9,111408.0,1283.0,1283.9,1266.5,1279.2,1300.7,1179.8,1280.5857142857144,12.68876518439716,-0.17979987492182659,1.013738649822345,0,2,33
2015-02-03,1260.3,166935.0,1275.6,1286.5,1255.8,1276.9,1292.6,1178.0,1275.9714285714285,13.44218661350878,-1.3000234944005151,1.024446567924829,1,2,34
2015-02-04,1264.5,127140.0,1261.5,1273.3,1256.9,1260.3,1279.4,1173.5,1273.8428571428574,13.977822570398427,0.3332539871459206,1.0130479751770227,2,2,35
2015-02-05,1262.7,105045.0,1270.4,1274.6,1256.1,1264.5,1292.9,1173.5,1269.5285714285715,11.568450528012272,-0.1423487544483959,1.0147281267415014,3,2,36
2015-02-06,1234.6,189154.0,1266.4,1269.0,1228.2,1262.7,1287.2,1195.3,1262.0142857142857,14.806803455555752,-2.2253900372218416,1.033219345383488,4,2,37
2015-02-09,1241.5,86101.0,1235.9,1243.6,1234.4,1234.6,1255.9,1181.9,1259.957142857143,16.679713940679207,0.5588854689778211,1.0074530136098507,0,2,40
2015-02-10,1232.2,92110.0,1238.3,1245.9,1230.6,1241.5,1279.2,1200.4,1253.2428571428572,17.097159329634074,-0.7490938380990686,1.0124329595319357,1,2,41
2015-02-11,1219.6,109012.0,1234.1,1238.7,1216.5,1232.2,1276.9,1184.1,1245.0571428571427,17.592693288490537,-1.0225612725207056,1.0182490752157831,2,2,42
2015-02-12,1220.7,103350.0,1222.9,1232.8,1218.0,1219.6,1260.3,1184.1,1239.3999999999999,18.229646184170644,0.09019350606758181,1.012151067323481,3,2,43
2015-02-13,1227.1,90256.0,1223.0,1234.9,1222.5,1220.7,1264.5,1186.2,1234.0571428571427,14.80640144699501,0.5242893421806949,1.0101431492842536,4,2,44
2015-02-16,1227.1,90256.0,1227.1,1227.1,1227.1,1227.1,1262.7,1204.0,1228.9714285714285,7.770824556362726,0.0,1.0,0,2,47
2015-02-17,1208.6,172721.0,1230.9,1236.7,1203.3,1227.1,1234.6,1219.4,1225.2571428571428,10.400778359154186,-1.5076195909053847,1.0277570015789912,1,2,48
2015-02-18,1200.2,114178.0,1209.3,1213.4,1197.2,1208.6,1241.5,1210.7,1219.357142857143,11.324141931124593,-0.6950190302829617,1.013531573671901,2,2,49
2015-02-19,1207.6,105113.0,1209.0,1222.9,1205.2,1200.2,1232.2,1208.5,1215.8428571428572,10.45830724717228,0.6165639060156547,1.014686359110521,3,2,50
2015-02-20,1204.9,103062.0,1208.0,1215.3,1197.7,1207.6,1219.6,1216.1,1213.742857142857,11.037943217658684,-0.2235839682013796,1.0146948317608748,4,2,51
2015-02-23,1200.8,108517.0,1203.5,1210.3,1190.6,1204.9,1220.7,1232.8,1210.8999999999999,11.500434774393057,-0.34027720142751905,1.0165462791869646,0,2,54
2015-02-24,1197.3,109440.0,1201.9,1204.4,1190.0,1200.8,1227.1,1234.4,1206.642857142857,9.909735472903877,-0.29147235176548714,1.0121008403361345,1,2,55
2015-02-25,1201.5,97588.0,1200.8,1211.7,1200.7,1197.3,1227.1,1234.5,1202.9857142857143,4.154286369302182,0.35078927587071096,1.009161322561839,2,2,56
2015-02-26,1210.1,122100.0,1203.9,1219.9,1203.4,1201.5,1208.6,1264.8,1203.2,4.515159650194156,0.7157719517270067,1.0137111517367459,3,2,57
2015-02-27,1213.1,107382.0,1208.8,1219.2,1204.1,1210.1,1200.2,1276.9,1205.042857142857,5.591021714284263,0.24791339558714043,1.0125404866705425,4,2,58
2015-03-02,1208.2,128222.0,1213.8,1223.0,1204.2,1213.1,1207.6,1276.9,1205.1285714285714,5.641132949368889,-0.4039238315060478,1.0156120245806344,0,3,61
2015-03-03,1204.4,146874.0,1206.1,1214.4,1194.6,1208.2,1204.9,1294.2,1205.0571428571427,5.647671243642366,-0.31451746399602243,1.0165745856353592,1,3,62
2015-03-04,1200.9,99539.0,1203.8,1208.4,1197.7,1204.4,1200.8,1293.7,1205.0714285714287,5.635220872848597,-0.2906011291929578,1.0089337897637138,2,3,63
2015-03-05,1196.2,125564.0,1200.2,1208.9,1195.8,1200.9,1197.3,1300.7,1204.9142857142856,5.897295586806662,-0.39137313681405494,1.0109550091988628,3,3,64
2015-03-06,1164.3,204043.0,1197.5,1200.0,1162.9,1196.2,1201.5,1292.6,1199.6000000000001,16.57729370756114,-2.6667781307473715,1.031903001117895,4,3,65
2015-03-09,1166.5,112018.0,1169.6,1174.4,1164.8,1164.3,1210.1,1279.4,1193.3714285714286,19.843698771964497,0.18895473675168972,1.0082417582417584,0,3,68
2015-03-10,1160.1,170223.0,1165.6,1169.6,1153.8,1166.5,1213.1,1292.9,1185.8,21.131019852342476,-0.548649807115309,1.013693881088577,1,3,69
2015-03-11,1150.6,152874.0,1161.1,1164.3,1146.5,1160.1,1208.2,1287.2,1177.5714285714287,22.14510587659976,-0.8188949228514764,1.015525512429132,2,3,70
2015-03-12,1151.9,151499.0,1153.7,1165.7,1147.5,1150.6,1204.4,1255.9,1170.0714285714287,20.363096873654,0.11298452981054474,1.0158605664488018,3,3,71
2015-03-13,1152.4,113141.0,1152.6,1160.9,1150.4,1151.9,1200.9,1279.2,1163.142857142857,15.883834249837053,0.043406545707092015,1.0091272600834493,4,3,72
2015-03-16,1153.2,114195.0,1157.9,1163.3,1149.3,1152.4,1196.2,1276.9,1157.0,6.528399497588133,0.06942034015966492,1.0121813277647262,0,3,75
2015-03-17,1148.2,149286.0,1153.7,1159.3,1141.6,1153.2,1164.3,1260.3,1154.7,6.3618655544929155,-0.4335761359694712,1.0155045550105115,1,3,76
2015-03-18,1151.3,180295.0,1148.1,1175.1,1144.9,1148.2,1166.5,1264.5,1152.5285714285715,3.7003217363483825,0.26998780700224767,1.026377849593851,2,3,77
2015-03-19,1169.0,150727.0,1166.1,1177.0,1158.6,1151.3,1160.1,1262.7,1153.8,6.889847603547642,1.5373925128115973,1.015881235974452,3,3,78
2015-03-20,1184.6,155233.0,1170.4,1187.4,1167.9,1169.0,1150.6,1234.6,1158.6571428571428,13.279540296120901,1.3344739093241964,1.0166966349858721,4,3,79
2015-03-23,1187.7,157085.0,1183.2,1191.0,1178.6,1184.6,1151.9,1241.5,1163.7714285714285,16.697376469148917,0.2616917102819638,1.0105209570677076,0,3,82
2015-03-24,1191.4,153651.0,1188.5,1194.5,1184.7,1187.7,1152.4,1232.2,1169.3428571428572,18.66171277802847,0.31152647975078995,1.0082721364058411,1,3,83
2015-03-25,1197.0,171373.0,1192.5,1199.3,1186.1,1191.4,1153.2,1219.6,1175.6000000000001,19.663078768767996,0.47003525264393,1.011128909872692,2,3,84
2015-03-26,1205.7,112028.0,1196.1,1220.4,1194.8,1197.0,1148.2,1220.7,1183.814285714286,18.269959730977494,0.726817042606509,1.0214261801138267,3,3,85
2015-03-27,1200.7,128583.0,1204.6,1206.6,1192.6,1205.7,1151.3,1227.1,1190.8714285714286,12.12486622410702,-0.4146968565978293,1.0117390575213818,4,3,86
2015-03-30,1185.3,122724.0,1198.6,1199.6,1182.2,1200.7,1169.0,1227.1,1193.2000000000003,8.1322403637278,-1.2825851586574566,1.0147183217729656,0,3,89
2015-03-31,1183.2,112462.0,1185.5,1190.6,1178.2,1185.3,1184.6,1208.6,1193.0,8.392059739228296,-0.17717033662363324,1.0105245289424545,1,3,90
2015-04-01,1208.2,141610.0,1183.2,1208.7,1180.5,1183.2,1187.7,1200.2,1195.9285714285713,9.708023191454838,2.1129141311697186,1.0238881829733164,2,4,91
2015-04-02,1200.9,108884.0,1204.3,1207.4,1194.8,1208.2,1191.4,1207.6,1197.2857142857142,9.63317679886581,-0.6042046018871039,1.0105456980247742,3,4,92
2015-04-03,1200.9,108884.0,1200.9,1200.9,1200.9,1200.9,1197.0,1204.9,1197.8428571428572,9.726228652958723,0.0,1.0,4,4,93
2015-04-06,1218.6,101351.0,1212.6,1224.5,1212.6,1200.9,1205.7,1200.8,1199.685714285714,12.335237948179431,1.473894579065682,1.0098136236186708,0,4,96
2015-04-07,1210.6,80561.0,1208.6,1215.9,1207.5,1218.6,1200.7,1197.3,1201.1000000000001,13.019472595569193,-0.6564910553093717,1.0069565217391305,1,4,97
2015-04-08,1203.1,112371.0,1208.7,1212.5,1197.4,1210.6,1185.3,1201.5,1203.642857142857,11.001038911983187,-0.6195275070213113,1.0126106564222481,2,4,98
2015-04-09,1193.6,104647.0,1202.6,1203.3,1192.4,1203.1,1183.2,1210.1,1205.1285714285714,8.099735445422084,-0.7896267974399462,1.009141227775914,3,4,99
2015-04-10,1204.6,116251.0,1193.8,1210.6,1192.9,1193.6,1208.2,1213.1,1204.6142857142856,7.985701507791334,0.9215817694369965,1.0148377902590324,4,4,100
2015-04-13,1199.3,105226.0,1207.2,1209.3,1196.1,1204.6,1200.9,1208.2,1204.3857142857141,8.131303415702025,-0.43998007637389147,1.0110358665663406,0,4,103
2015-04-14,1192.6,153692.0,1198.8,1201.3,1183.5,1199.3,1200.9,1204.4,1203.2,9.252206943937477,-0.5586592178770999,1.0150401351922265,1,4,104
2015-04-15,1201.3,123923.0,1192.2,1204.4,1188.3,1192.6,1218.6,1200.9,1200.7285714285713,6.289068369201468,0.7294985745430083,1.0135487671463437,2,4,105
2015-04-16,1198.0,151984.0,1201.8,1208.8,1194.3,1201.3,1210.6,1196.2,1198.9285714285713,4.557672756186881,-0.274702405727123,1.012141003098049,3,4,106
2015-04-17,1203.1,107912.0,1198.6,1207.8,1197.0,1198.0,1203.1,1164.3,1198.9285714285713,4.557672756186881,0.42570951585976236,1.0090225563909774,4,4,107
2015-04-20,1193.7,126703.0,1204.4,1209.0,1190.8,1203.1,1193.6,1166.5,1198.9428571428568,4.538302598582142,-0.7813149364142569,1.01528384279476,0,4,110
2015-04-21,1203.1,97120.0,1195.8,1203.7,1192.5,1193.7,1204.6,1160.1,1198.7285714285715,4.253122102544715,0.787467537907327,1.009392033542977,1,4,111
2015-04-22,1186.9,146503.0,1202.2,1204.4,1185.0,1203.1,1199.3,1150.6,1196.9571428571428,6.139450882852756,-1.3465214861607344,1.0163713080168777,2,4,112
2015-04-23,1194.3,110608.0,1186.9,1197.4,1183.6,1186.9,1192.6,1151.9,1197.2,5.9696454389495495,0.6234729126295191,1.0116593443730992,3,4,113
2015-04-24,1175.0,149522.0,1193.0,1195.4,1174.1,1194.3,1201.3,1152.4,1193.4428571428573,9.925028487429644,-1.616009377878247,1.0181415552337962,4,4,114
2015-04-27,1203.2,195125.0,1179.3,1206.7,1177.6,1175.0,1198.0,1153.2,1194.185714285714,10.5008616426556,2.400000000000002,1.024711277173913,0,4,117
2015-04-28,1213.9,145628.0,1201.6,1214.9,1198.6,1203.2,1203.1,1148.2,1195.7285714285715,12.61040764418357,0.8892952127659504,1.0135991990655766,1,4,118
2015-04-29,1210.0,134603.0,1211.4,1213.5,1200.7,1213.9,1193.7,1151.3,1198.0571428571427,13.63657546733399,-0.32127852376637733,1.010660448071958,2,4,119
2015-04-30,1182.4,196278.0,1204.5,1207.4,1176.0,1210.0,1203.1,1169.0,1195.1000000000001,14.57303445866493,-2.2809917355371856,1.0267006802721088,3,4,120
2015-05-01,1174.5,112452.0,1183.7,1184.4,1168.4,1182.4,1186.9,1184.6,1193.3285714285714,16.37780146883218,-0.6681326116373509,1.0136939404313592,4,5,121
2015-05-04,1186.8,104106.0,1176.6,1192.1,1176.6,1174.5,1194.3,1187.7,1192.257142857143,16.548097286685955,1.0472541507024147,1.0131735509094,0,5,124
2015-05-05,1193.2,105898.0,1187.5,1199.3,1184.9,1186.8,1175.0,1191.4,1194.857142857143,14.712790030320319,0.5392652510953999,1.012152924297409,1,5,125
2015-05-06,1190.3,103539.0,1192.5,1196.9,1187.4,1193.2,1203.2,1197.0,1193.0142857142857,14.295620374956192,-0.24304391552129045,1.0080006737409466,2,5,126
2015-05-07,1182.2,127213.0,1191.3,1192.0,1177.9,1190.3,1213.9,1205.7,1188.4857142857143,11.279543219394595,-0.6805007141056807,1.0119704558960863,3,5,127
2015-05-08,1188.9,134106.0,1183.7,1193.0,1180.5,1182.2,1210.0,1200.7,1185.4714285714288,6.285887443509706,0.5667399763153558,1.010588733587463,4,5,128
2015-05-11,1183.0,123351.0,1189.0,1190.9,1178.0,1188.9,1182.4,1185.3,1185.5571428571427,6.240955360328737,-0.4962570443266978,1.0109507640067912,0,5,131
2015-05-12,1192.4,133063.0,1182.5,1196.3,1179.7,1183.0,1174.5,1183.2,1188.1142857142856,4.329907070387491,0.7945900253592653,1.0140713740781553,1,5,132
2015-05-13,1218.2,225506.0,1192.5,1218.5,1190.4,1192.4,1186.8,1208.2,1192.6000000000001,12.076561320733497,2.1637034552163703,1.023605510752688,2,5,133
2015-05-14,1225.2,162990.0,1215.0,1227.7,1211.9,1218.2,1193.2,1200.9,1197.1714285714286,17.27799315948348,0.5746182892792717,1.0130373793217262,3,5,134
2015-05-15,1225.3,128557.0,1220.9,1225.8,1210.6,1225.2,1190.3,1200.9,1202.1714285714286,19.83336534611558,0.008161932745665013,1.0125557574756319,4,5,135
2015-05-18,1227.6,112075.0,1225.4,1232.0,1221.2,1225.3,1182.2,1218.6,1208.6571428571428,19.63617895135538,0.18770913245735876,1.0088437602358336,0,5,138
2015-05-19,1206.7,167820.0,1225.4,1225.5,1205.1,1227.6,1188.9,1210.6,1211.2,17.70922546772726,-1.7025089605734678,1.0169280557630074,1,5,139
2015-05-20,1208.7,119129.0,1207.7,1213.2,1202.7,1206.7,1183.0,1203.1,1214.8714285714286,12.899317073105836,0.16574127786526116,1.0087303566974308,2,5,140
2015-05-21,1204.1,116552.0,1209.4,1212.4,1201.0,1208.7,1192.4,1193.6,1216.542857142857,9.915115925175371,-0.3805741705965149,1.0094920899250626,3,5,141
2015-05-22,1204.0,138192.0,1206.0,1214.6,1201.0,1204.1,1218.2,1204.6,1214.5142857142857,10.92114593673979,-0.008304958059957013,1.011323896752706,4,5,142
2015-05-25,1204.0,138192.0,1204.0,1204.0,1204.0,1204.0,1225.2,1199.3,1211.4857142857143,10.390609313456892,0.0,1.0,0,5,145
2015-05-26,1187.8,91910.0,1207.3,1208.9,1185.6,1204.0,1225.3,1192.6,1206.1285714285714,11.669577868079758,-1.3455149501661157,1.019652496626181,1,5,146
2015-05-27,1186.5,139297.0,1187.5,1191.3,1183.9,1187.8,1227.6,1201.3,1200.2571428571428,9.128865782577513,-0.10944603468596714,1.006250527916209,2,5,147
2015-05-28,1188.8,141607.0,1188.0,1192.8,1180.2,1186.5,1206.7,1198.0,1197.7,9.521904571396872,0.19384745048460772,1.0106761565836297,3,5,148
2015-05-29,1189.8,97474.0,1188.1,1194.4,1186.0,1188.8,1208.7,1203.1,1195.0,8.50862307701932,0.08411843876177105,1.0070826306913998,4,5,149
2015-06-01,1188.7,162133.0,1189.8,1204.7,1184.0,1189.8,1204.1,1193.7,1192.7999999999997,7.717728508664361,-0.09245251302739677,1.0174831081081082,0,6,152
2015-06-02,1194.4,106711.0,1189.5,1196.4,1185.8,1188.7,1204.0,1203.1,1191.4285714285713,6.073635453265536,0.4795154370320631,1.0089391128352168,1,6,153
2015-06-03,1184.9,117094.0,1193.8,1195.6,1179.1,1194.4,1204.0,1186.9,1188.7,2.9944392908825557,-0.795378432685867,1.0139937240268,2,6,154
2015-06-04,1175.2,144559.0,1185.8,1186.6,1172.4,1184.9,1187.8,1194.3,1186.9,5.952030465881418,-0.8186344839226978,1.012111907198908,3,6,155
2015-06-05,1168.1,142628.0,1176.5,1178.0,1162.1,1175.2,1186.5,1175.0,1184.2714285714285,9.286857072542247,-0.6041524846834734,1.013682127183547,4,6,156
2015-06-08,1173.6,100756.0,1170.8,1177.1,1168.5,1168.1,1188.8,1203.2,1182.1000000000001,9.813596010982947,0.47085009845047043,1.0073598630723148,0,6,159
2015-06-09,1177.6,87429.0,1173.2,1182.3,1171.8,1173.6,1189.8,1213.9,1180.357142857143,9.287421088564049,0.3408316291751978,1.0089605734767024,1,6,160
2015-06-10,1186.6,116677.0,1175.8,1191.8,1174.3,1177.6,1188.7,1210.0,1180.0571428571427,9.002565771839928,0.764266304347827,1.014902495103466,2,6,161
2015-06-11,1180.4,101075.0,1185.7,1187.4,1174.8,1186.6,1194.4,1182.4,1178.0571428571427,6.489441974697858,-0.5225012641159488,1.0107252298263536,3,6,162
2015-06-12,1179.2,80500.0,1180.8,1183.7,1175.6,1180.4,1184.9,1174.5,1177.2428571428572,5.809720917821299,-0.10166045408336322,1.006890098673018,4,6,163
2015-06-15,1185.8,124584.0,1180.0,1190.2,1171.9,1179.2,1175.2,1186.8,1178.7571428571428,6.525809564820534,0.5597014925373012,1.0156156668657734,0,6,166
2015-06-16,1180.9,93967.0,1185.3,1187.4,1175.4,1185.8,1168.1,1193.2,1180.5857142857144,4.530058340853935,-0.4132231404958553,1.0102092904543134,1,6,167
2015-06-17,1176.8,96054.0,1181.1,1188.8,1173.9,1180.9,1173.6,1190.3,1181.042857142857,3.8121984658420773,-0.3471928190363349,1.012692733622966,2,6,168
2015-06-18,1202.0,174738.0,1184.2,1205.7,1183.1,1176.8,1177.6,1182.2,1184.5285714285715,8.460637148140208,2.141400407885796,1.0191023582114784,3,6,169
2015-06-19,1201.9,79570.0,1201.8,1204.0,1198.0,1202.0,1186.6,1188.9,1186.7142857142858,10.751190410284972,-0.008319467554074311,1.005008347245409,4,6,170
2015-06-22,1184.1,116780.0,1199.7,1200.8,1181.6,1201.9,1180.4,1183.0,1187.2428571428572,10.476458871025969,-1.48098843497797,1.016249153689912,0,6,173
2015-06-23,1176.6,106625.0,1185.3,1187.7,1175.6,1184.1,1179.2,1192.4,1186.8714285714286,10.848611936671421,-0.6333924499620003,1.010292616536237,1,6,174
2015-06-24,1172.9,110046.0,1177.6,1179.7,1168.1,1176.6,1185.8,1218.2,1185.0285714285715,12.086040747593488,-0.3144654088050203,1.0099306566218647,2,6,175
2015-06-25,1171.8,80598.0,1174.1,1177.3,1170.5,1172.9,1180.9,1225.2,1183.7285714285715,13.054720000284368,-0.09378463637139678,1.005809483126869,3,6,176
2015-06-26,1173.2,99904.0,1172.5,1178.0,1167.1,1171.8,1176.8,1225.3,1183.2142857142858,13.438431030873321,0.11947431302270495,1.00933938822723,4,6,177
2015-06-29,1179.0,136394.0,1182.5,1187.6,1173.2,1173.2,1202.0,1227.6,1179.9285714285713,10.589572589068949,0.4943743607228157,1.0122741220593248,0,6,180
2015-06-30,1171.8,139830.0,1179.8,1180.0,1165.4,1179.0,1201.9,1206.7,1175.6285714285714,4.595909154073524,-0.6106870229007688,1.012527887420628,1,6,181
2015-07-01,1169.3,90598.0,1172.4,1174.4,1166.7,1171.8,1184.1,1208.7,1173.5142857142857,3.259053324440529,-0.21334698754054138,1.0065998114339592,2,7,182
2015-07-02,1163.5,480.0,1165.2,1165.6,1163.7,1169.3,1176.6,1204.1,1171.642857142857,4.654337454781007,-0.4960232617805538,1.0016327232104494,3,7,183
2015-07-03,1163.5,480.0,1163.5,1163.5,1163.5,1163.5,1172.9,1204.0,1170.3,5.508780869374653,0.0,1.0,4,7,184
2015-07-06,1173.2,100581.0,1173.2,1174.4,1161.9,1163.5,1171.8,1204.0,1170.5,5.597023018247113,0.8336914482165891,1.0107582408124622,0,7,187
2015-07-07,1152.6,190168.0,1168.8,1170.0,1146.8,1173.2,1173.2,1187.8,1167.5571428571427,8.567935796307607,-1.7558813501534432,1.0202302057900245,1,7,188
2015-07-08,1163.5,159002.0,1154.0,1163.8,1145.9,1152.6,1179.0,1186.5,1165.3428571428572,6.972053055567766,0.9456880097171716,1.0156209093289117,2,7,189
2015-07-09,1159.2,122563.0,1157.5,1166.9,1155.1,1163.5,1171.8,1188.8,1163.542857142857,6.646015634171657,-0.3695745595186928,1.0102155657518832,3,7,190
2015-07-10,1157.9,106510.0,1158.7,1164.5,1156.4,1159.2,1169.3,1189.8,1161.9142857142858,6.392033732563329,-0.11214630779847745,1.0070044967139398,4,7,191
2015-07-13,1155.4,118607.0,1162.3,1163.9,1149.8,1157.9,1163.5,1188.7,1160.7571428571428,6.778607807629623,-0.21590810950858907,1.0122630022612629,0,7,194
2015-07-14,1153.5,103814.0,1157.0,1159.1,1151.8,1155.4,1163.5,1194.4,1159.3285714285714,7.147893462588551,-0.16444521377878552,1.0063379058864386,1,7,195
2015-07-15,1147.4,141077.0,1153.9,1155.8,1141.9,1153.5,1173.2,1184.9,1155.642857142857,5.185510949719613,-0.5288253142609389,1.012172694631754,2,7,196
2015-07-16,1143.9,118613.0,1146.2,1148.2,1140.6,1147.4,1152.6,1175.2,1154.4,6.821045863121429,-0.30503747603276565,1.0066631597404876,3,7,197
2015-07-17,1131.9,149622.0,1144.3,1144.5,1129.6,1143.9,1163.5,1168.1,1149.8857142857144,9.66047420704108,-1.0490427484920017,1.0131905099150142,4,7,198
2015-07-20,1106.8,250336.0,1095.0,1132.5,1080.0,1131.9,1159.2,1173.6,1142.4,17.969047461310254,-2.2175103807757,1.0486111111111112,0,7,201
2015-07-21,1103.5,163597.0,1098.0,1108.8,1095.9,1106.8,1157.9,1177.6,1134.6285714285716,21.55425049232466,-0.2981568485724617,1.0117711470024635,1,7,202
2015-07-22,1091.5,170919.0,1100.1,1102.3,1085.6,1103.5,1155.4,1186.6,1125.5,24.606300006302792,-1.0874490258269143,1.0153831982313928,2,7,203
2015-07-23,1094.1,194839.0,1093.4,1104.9,1086.1,1091.5,1153.5,1180.4,1117.0142857142857,23.561015015733513,0.2382043060008998,1.0173096399963173,3,7,204
2015-07-24,1085.5,237901.0,1089.5,1100.9,1072.3,1094.1,1147.4,1179.2,1108.1714285714286,21.80678138299915,-0.7860341833470397,1.026671640399142,4,7,205
2015-07-27,1096.9,53257.0,1098.2,1104.9,1088.0,1085.5,1143.9,1185.8,1101.4571428571428,15.21050702014028,1.050207277752202,1.0155330882352942,0,7,208
2015-07-28,1096.7,75543.0,1094.2,1098.7,1091.1,1096.9,1131.9,1180.9,1096.4285714285713,7.153254337661089,-0.018233202662054637,1.006965447713317,1,7,209
2015-07-29,1093.3,107835.0,1094.8,1101.5,1089.8,1096.7,1106.8,1176.8,1094.5,5.525697542714027,-0.31002097200694134,1.010735914846761,2,7,210
2015-07-30,1088.7,155535.0,1096.6,1098.2,1081.5,1093.3,1103.5,1202.0,1092.3857142857144,4.174297773876225,-0.42074453489434616,1.0154415164123902,3,7,211
2015-07-31,1095.1,166766.0,1087.7,1103.0,1079.2,1088.7,1091.5,1201.9,1092.8999999999999,4.2677082062341665,0.5878570772480884,1.0220533728687917,4,7,212
2015-08-03,1089.4,102779.0,1095.1,1098.0,1085.1,1095.1,1094.1,1184.1,1092.2285714285715,4.414640146067844,-0.5205004109213651,1.011888305225325,0,8,215
2015-08-04,1090.7,108848.0,1087.5,1094.4,1080.2,1089.4,1085.5,1176.6,1092.9714285714285,3.418924921561244,0.11933174224343368,1.0131457137567117,1,8,216
2015-08-05,1085.6,110005.0,1087.3,1091.7,1082.0,1090.7,1096.9,1172.9,1091.357142857143,3.8900973179452465,-0.4675896213441,1.0089648798521258,2,8,217
2015-08-06,1090.1,90012.0,1084.1,1093.3,1082.7,1085.6,1096.7,1171.8,1090.4142857142856,3.098617203150113,0.41451731761237287,1.0097903389673963,3,8,218
2015-08-07,1094.1,165051.0,1088.8,1098.9,1081.4,1090.1,1093.3,1173.2,1090.5285714285715,3.234560395573095,0.36693881295293274,1.0161827260958018,4,8,219
2015-08-10,1104.1,142965.0,1094.0,1108.5,1089.0,1094.1,1088.7,1179.0,1092.7285714285713,5.912335772428624,0.9139932364500503,1.0179063360881542,0,8,222
2015-08-11,1107.7,186562.0,1103.8,1119.1,1093.3,1104.1,1095.1,1171.8,1094.5285714285715,8.221661285040662,0.3260574223349355,1.0235982804353791,1,8,223
2015-08-12,1123.6,184025.0,1108.2,1125.5,1101.1,1107.7,1089.4,1169.3,1099.4142857142856,13.2748419414938,1.4354066985645897,1.022159658523295,2,8,224
2015-08-13,1115.6,125318.0,1125.2,1126.3,1112.8,1123.6,1090.7,1163.5,1102.9714285714285,13.873201299120703,-0.7119971520113899,1.0121315600287564,3,8,225
2015-08-14,1112.7,100681.0,1114.6,1120.4,1111.1,1115.6,1085.6,1163.5,1106.8428571428572,11.851562083106565,-0.25994980279668845,1.0083700837008371,4,8,226
2015-08-17,1118.4,88129.0,1113.5,1122.2,1112.9,1112.7,1090.1,1173.2,1110.8857142857144,9.845375999505002,0.51226745753572,1.0083565459610027,0,8,229
2015-08-18,1116.9,116442.0,1117.2,1120.4,1108.5,1118.4,1094.1,1152.6,1114.142857142857,6.604760188156237,-0.13412017167382384,1.0107352277852955,1,8,230
2015-08-19,1127.9,146994.0,1117.2,1134.3,1115.5,1116.9,1104.1,1163.5,1117.5428571428572,6.698471751804105,0.9848688333780942,1.0168534289556252,2,8,231
2015-08-20,1153.2,174797.0,1133.3,1153.7,1132.1,1127.9,1107.7,1159.2,1124.0428571428572,13.832432558172146,2.2431066583916914,1.019079586608957,3,8,232
2015-08-21,1159.6,189582.0,1153.3,1167.9,1148.5,1153.2,1123.6,1157.9,1129.1857142857143,19.265636815453256,0.5549774540409169,1.0168915977361777,4,8,233
2015-08-24,1153.6,255624.0,1160.2,1169.8,1145.1,1159.6,1115.6,1155.4,1134.6142857142859,20.13367234025984,-0.5174197999310071,1.021570168544232,0,8,236
2015-08-25,1138.3,188989.0,1155.7,1156.3,1134.0,1153.6,1112.7,1153.5,1138.2714285714285,17.663117343376715,-1.3262829403606013,1.0196649029982363,1,8,237
2015-08-26,1124.6,194126.0,1139.9,1146.0,1116.9,1138.3,1118.4,1147.4,1139.1571428571428,16.6255683755385,-1.2035491522445763,1.026054257319366,2,8,238
2015-08-27,1122.6,119691.0,1124.4,1131.7,1117.0,1124.6,1116.9,1143.9,1139.9714285714285,15.451937773385055,-0.17784101013693654,1.0131602506714414,3,8,239
2015-08-28,1134.0,141784.0,1124.4,1140.3,1123.1,1122.6,1127.9,1131.9,1140.8428571428572,14.816641223402831,1.0154997327632254,1.0153147538064287,4,8,240
2015-08-31,1132.5,93050.0,1132.7,1136.3,1125.0,1134.0,1153.2,1106.8,1137.8857142857141,13.98146732541376,-0.1322751322751281,1.0100444444444443,0,8,243
2015-09-01,1139.8,124773.0,1133.8,1147.3,1133.8,1132.5,1159.6,1103.5,1135.0571428571427,10.400618113508573,0.6445916114790284,1.0119068618804021,1,9,244
2015-09-02,1133.6,106996.0,1139.0,1141.9,1131.2,1139.8,1153.6,1091.5,1132.2,6.457295615569498,-0.5439550798385762,1.009458981612447,2,9,245
2015-09-03,1124.5,102488.0,1133.2,1133.8,1121.0,1133.6,1138.3,1094.1,1130.2285714285715,6.390804405751104,-0.8027522935779685,1.0114183764495985,3,9,246
2015-09-04,1121.4,9777.0,1123.0,1124.1,1117.0,1124.5,1124.6,1085.5,1129.7714285714285,6.950471035781251,-0.27567807914627984,1.0063563115487912,4,9,247
2015-09-07,1121.4,9777.0,1121.4,1121.4,1121.4,1121.4,1122.6,1096.9,1129.6000000000001,7.168216886612693,0.0,1.0,0,9,250
2015-09-08,1121.0,135811.0,1118.1,1126.0,1114.7,1121.4,1134.0,1096.7,1127.7428571428572,7.513955270675379,-0.03566969859105651,1.010137256660985,1,9,251
2015-09-09,1102.0,161609.0,1121.0,1124.7,1100.1,1121.0,1132.5,1093.3,1123.3857142857144,11.87384079555905,-1.6949152542372836,1.0223616034905918,2,9,252
2015-09-10,1109.3,117042.0,1105.7,1114.1,1102.5,1102.0,1139.8,1088.7,1119.0285714285715,10.344195519834743,0.662431941923769,1.0105215419501132,3,9,253
2015-09-11,1103.3,111507.0,1110.2,1111.9,1097.7,1109.3,1133.6,1095.1,1114.7,9.538693132020569,-0.5408816370684244,1.0129361392001457,4,9,254
2015-09-14,1107.7,71350.0,1107.0,1109.8,1102.6,1103.3,1124.5,1089.4,1112.3,8.742234649496442,0.3988035892323216,1.0065300199528389,0,9,257
2015-09-15,1102.6,75109.0,1107.1,1108.5,1101.5,1107.7,1121.4,1090.7,1109.6142857142856,8.360109363615871,-0.46041346935091765,1.0063549704947798,1,9,258
2015-09-16,1119.0,123877.0,1104.4,1123.7,1103.0,1102.6,1121.4,1085.6,1109.2714285714285,7.828519290766488,1.4873934337021666,1.0187669990933816,2,9,259
2015-09-17,1117.0,135687.0,1118.7,1136.0,1114.7,1119.0,1121.0,1090.1,1108.7,6.923390306311047,-0.17873100983020196,1.019108280254777,3,9,260
2015-09-18,1137.8,142108.0,1130.0,1141.5,1126.9,1117.0,1102.0,1094.1,1113.8142857142855,12.291111771179082,1.8621307072515636,1.0129558967077823,4,9,261
2015-09-21,1132.8,84042.0,1138.7,1139.4,1128.7,1137.8,1109.3,1104.1,1117.1714285714286,13.949995733066345,-0.439444542098788,1.009479932665899,0,9,264
2015-09-22,1124.8,109509.0,1132.6,1136.1,1120.5,1132.8,1103.3,1107.7,1120.242857142857,12.697487565513828,-0.7062146892655385,1.0139223560910307,1,9,265
2015-09-23,1131.5,89262.0,1123.8,1134.0,1121.1,1124.8,1107.7,1123.6,1123.642857142857,11.943178965824416,0.5956614509246227,1.0115065560610117,2,9,266
2015-09-24,1153.8,200068.0,1130.0,1156.4,1129.5,1131.5,1102.6,1115.6,1130.9571428571428,12.569786148129404,1.9708351745470587,1.0238158477202304,3,9,267
2015-09-25,1145.6,134782.0,1151.0,1151.1,1140.1,1153.8,1119.0,1112.7,1134.7571428571428,12.371722750276284,-0.7106950944704482,1.0096482764669765,4,9,268
2015-09-28,1131.7,137003.0,1145.0,1147.8,1127.3,1145.6,1117.0,1118.4,1136.857142857143,9.844771394486681,-1.2133379888268014,1.018185043910228,0,9,271
2015-09-29,1126.8,100406.0,1131.4,1134.3,1123.5,1131.7,1137.8,1116.9,1135.2857142857142,10.523692091574839,-0.43297693735089293,1.0096128170894525,1,9,272
2015-09-30,1115.2,148341.0,1127.2,1127.7,1110.8,1126.8,1132.8,1127.9,1132.7714285714285,13.022380003384923,-1.0294639687610907,1.015214259992798,2,9,273
2015-10-01,1113.7,76984.0,1114.5,1118.5,1110.3,1115.2,1124.8,1153.2,1131.1857142857143,14.719989648035538,-0.13450502152080324,1.0073853913356752,3,10,274
2015-10-02,1136.6,178784.0,1112.5,1140.9,1103.8,1113.7,1131.5,1159.6,1131.9142857142856,14.863650131723132,2.0562090329532046,1.0336111614422905,4,10,275
2015-10-05,1137.6,110483.0,1137.0,1141.6,1129.6,1136.6,1153.8,1153.6,1129.6,11.842156335180066,0.08798169980643866,1.0106232294617563,0,10,278
2015-10-06,1146.4,116671.0,1134.7,1151.0,1134.5,1137.6,1145.6,1138.3,1129.7142857142858,12.024756209792441,0.7735583684950864,1.0145438519171441,1,10,279
2015-10-07,1148.7,108785.0,1146.5,1153.6,1141.3,1146.4,1131.7,1124.6,1132.142857142857,14.040400889683902,0.20062805303557862,1.0107771839130815,2,10,280
2015-10-08,1144.3,116155.0,1145.0,1150.9,1135.9,1148.7,1126.8,1122.6,1134.642857142857,14.481581076538864,-0.38304169931226983,1.0132053877982217,3,10,281
2015-10-09,1155.9,129925.0,1138.1,1159.3,1138.0,1144.3,1115.2,1134.0,1140.4571428571428,13.51232241855678,1.013720178274946,1.0187170474516696,4,10,282
2015-10-12,1164.5,106716.0,1155.0,1168.6,1154.3,1155.9,1113.7,1132.5,1147.7142857142858,9.90747673417723,0.7440089973181019,1.0123884605388547,0,10,285
2015-10-13,1165.4,130049.0,1162.8,1168.6,1151.3,1164.5,1136.6,1139.8,1151.8285714285714,10.485818086946962,0.07728638900816875,1.0150264917918874,1,10,286
2015-10-14,1179.8,182083.0,1168.2,1189.9,1162.5,1165.4,1137.6,1133.6,1157.857142857143,12.814426394095044,1.2356272524455036,1.0235698924731182,2,10,287
2015-10-15,1187.5,181083.0,1184.0,1191.7,1173.9,1179.8,1146.4,1124.5,1163.7285714285715,15.765861249945393,0.652652992032543,1.0151631314422012,3,10,288
2015-10-16,1183.1,102935.0,1182.5,1184.8,1174.3,1187.5,1148.7,1121.4,1168.642857142857,15.66161519372546,-0.3705263157894767,1.0089414970620796,4,10,289
2015-10-19,1172.8,102967.0,1176.9,1178.2,1168.3,1183.1,1144.3,1121.4,1172.7142857142858,11.404593894781925,-0.870594201673569,1.0084738508944622,0,10,292
2015-10-20,1177.5,116171.0,1170.6,1181.4,1167.2,1172.8,1155.9,1121.0,1175.8,8.697892465043768,0.40075034106412666,1.0121658670322138,1,10,293
2015-10-21,1167.1,115889.0,1175.5,1179.3,1163.2,1177.5,1164.5,1102.0,1176.1714285714284,8.174699644992833,-0.8832271762208133,1.013841127922971,2,10,294
2015-10-22,1166.1,113495.0,1166.8,1171.8,1161.4,1167.1,1165.4,1109.3,1176.2714285714285,8.023863218706621,-0.08568246080027375,1.00895470983296,3,10,295
2015-10-23,1162.8,145357.0,1165.9,1179.4,1158.6,1166.1,1179.8,1103.3,1173.8428571428572,9.255963328740727,-0.28299459737586297,1.0179527015363372,4,10,296
2015-10-26,1166.2,79375.0,1163.8,1169.6,1162.0,1162.8,1187.5,1107.7,1170.8,7.315736463278384,0.29239766081872176,1.006540447504303,0,10,299
2015-10-27,1165.8,85314.0,1163.0,1168.8,1160.5,1166.2,1183.1,1102.6,1168.3285714285714,5.034452729528721,-0.03429943405934832,1.0071520896165445,1,10,300
2015-10-28,1176.1,177850.0,1166.7,1183.1,1152.1,1165.8,1172.8,1119.0,1168.8,5.640921910480947,0.8835134671470124,1.0269073865115876,2,10,301
2015-10-29,1147.3,142805.0,1156.1,1162.5,1144.2,1176.1,1177.5,1117.0,1164.4857142857143,8.633158667114818,-2.4487713629793295,1.0159937073938123,3,10,302
2015-10-30,1141.4,110040.0,1146.6,1149.8,1138.4,1147.3,1167.1,1137.8,1160.8142857142857,12.103364349286737,-0.5142508498213072,1.0100140548137735,4,10,303
2015-11-02,1135.9,98561.0,1141.3,1142.7,1132.2,1141.4,1166.1,1132.8,1156.5,14.952368820140038,-0.48186437708077623,1.0092739798622152,0,11,306
2015-11-03,1114.1,144707.0,1132.9,1138.0,1113.6,1135.9,1162.8,1124.8,1149.5428571428572,21.450319122949285,-1.9191830266748977,1.02191091954023,1,11,307
2015-11-04,1106.2,147311.0,1117.4,1122.3,1105.6,1114.1,1166.2,1131.5,1140.9714285714285,25.32309316847434,-0.7090925410645266,1.0151049204052098,2,11,308
2015-11-05,1104.2,130595.0,1103.6,1111.3,1102.2,1106.2,1165.8,1153.8,1132.1714285714286,25.95237396243189,-0.18079913216416665,1.0082562148430412,3,11,309
2015-11-06,1087.7,183535.0,1103.2,1109.7,1084.5,1104.2,1176.1,1145.6,1119.5428571428572,22.25899497154077,-1.4942945118637918,1.0232365145228217,4,11,310
2015-11-09,1088.1,133427.0,1089.1,1094.9,1087.4,1087.7,1147.3,1131.7,1111.0857142857144,21.175097683481802,0.03677484600532743,1.0068971859481333,0,11,313
2015-11-10,1088.5,137955.0,1089.0,1094.8,1084.0,1088.1,1141.4,1126.8,1103.5285714285715,17.709198578308317,0.03676132708392288,1.0099630996309963,1,11,314
2015-11-11,1084.9,158171.0,1088.5,1093.5,1083.2,1088.5,1135.9,1115.2,1096.2428571428572,11.613477392370783,-0.33073036288469027,1.0095088626292466,2,11,315
2015-11-12,1081.0,193512.0,1085.4,1089.0,1073.0,1084.9,1114.1,1113.7,1091.5142857142857,9.714152660166437,-0.35948013641811105,1.0149114631873253,3,11,316
2015-11-13,1080.9,126219.0,1083.5,1088.0,1078.2,1081.0,1106.2,1136.6,1087.9,7.871255723639482,-0.009250693802032028,1.0090892227787052,4,11,317
2015-11-16,1083.6,146506.0,1087.9,1097.4,1080.5,1080.9,1104.2,1137.6,1084.957142857143,3.2638714961102426,0.24979184013320666,1.0156409069875059,0,11,320
2015-11-17,1068.6,171466.0,1082.4,1085.1,1064.4,1083.6,1087.7,1146.4,1082.2285714285713,6.73095195986279,-1.3842746400885897,1.0194475760992106,1,11,321
2015-11-18,1068.7,144564.0,1070.2,1074.6,1062.0,1068.6,1088.1,1148.7,1079.4571428571428,7.8168316563122975,0.009358038555129511,1.011864406779661,2,11,322
2015-11-19,1077.9,169716.0,1079.5,1086.6,1068.3,1068.7,1088.5,1144.3,1077.9428571428573,6.723307009435722,0.8608589875549688,1.0171300196573996,3,11,323
2015-11-20,1076.3,143217.0,1079.7,1087.2,1074.9,1077.9,1084.9,1155.9,1076.7142857142858,5.985379010976089,-0.14843677521106935,1.0114429249232486,4,11,324
2015-11-23,1066.6,67286.0,1072.7,1076.3,1065.4,1076.3,1081.0,1164.5,1074.6571428571428,6.698969359271904,-0.9012357149493666,1.0102308991927913,0,11,327
2015-11-24,1073.3,69317.0,1067.6,1080.5,1067.6,1066.6,1080.9,1165.4,1073.5714285714287,6.108386116860597,0.6281642602662618,1.0120831772199326,1,11,328
2015-11-25,1069.7,9070.0,1070.6,1073.9,1068.7,1073.3,1083.6,1179.8,1071.5857142857142,4.295124589388792,-0.3354141432963642,1.0048657247122672,2,11,329
2015-11-26,1069.7,9070.0,1069.7,1069.7,1069.7,1069.7,1068.6,1187.5,1071.742857142857,4.186429322999152,0.0,1.0,3,11,330
2015-11-27,1056.2,175421.0,1071.0,1073.9,1051.6,1069.7,1068.7,1183.1,1069.957142857143,7.247495462328315,-1.262036084883611,1.021205781666033,4,11,331
2015-11-30,1065.3,105076.0,1056.0,1069.1,1052.2,1056.2,1077.9,1172.8,1068.1571428571428,6.468863151781158,0.8615792463548377,1.0160615852499524,0,11,334
2015-12-01,1063.5,115302.0,1064.6,1074.0,1062.6,1065.3,1076.3,1177.5,1066.3285714285714,5.523499580821234,-0.1689664883131492,1.01072840203275,1,12,335
2015-12-02,1053.8,117379.0,1067.9,1071.0,1049.4,1063.5,1066.6,1167.1,1064.5,7.2633784609474015,-0.9120827456511549,1.020583190394511,2,12,336
2015-12-03,1061.2,166626.0,1053.5,1064.5,1045.4,1053.8,1073.3,1166.1,1062.7714285714285,6.1789196158664055,0.7022205352059219,1.0182705184618328,3,12,337
2015-12-04,1084.1,199706.0,1062.0,1088.3,1057.2,1061.2,1069.7,1162.8,1064.8285714285714,10.052812920736837,2.1579344138710654,1.0294173287930382,4,12,338
2015-12-07,1075.2,104016.0,1085.5,1086.1,1065.0,1084.1,1069.7,1166.2,1065.6142857142856,10.69165228445597,-0.8209574762475635,1.01981220657277,0,12,341
2015-12-08,1075.3,120295.0,1069.7,1078.4,1066.8,1075.2,1056.2,1165.8,1068.3428571428572,10.319376134718674,0.009300595238093123,1.0108736407949008,1,12,342
2015-12-09,1076.5,135909.0,1074.3,1085.0,1068.7,1075.3,1065.3,1176.1,1069.9428571428573,10.632474961635133,0.1115967636938553,1.015252175540376,2,12,343
2015-12-10,1072.0,95161.0,1071.7,1076.0,1068.8,1076.5,1063.5,1147.3,1071.1571428571428,10.252618713112392,-0.4180213655364584,1.006736526946108,3,12,344
2015-12-11,1075.7,147088.0,1071.4,1079.1,1061.7,1072.0,1053.8,1141.4,1074.2857142857142,6.8501651005671675,0.3451492537313472,1.0163888103984176,4,12,345
2015-12-14,1063.4,114615.0,1073.0,1077.3,1058.1,1075.7,1061.2,1135.9,1074.6000000000001,6.166036003808742,-1.1434414799665338,1.0181457329174937,0,12,348
2015-12-15,1061.6,109842.0,1060.4,1067.9,1057.4,1063.4,1084.1,1114.1,1071.3857142857144,6.252313857421163,-0.1692683844273235,1.0099300170228864,1,12,349
2015-12-16,1076.8,135844.0,1060.3,1077.9,1060.2,1061.6,1075.2,1106.2,1071.6142857142856,6.4413840571495244,1.4318010550113058,1.016694963214488,2,12,350
2015-12-17,1049.6,157113.0,1072.2,1072.7,1046.8,1076.8,1075.3,1104.2,1067.942857142857,10.21140818609932,-2.526002971768204,1.0247420710737487,3,12,351
2015-12-18,1065.0,115775.0,1051.5,1071.0,1050.0,1049.6,1076.5,1087.7,1066.3,9.50596304082945,1.4672256097560954,1.02,4,12,352
2015-12-21,1080.6,9268.0,1078.0,1079.5,1075.4,1065.0,1072.0,1088.1,1067.5285714285715,10.829083415475504,1.464788732394351,1.0038125348707456,0,12,355
2015-12-22,1074.1,74764.0,1070.8,1080.3,1071.2,1080.6,1075.7,1088.5,1067.3,10.643151162458684,-0.6015176753655371,1.0084951456310678,1,12,356
2015-12-23,1068.3,64030.0,1069.5,1074.9,1067.6,1074.1,1063.4,1084.9,1067.9999999999998,10.504126173411287,-0.5399869658318512,1.0068377669539155,2,12,357
2015-12-24,1075.9,47886.0,1069.6,1076.6,1069.5,1068.3,1061.6,1081.0,1070.042857142857,10.442358792108712,0.7114106524384711,1.006638616175783,3,12,358
2015-12-25,1075.9,47886.0,1075.9,1075.9,1075.9,1075.9,1076.8,1080.9,1069.9142857142856,10.350431322978867,0.0,1.0,4,12,359
2015-12-28,1068.3,66151.0,1068.6,1076.5,1065.7,1075.9,1049.6,1083.6,1072.5857142857144,5.519187310799968,-0.7063853517985108,1.0101341841043445,0,12,362
2015-12-29,1068.0,5260.0,1068.2,1070.5,1067.7,1068.3,1065.0,1068.6,1073.0142857142857,4.9154276082243795,-0.02808199943835632,1.0026224594923667,1,12,363
2015-12-30,1059.8,5260.0,1068.2,1070.5,1059.8,1068.0,1080.6,1068.7,1070.042857142857,5.7769245401971085,-0.7677902621722854,1.0100962445744481,2,12,364
2015-12-31,1060.2,53272.0,1060.6,1062.7,1056.5,1059.8,1074.1,1077.9,1068.057142857143,6.4943198625006655,0.037742970371779094,1.0058684335068624,3,12,365
2016-01-04,1075.2,151233.0,1061.5,1083.0,1061.0,1060.2,1068.3,1076.3,1069.0428571428572,7.038195114975718,1.4148273910582931,1.0207351555136663,0,1,4
2016-01-05,1078.4,99250.0,1073.5,1081.5,1071.9,1075.2,1075.9,1066.6,1069.3999999999999,7.492885514513746,0.29761904761904656,1.008956059333893,1,1,5
2016-01-06,1091.9,179581.0,1076.8,1094.9,1074.4,1078.4,1075.9,1073.3,1071.6857142857143,11.286338138284693,1.2518545994065322,1.0190804169769174,2,1,6
2016-01-07,1107.8,203063.0,1093.7,1109.9,1091.1,1091.9,1068.3,1069.7,1077.3285714285714,17.4841560930452,1.4561773056140481,1.0172303180276787,3,1,7
2016-01-08,1097.9,183436.0,1108.8,1113.1,1091.8,1107.8,1068.0,1069.7,1081.6,18.450925902699623,-0.8936631160859188,1.0195090675947975,4,1,8
2016-01-11,1096.2,185771.0,1103.6,1108.3,1093.1,1097.9,1059.8,1056.2,1086.8,16.285269417489925,-0.15484106020585697,1.0139054066416613,0,1,11
2016-01-12,1085.2,161091.0,1094.0,1099.1,1083.1,1096.2,1060.2,1065.3,1090.3714285714286,11.52514848577977,-1.0034665207078963,1.0147724125196196,1,1,12
2016-01-13,1087.1,146676.0,1086.8,1095.6,1079.4,1085.2,1075.2,1063.5,1092.0714285714287,9.63737763187001,0.17508293402137554,1.0150083379655361,2,1,13
2016-01-14,1073.6,168364.0,1093.6,1095.4,1071.1,1087.1,1078.4,1053.8,1091.3857142857144,10.86484062952535,-1.241836077637748,1.0226869573335824,3,1,14
2016-01-15,1090.7,8927.0,1089.3,1093.3,1089.0,1073.6,1091.9,1061.2,1091.2142857142858,10.864840629525363,1.5927719821162478,1.0039485766758494,4,1,15
2016-01-19,1089.1,154064.0,1089.0,1094.5,1082.1,1090.7,1107.8,1084.1,1088.542857142857,8.038419650429978,-0.14669478316678974,1.0114591997042788,1,1,19
2016-01-20,1106.2,183164.0,1087.3,1109.9,1087.1,1089.1,1097.9,1075.2,1089.7285714285715,10.01727080026992,1.5701037553943697,1.0209732315334377,2,1,20
2016-01-21,1098.2,170505.0,1100.9,1104.8,1092.5,1106.2,1096.2,1075.3,1090.0142857142857,10.258237108375585,-0.7231965286566666,1.011258581235698,3,1,21
2016-01-22,1096.3,133883.0,1101.6,1103.5,1094.4,1098.2,1085.2,1076.5,1091.6,10.247926619576372,-0.17301038062285112,1.0083150584795322,4,1,22
2016-01-25,1105.3,148860.0,1097.8,1109.2,1097.6,1096.3,1087.1,1072.0,1094.2,11.182128598805155,0.8209431724892857,1.0105685131195337,0,1,25
2016-01-26,1120.6,89525.0,1109.4,1123.6,1107.7,1105.3,1073.6,1075.7,1100.9142857142856,10.857167919779725,1.3842395729666057,1.014354066985646,1,1,26
2016-01-27,1116.3,124865.0,1120.2,1128.7,1115.2,1120.6,1090.7,1063.4,1104.5714285714287,11.150742021015347,-0.3837230055327434,1.0121054519368724,2,1,27
2016-01-28,1116.1,146072.0,1115.7,1126.4,1110.2,1116.3,1089.1,1061.6,1108.4285714285713,9.446642134601447,-0.017916330735467945,1.0145919654116375,3,1,28
2016-01-29,1116.4,126023.0,1114.8,1118.9,1108.5,1116.1,1106.2,1076.8,1109.8857142857144,9.824701619130153,0.02687931188962711,1.0093820478123592,4,1,29
2016-02-01,1128.0,109728.0,1118.0,1130.2,1115.3,1116.4,1098.2,1049.6,1114.142857142857,10.35903102658215,1.0390541024722255,1.0133596341791447,0,2,32
2016-02-02,1127.2,107444.0,1128.8,1131.5,1122.6,1128.0,1096.3,1065.0,1118.5571428571427,7.7414161372246495,-0.07092198581559739,1.0079280242294675,1,2,33
2016-02-03,1141.3,181052.0,1129.4,1146.2,1124.8,1127.2,1105.3,1080.6,1123.7,9.272899582482978,1.2508871540099387,1.0190256045519204,2,2,34
2016-02-04,1157.5,168259.0,1156.7,1157.9,1139.7,1141.3,1120.6,1074.1,1128.9714285714285,15.56831336248453,1.419433978796114,1.0159691146793015,3,2,35
2016-02-05,1157.7,206063.0,1155.7,1175.0,1145.5,1157.5,1116.3,1068.3,1134.8857142857144,17.673655401139097,0.017278617710592137,1.0257529463116544,4,2,36
2016-02-08,1197.9,232700.0,1174.0,1201.4,1164.5,1157.7,1116.1,1075.9,1146.5714285714287,27.4959217755252,3.4724021767297275,1.031687419493345,0,2,39
2016-02-09,1198.6,180163.0,1189.4,1199.3,1185.9,1197.9,1116.4,1075.9,1158.3142857142857,29.90972130547992,0.05843559562566103,1.0112994350282485,1,2,40
2016-02-10,1194.6,159103.0,1189.7,1198.1,1181.6,1198.6,1128.0,1068.3,1167.8285714285714,29.24492629988551,-0.33372267645586096,1.0139641164522681,2,2,41
2016-02-11,1247.8,345519.0,1197.5,1263.9,1196.3,1194.6,1127.2,1068.0,1185.0571428571427,36.05222402491733,4.453373514147008,1.056507564992059,3,2,42
2016-02-12,1239.4,33215.0,1236.3,1236.3,1215.0,1247.8,1141.3,1059.8,1199.0714285714287,35.26621207736441,-0.6731848052572431,1.017530864197531,4,2,43
2016-02-16,1208.2,319892.0,1209.4,1236.3,1191.5,1239.4,1157.5,1060.2,1206.314285714286,30.139034964167934,-2.517347103437151,1.0375996642887118,1,2,47
2016-02-17,1211.4,156859.0,1201.9,1214.4,1196.2,1208.2,1157.7,1075.2,1213.9857142857143,21.216065341418012,0.2648568117861405,1.0152148470155493,2,2,48
2016-02-18,1226.3,173177.0,1209.5,1240.6,1201.3,1211.4,1197.9,1078.4,1218.0428571428572,20.324029877858152,1.2299818391943163,1.0327145592275035,3,2,49
2016-02-19,1230.8,168415.0,1231.2,1235.3,1220.6,1226.3,1198.6,1091.9,1222.642857142857,18.77497067399556,0.3669575144744419,1.0120432574143865,4,2,50
2016-02-22,1210.1,155626.0,1208.0,1226.9,1202.5,1230.8,1194.6,1107.8,1224.857142857143,15.554190983227697,-1.6818329541761545,1.0202910602910604,0,2,53
2016-02-23,1222.6,175821.0,1208.9,1229.0,1207.6,1210.1,1247.8,1097.9,1221.2571428571428,11.829321922355906,1.0329724816130925,1.0177210997018882,1,2,54
2016-02-24,1239.1,260422.0,1226.0,1254.3,1222.4,1222.6,1239.4,1096.2,1221.2142857142858,11.752932764689012,1.3495828562080758,1.0260962041884816,2,2,55
2016-02-25,1238.8,199289.0,1228.9,1244.4,1221.8,1239.1,1208.2,1085.2,1225.5857142857144,11.796246376338958,-0.024211120974892975,1.0184972990669505,3,2,56
2016-02-26,1220.4,210351.0,1232.5,1241.3,1212.0,1238.8,1211.4,1087.1,1226.8714285714286,10.400274721639464,-1.4853083629318586,1.0241749174917492,4,2,57
2016-02-29,1234.4,174484.0,1223.1,1241.8,1216.3,1220.4,1226.3,1073.6,1228.0285714285715,10.77013065313371,1.1471648639790333,1.0209652223957906,0,2,60
2016-03-01,1230.8,211175.0,1238.9,1249.3,1227.7,1234.4,1230.8,1090.7,1228.0285714285715,10.77013065313371,-0.29163966299418087,1.0175938747250957,1,3,61
2016-03-02,1241.8,175010.0,1232.3,1244.8,1225.1,1230.8,1210.1,1089.1,1232.5571428571427,8.372943955147178,0.8937276568085739,1.0160803199738797,2,3,62
2016-03-03,1258.2,216716.0,1240.8,1269.3,1238.0,1241.8,1222.6,1106.2,1237.642857142857,11.532541949169609,1.3206635529070754,1.0252827140549272,3,3,63
2016-03-04,1270.7,351429.0,1264.6,1280.7,1250.1,1258.2,1239.1,1098.2,1242.1571428571428,17.058708151831013,0.9934827531393964,1.0244780417566597,4,3,64
2016-03-07,1264.0,208860.0,1260.5,1274.1,1257.4,1270.7,1238.8,1096.3,1245.757142857143,18.80211487597434,-0.5272684347210288,1.013281374264355,0,3,67
2016-03-08,1262.9,198376.0,1267.9,1279.0,1261.0,1264.0,1220.4,1105.3,1251.8285714285714,15.884868511222985,-0.08702531645569112,1.014274385408406,1,3,68
2016-03-09,1257.4,217105.0,1262.2,1265.7,1243.6,1262.9,1234.4,1120.6,1255.1142857142859,13.938487312876394,-0.43550558238973913,1.0177709874557737,2,3,69
2016-03-10,1272.8,294934.0,1253.7,1274.3,1237.5,1257.4,1230.8,1116.3,1261.1142857142856,10.28987019214518,1.2247494830602612,1.0297373737373736,3,3,70
2016-03-11,1259.4,225924.0,1272.0,1287.8,1249.0,1272.8,1241.8,1116.1,1263.6285714285714,6.068144770203019,-1.0527969830295358,1.031064851881505,4,3,71
2016-03-14,1245.1,198015.0,1250.9,1261.9,1229.9,1259.4,1258.2,1116.4,1261.7571428571428,9.221868419286013,-1.1354613307924533,1.026018375477681,0,3,74
2016-03-15,1231.0,169067.0,1237.0,1238.7,1226.0,1245.1,1270.7,1128.0,1256.0857142857144,13.851164640727744,-1.1324391615131213,1.0103588907014682,1,3,75
2016-03-16,1229.8,195631.0,1233.1,1264.8,1227.0,1231.0,1264.0,1127.2,1251.2,16.39278296486395,-0.09748172217709516,1.0308068459657702,2,3,76
2016-03-17,1265.0,196709.0,1262.0,1271.9,1255.2,1229.8,1262.9,1141.3,1251.5,16.65963184866738,2.8622540250447193,1.013304652644997,3,3,77
2016-03-18,1254.3,152348.0,1257.7,1267.7,1248.4,1265.0,1257.4,1157.5,1251.0571428571427,16.517249280958502,-0.8458498023715455,1.0154597885293175,4,3,78
2016-03-21,1244.2,165130.0,1255.2,1256.7,1241.2,1254.3,1272.8,1157.7,1246.9714285714285,13.505148929903061,-0.8052300087698194,1.0124879149210442,0,3,81
2016-03-22,1248.6,178128.0,1244.3,1260.9,1242.8,1244.2,1259.4,1197.9,1245.4285714285713,12.422119288545973,0.35364089374696484,1.0145638879948504,1,3,82
2016-03-23,1225.6,248406.0,1248.5,1249.8,1215.4,1248.6,1245.1,1198.6,1242.642857142857,14.517788759863471,-1.8420631106839669,1.028303439196972,2,3,83
2016-03-24,1223.5,61613.0,1222.1,1225.6,1212.6,1225.6,1231.0,1194.6,1241.5714285714287,15.745127742221662,-0.1713446475195779,1.0107207652977075,3,3,84
2016-03-28,1222.0,85386.0,1217.8,1225.1,1207.7,1223.5,1229.8,1247.8,1240.4571428571428,16.947158772963196,-0.1225991009399241,1.0144075515442577,0,3,88
2016-03-29,1237.5,193572.0,1223.1,1245.2,1217.0,1222.0,1265.0,1239.4,1236.5285714285712,13.048590509536158,1.2684124386252105,1.0231717337715696,1,3,89
2016-03-30,1228.6,172801.0,1243.0,1246.8,1224.9,1237.5,1254.3,1208.2,1232.857142857143,10.600920894402375,-0.7191919191919305,1.017879010531472,2,3,90
2016-03-31,1235.6,117150.0,1227.0,1242.3,1225.1,1228.6,1244.2,1211.4,1231.6285714285714,9.509418889653762,0.5697541917629723,1.0140396702310015,3,3,91
2016-04-01,1223.5,188179.0,1234.1,1237.2,1210.3,1235.6,1248.6,1226.3,1228.042857142857,6.199692772715159,-0.9792813208157947,1.0222258944063456,4,4,92
2016-04-04,1219.3,86900.0,1217.2,1224.1,1215.7,1223.5,1225.6,1230.8,1227.142857142857,7.016850466987238,-0.3432774826317986,1.0069095994077486,0,4,95
2016-04-05,1229.6,148762.0,1217.1,1238.8,1216.0,1219.3,1223.5,1210.1,1228.0142857142855,6.866204330241569,0.8447469859755641,1.01875,1,4,96
2016-04-06,1223.8,129032.0,1232.6,1233.8,1217.2,1229.6,1222.0,1222.6,1228.2714285714285,6.633177791896813,-0.4716981132075415,1.013637857377588,2,4,97
2016-04-07,1237.5,179765.0,1224.0,1245.0,1224.0,1223.8,1237.5,1239.1,1228.2714285714285,6.633177791896813,1.1194639647001292,1.017156862745098,3,4,98
2016-04-08,1243.8,128333.0,1241.8,1244.6,1231.0,1237.5,1228.6,1238.8,1230.4428571428573,8.869584195969045,0.5090909090909035,1.0110479285134037,4,4,99
2016-04-11,1258.0,151279.0,1241.8,1260.9,1241.6,1243.8,1235.6,1220.4,1233.642857142857,13.742495787739662,1.1416626467277702,1.0155444587628868,0,4,102
2016-04-12,1260.9,148296.0,1259.8,1264.7,1253.0,1258.0,1223.5,1234.4,1238.9857142857143,16.19356133070386,0.23052464228936476,1.0093375897845172,1,4,103
2016-04-13,1248.3,150426.0,1257.2,1258.7,1241.4,1260.9,1219.3,1230.8,1243.1285714285714,13.85925855227743,-0.9992862241256395,1.0139358788464636,2,4,104
2016-04-14,1226.5,196567.0,1243.8,1245.9,1225.4,1248.3,1229.6,1241.8,1242.685714285714,14.402479945178085,-1.7463750700953296,1.0167292312714216,3,4,105
2016-04-15,1234.6,115585.0,1228.5,1237.6,1226.8,1226.5,1223.8,1258.2,1244.2285714285715,12.494227238430485,0.6604158173664887,1.0088033909357679,4,4,106
2016-04-18,1235.0,143540.0,1236.3,1243.3,1231.7,1234.6,1237.5,1270.7,1243.8714285714286,12.751694565254434,0.03239915762189849,1.0094178777299667,0,4,109
2016-04-19,1254.3,200511.0,1233.9,1258.5,1229.0,1235.0,1243.8,1264.0,1245.3714285714286,13.345625286420079,1.5627530364372477,1.0240032546786004,1,4,110
2016-04-20,1254.4,158271.0,1251.3,1259.8,1244.0,1254.3,1258.0,1262.9,1244.857142857143,12.83755650981446,0.007972574344261574,1.012700964630225,2,4,111
2016-04-21,1250.3,261992.0,1244.5,1272.4,1244.4,1254.4,1260.9,1257.4,1243.3428571428572,11.143137969591416,-0.32684948979593287,1.0225008036001286,3,4,112
2016-04-22,1230.0,198388.0,1248.5,1254.2,1228.5,1250.3,1248.3,1272.8,1240.7285714285715,11.906820774338309,-1.6236103335199537,1.020919820919821,4,4,113
2016-04-25,1240.2,114696.0,1234.5,1243.8,1231.3,1230.0,1226.5,1259.4,1242.685714285714,10.17880617940645,0.8292682926829276,1.0101518720051978,0,4,116
2016-04-26,1243.4,139982.0,1239.8,1246.5,1232.7,1240.2,1234.6,1245.1,1243.9428571428573,9.536920736940228,0.2580228995323397,1.011194937941105,1,4,117
2016-04-27,1250.4,167190.0,1245.7,1254.6,1240.7,1243.4,1235.0,1231.0,1246.142857142857,8.88404133691461,0.5629724947723957,1.0112033529459175,2,4,118
2016-04-28,1266.4,214356.0,1247.3,1271.7,1239.1,1250.4,1254.3,1229.8,1247.8714285714286,11.521387978546382,1.2795905310300615,1.0263094181260592,3,4,119
2016-04-29,1290.5,249603.0,1268.0,1299.0,1267.0,1266.4,1254.4,1265.0,1253.0285714285715,19.936792978949992,1.9030322173088976,1.0252565114443568,4,4,120
2016-05-02,1295.8,193092.0,1294.2,1306.0,1289.6,1290.5,1250.3,1254.3,1259.5285714285715,25.53120406389316,0.4106935296396719,1.0127171215880895,0,5,123
2016-05-03,1291.8,209229.0,1293.4,1303.9,1284.0,1295.8,1230.0,1244.2,1268.357142857143,24.272608508548647,-0.3086896125945371,1.0154984423676012,1,5,124
2016-05-04,1274.4,205506.0,1287.7,1291.8,1273.6,1291.8,1240.2,1248.6,1273.2428571428572,20.862874294048105,-1.3469577333952487,1.0142902010050252,2,5,125
2016-05-05,1272.3,168856.0,1281.2,1288.4,1270.6,1274.4,1243.4,1225.6,1277.3714285714286,16.342859224100486,-0.1647834274953075,1.014009129545097,3,5,126
2016-05-06,1294.0,246521.0,1279.3,1297.7,1276.2,1272.3,1250.4,1223.5,1283.6000000000001,12.110739036066358,1.705572585082149,1.0168468892023195,4,5,127
2016-05-09,1266.6,213413.0,1288.8,1289.5,1262.8,1294.0,1266.4,1222.0,1283.6285714285714,12.06354208426155,-2.1174652241112923,1.0211434906556858,0,5,130
2016-05-10,1264.8,164024.0,1265.4,1272.0,1258.3,1266.6,1290.5,1237.5,1279.957142857143,13.454349624163735,-0.142112742775935,1.0108877056345864,1,5,131
2016-05-11,1275.5,215592.0,1267.3,1280.8,1266.3,1264.8,1295.8,1228.6,1277.0571428571427,11.518949191480498,0.8459835547122152,1.011450683092474,2,5,132
2016-05-12,1271.2,211757.0,1279.3,1282.5,1262.9,1275.5,1291.8,1235.6,1274.1142857142859,9.595559488872416,-0.33712269698157327,1.015519835299707,3,5,133
2016-05-13,1272.7,167683.0,1264.8,1277.7,1264.0,1271.2,1274.4,1223.5,1273.8714285714286,9.60862707598971,0.1179987413467698,1.0108386075949367,4,5,134
2016-05-16,1274.2,188509.0,1273.1,1290.4,1271.6,1272.7,1272.3,1219.3,1274.142857142857,9.583641816966963,0.11785966842146056,1.0147845234350426,0,5,137
2016-05-17,1276.9,196855.0,1274.9,1283.9,1270.1,1274.2,1294.0,1229.6,1271.7,4.520324472100397,0.2118976612776713,1.0108652861979373,1,5,138
2016-05-18,1274.4,225480.0,1280.6,1283.5,1256.0,1276.9,1266.6,1223.8,1272.814285714286,3.983059364922226,-0.19578667084344525,1.0218949044585988,2,5,139
2016-05-19,1254.8,246015.0,1259.1,1262.3,1244.6,1274.4,1264.8,1237.5,1271.3857142857144,7.540872754827433,-1.5379786566227405,1.0142214366061386,3,5,140
2016-05-20,1252.9,188383.0,1256.3,1261.2,1249.6,1254.8,1275.5,1243.8,1268.1571428571428,9.94163922479264,-0.15141855275739857,1.0092829705505764,4,5,141
2016-05-23,1251.5,206897.0,1251.7,1256.8,1243.5,1252.9,1271.2,1258.0,1265.3428571428574,11.588623320996449,-0.11174076143347644,1.0106956172094894,0,5,144
2016-05-24,1232.2,288926.0,1249.5,1252.8,1226.2,1251.5,1272.7,1260.9,1259.5571428571427,16.41024650868951,-1.5421494206951603,1.0216930353938998,1,5,145
2016-05-25,1226.6,105239.0,1230.0,1233.4,1220.6,1232.2,1274.2,1248.3,1252.7571428571428,18.990599178083812,-0.4544716766758716,1.010486645911847,2,5,146
2016-05-26,1222.7,148362.0,1226.1,1237.2,1220.8,1226.6,1276.9,1226.5,1245.0142857142857,18.550600041630865,-0.3179520626120924,1.0134338138925296,3,5,147
2016-05-27,1216.7,29931.0,1215.1,1215.9,1202.2,1222.7,1274.4,1234.6,1236.7714285714285,15.95469777063125,-0.4907172650691072,1.011395774413575,4,5,148
2016-05-31,1217.5,227362.0,1208.1,1220.6,1201.5,1216.7,1254.8,1235.0,1231.4428571428573,15.137795650049897,0.06575162324320427,1.0158967956720766,1,5,152
2016-06-01,1214.7,151311.0,1217.9,1222.9,1208.2,1217.5,1252.9,1254.3,1225.9857142857143,12.821652073916999,-0.22997946611909015,1.0121668597914253,2,6,153
2016-06-02,1212.6,106248.0,1215.9,1220.0,1212.0,1214.7,1251.5,1254.4,1220.4285714285713,7.052118898047928,-0.17288219313411624,1.0066006600660067,3,6,154
2016-06-03,1242.9,230035.0,1212.8,1247.4,1209.1,1212.6,1232.2,1250.3,1221.957142857143,10.39580959534561,2.4987629886195073,1.0316764535604996,4,6,155
2016-06-06,1247.4,157245.0,1245.5,1251.3,1242.1,1242.9,1226.6,1230.0,1224.9285714285713,14.215099282765086,0.3620564808110016,1.0074068110458096,0,6,158
2016-06-07,1247.0,114337.0,1248.0,1249.0,1236.9,1247.4,1222.7,1240.2,1228.3999999999999,16.382104056962632,-0.032066698733368426,1.0097825208181743,1,6,159
2016-06-08,1262.3,167215.0,1247.0,1267.2,1245.5,1247.0,1216.7,1243.4,1234.9142857142856,19.68717252183703,1.2269446672012796,1.0174227217984746,2,6,160
2016-06-09,1272.7,145087.0,1264.6,1274.4,1259.4,1262.3,1217.5,1250.4,1242.8,22.415470847901908,0.8238928939237944,1.0119104335397808,3,6,161
2016-06-10,1275.9,151163.0,1271.5,1280.9,1267.3,1272.7,1214.7,1266.4,1251.542857142857,21.54706918529733,0.25143395929914103,1.0107314763670798,4,6,162
2016-06-13,1286.9,195734.0,1278.3,1290.3,1275.2,1275.9,1212.6,1290.5,1262.1571428571428,16.983311136013555,0.8621365310760964,1.011841279799247,0,6,165
2016-06-14,1288.1,182512.0,1286.2,1293.0,1278.6,1286.9,1242.9,1295.8,1268.6142857142859,17.033929725830642,0.09324733856552747,1.011262318160488,1,6,166
2016-06-15,1288.3,190137.0,1288.1,1300.0,1281.3,1288.1,1247.4,1291.8,1274.457142857143,15.488905399541865,0.0155267448179508,1.014594552407711,2,6,167
2016-06-16,1298.4,331368.0,1295.0,1318.9,1280.1,1288.3,1247.0,1274.4,1281.8,12.12009350898019,0.7839788869052455,1.030310132020936,3,6,168
2016-06-17,1294.8,203550.0,1282.4,1302.7,1278.8,1298.4,1262.3,1272.3,1286.4428571428573,9.302662189356015,-0.27726432532348966,1.0186893963090398,4,6,169
2016-06-20,1292.1,186003.0,1293.0,1296.8,1280.8,1294.8,1272.7,1294.0,1289.2142857142858,7.171803253332347,-0.20852641334568878,1.0124921923797627,0,6,172
2016-06-21,1272.5,196994.0,1271.1,1297.4,1267.1,1292.1,1275.9,1266.6,1288.7285714285715,8.256858620895835,-1.5169104558470647,1.0239128719122408,1,6,173
2016-06-22,1270.0,127154.0,1271.4,1273.5,1263.8,1272.5,1286.9,1264.8,1286.314285714286,10.921451150732961,-0.19646365422396617,1.0076752650735876,2,6,174
2016-06-23,1263.1,145996.0,1268.1,1274.9,1256.9,1270.0,1288.1,1275.5,1282.742857142857,13.916998855450613,-0.5433070866141754,1.014320948365025,3,6,175
2016-06-24,1322.4,527205.0,1254.3,1362.6,1252.8,1263.1,1288.3,1271.2,1287.6142857142856,20.566107115944746,4.694798511598464,1.0876436781609196,4,6,176
2016-06-27,1324.7,240734.0,1322.3,1340.0,1320.8,1322.4,1298.4,1272.7,1291.3714285714286,24.826042394069336,0.17392619479732474,1.0145366444579043,0,6,179
2016-06-28,1317.9,183169.0,1328.3,1329.5,1308.2,1324.7,1294.8,1274.2,1294.6714285714286,26.813473869532924,-0.5133237714199379,1.0162819140804158,1,6,180
2016-06-29,1326.9,164974.0,1313.9,1331.0,1313.3,1317.9,1292.1,1276.9,1299.642857142857,29.362212515566043,0.6829046209879452,1.0134774994289195,2,6,181
2016-06-30,1320.6,182812.0,1321.0,1326.5,1315.3,1326.9,1272.5,1274.4,1306.5142857142857,27.522077717797647,-0.4747908659281208,1.008515167642363,3,6,182
2016-07-01,1339.0,63821.0,1345.0,1360.3,1338.5,1320.6,1270.0,1254.8,1316.3714285714286,24.449520396497924,1.3933060729971247,1.0162868883078071,4,7,183
2016-07-05,1358.7,337002.0,1350.8,1360.3,1338.5,1339.0,1263.1,1252.9,1330.0285714285715,14.346394934573265,1.4712471994025478,1.0162868883078071,1,7,187
2016-07-06,1367.1,226256.0,1358.0,1377.5,1356.3,1358.7,1322.4,1251.5,1336.4142857142856,19.43179770130532,0.6182380216383176,1.0156307601563077,2,7,188
2016-07-07,1362.1,204514.0,1365.7,1372.9,1352.0,1367.1,1324.7,1232.2,1341.7571428571428,20.769677990022128,-0.3657376929266376,1.0154585798816569,3,7,189
2016-07-08,1358.4,287124.0,1361.0,1371.8,1336.3,1362.1,1317.9,1226.6,1347.542857142857,18.537246931764248,-0.27163938036853796,1.0265658908927635,4,7,190
2016-07-11,1356.6,217375.0,1368.9,1376.5,1351.8,1358.4,1326.9,1222.7,1351.7857142857142,16.287359983673515,-0.13250883392227353,1.0182719337180057,0,7,193
2016-07-12,1335.3,246267.0,1356.3,1358.9,1331.0,1356.6,1320.6,1216.7,1353.8857142857141,11.972388869301119,-1.5701017249004856,1.020961682945154,1,7,194
2016-07-13,1332.2,195091.0,1334.0,1346.3,1328.1,1335.3,1339.0,1217.5,1352.9142857142856,13.553035154696271,-0.23215756758779849,1.0137037873654093,2,7,195
2016-07-14,1327.4,251302.0,1344.5,1348.0,1320.4,1332.2,1358.7,1214.7,1348.4428571428573,16.225787822964623,-0.3603062603212748,1.0209027567403817,3,7,196
2016-07-15,1327.4,184243.0,1336.4,1339.5,1322.6,1327.4,1367.1,1212.6,1342.7714285714285,15.54141931373703,0.0,1.0127778617873886,4,7,197
2016-07-18,1329.3,159487.0,1333.4,1336.0,1323.5,1327.4,1362.1,1242.9,1338.0857142857144,13.561026088431497,0.14313695946963634,1.0094446543256517,0,7,200
2016-07-19,1332.3,144123.0,1329.1,1335.5,1325.8,1329.3,1358.4,1247.4,1334.357142857143,10.221685631174187,0.22568269013767406,1.0073163373057776,1,7,201
2016-07-20,1319.3,212201.0,1332.2,1338.8,1312.5,1332.3,1356.6,1247.0,1329.0285714285715,5.165821743480842,-0.975756211063572,1.0200380952380952,2,7,202
2016-07-21,1331.0,241351.0,1316.2,1334.0,1310.7,1319.3,1335.3,1262.3,1328.4142857142856,4.509777737073254,0.8868339270825532,1.0177767605096513,3,7,203
2016-07-22,1323.4,211535.0,1331.4,1334.0,1319.4,1331.0,1332.2,1272.7,1327.1571428571428,4.505129351738836,-0.5709992486851889,1.0110656358951038,4,7,204
2016-07-25,1319.5,125105.0,1322.7,1323.4,1311.1,1323.4,1327.4,1275.9,1326.0285714285715,5.345313924559633,-0.29469548133596035,1.0093814354358936,0,7,207
2016-07-26,1320.8,88658.0,1315.5,1324.4,1313.6,1319.5,1327.4,1286.9,1325.0857142857144,5.637206332733182,0.09852216748769127,1.0082216808769795,1,7,208
2016-07-27,1326.7,160965.0,1319.9,1342.3,1315.6,1320.8,1329.3,1288.1,1324.7142857142858,5.393647056597343,0.44669897032103556,1.0202949224688356,2,7,209
2016-07-28,1332.3,179984.0,1339.5,1344.3,1330.1,1326.7,1332.3,1288.3,1324.7142857142858,5.393647056597343,0.42209994723749755,1.0106758890309,3,7,210
2016-07-29,1349.0,214928.0,1333.2,1353.3,1325.8,1332.3,1319.3,1298.4,1328.957142857143,10.074862636411524,1.2534714403662939,1.0207421933926686,4,7,211
2016-08-01,1359.6,108934.0,1357.2,1361.9,1353.2,1349.0,1331.0,1294.8,1333.042857142857,15.421722465704597,0.7857672349888656,1.0064292048477683,0,8,214
2016-08-02,1372.6,154681.0,1360.6,1374.2,1353.7,1359.6,1323.4,1292.1,1340.0714285714287,20.627466663457742,0.956163577522795,1.015143680283667,1,8,215
2016-08-03,1364.7,131123.0,1370.5,1373.4,1360.6,1372.6,1319.5,1272.5,1346.5285714285712,20.184458896687055,-0.5755500509980971,1.0094076142878143,2,8,216
2016-08-04,1367.4,158935.0,1364.7,1371.4,1355.1,1364.7,1320.8,1270.0,1353.1857142857145,17.832127240024366,0.19784568036931294,1.012028632573242,3,8,217
2016-08-05,1344.4,207828.0,1367.2,1371.0,1340.4,1367.4,1326.7,1263.1,1355.7142857142858,14.369229690711155,-1.6820242796548146,1.022829006266786,4,8,218
2016-08-08,1341.3,126244.0,1341.2,1343.9,1335.3,1344.4,1332.3,1322.4,1357.0,12.157439423372997,-0.2305861350788585,1.0064405002621135,0,8,221
2016-08-09,1346.7,117280.0,1341.2,1348.5,1336.0,1341.3,1349.0,1324.7,1356.6714285714286,12.437539183939561,0.4025944978752083,1.0093562874251496,1,8,222
2016-08-10,1351.9,184037.0,1347.0,1363.6,1345.7,1346.7,1359.6,1317.9,1355.5714285714287,12.475805155795232,0.38612905621149274,1.013301627405811,2,8,223
2016-08-11,1350.0,149880.0,1353.2,1359.4,1341.4,1351.9,1372.6,1326.9,1352.3428571428572,10.016462639534046,-0.14054293956654584,1.0134188161622186,3,8,224
2016-08-12,1343.2,227943.0,1344.7,1362.5,1338.3,1350.0,1364.7,1320.6,1349.2714285714285,8.820754745790005,-0.5037037037036951,1.0180826421579616,4,8,225
2016-08-15,1347.5,117800.0,1343.6,1349.1,1340.9,1343.2,1367.4,1339.0,1346.4285714285713,3.7584191205055357,0.32013103037522583,1.00611529569692,0,8,228
2016-08-16,1356.9,213729.0,1345.2,1364.3,1344.8,1347.5,1344.4,1358.7,1348.2142857142858,5.291007645470416,0.6975881261595651,1.0145002974419988,1,8,229
2016-08-17,1348.8,164091.0,1351.3,1356.8,1340.5,1356.9,1341.3,1367.1,1349.2857142857142,4.32952213349516,-0.5969489277028672,1.012159641924655,2,8,230
2016-08-18,1357.2,163104.0,1353.8,1361.5,1351.2,1348.8,1346.7,1362.1,1350.7857142857142,5.044280117561125,0.6227758007117501,1.007622853759621,3,8,231
2016-08-19,1346.2,177682.0,1357.1,1357.9,1342.0,1357.2,1351.9,1358.4,1349.9714285714288,5.288577088282761,-0.8104921898025363,1.0118479880774964,4,8,232
2016-08-22,1343.4,148566.0,1345.0,1345.7,1335.4,1346.2,1350.0,1356.6,1349.0285714285715,5.842007156680882,-0.2079928688159205,1.00771304478059,0,8,235
2016-08-23,1346.1,125007.0,1343.6,1348.8,1338.9,1343.4,1343.2,1335.3,1349.4428571428573,5.449421113829712,0.20098258150957893,1.0073941295092985,1,8,236
2016-08-24,1329.7,207827.0,1342.2,1344.1,1327.0,1346.1,1347.5,1332.2,1346.8999999999999,9.299820786785814,-1.218334447663616,1.0128862094951017,2,8,237
2016-08-25,1324.6,143468.0,1327.4,1330.2,1321.0,1329.7,1356.9,1327.4,1342.2857142857142,11.307582790813619,-0.3835451605625484,1.0069644208932627,3,8,238
2016-08-26,1325.9,292305.0,1324.8,1346.0,1321.2,1324.6,1348.8,1327.4,1339.0142857142857,12.37139557895998,0.09814283557301184,1.0187708144111414,4,8,239
2016-08-29,1327.1,136851.0,1323.8,1328.5,1317.2,1325.9,1357.2,1329.3,1334.7142857142858,10.00090472096334,0.09050456293837605,1.0085788035226237,0,8,242
2016-08-30,1316.5,149313.0,1327.0,1328.9,1312.0,1327.1,1346.2,1332.3,1330.4714285714285,10.598225368054859,-0.7987340818325639,1.0128810975609757,1,8,243
2016-08-31,1311.4,163005.0,1314.7,1319.2,1306.9,1316.5,1343.4,1319.3,1325.8999999999999,10.986506875847434,-0.3873908089631506,1.0094115846660034,2,8,244
2016-09-01,1317.1,167111.0,1311.7,1318.6,1305.5,1311.4,1346.1,1331.0,1321.7571428571428,6.7512609051379195,0.43464999237454727,1.0100344695518957,3,9,245
2016-09-02,1354.0,12131.0,1318.0,1334.0,1307.4,1317.1,1329.7,1323.4,1325.2285714285713,13.938162753824212,2.8016095968415478,1.0203457243383816,4,9,246
2016-09-06,1349.2,263409.0,1330.8,1357.2,1325.5,1354.0,1324.6,1319.5,1328.7428571428572,16.60028685924517,-0.3545051698670587,1.0239155035835534,1,9,250
2016-09-07,1349.2,142466.0,1353.5,1357.6,1346.9,1349.2,1325.9,1320.8,1332.0714285714287,18.194661697470796,0.0,1.0079441680896872,2,9,251
2016-09-08,1341.6,174246.0,1349.1,1353.9,1339.1,1349.2,1327.1,1326.7,1334.142857142857,18.35899935025186,-0.5632967684553902,1.0110521992382946,3,9,252
2016-09-09,1334.5,151860.0,1341.6,1343.6,1331.2,1341.6,1316.5,1332.3,1336.7142857142858,16.657773817983994,-0.5292188431723299,1.0093149038461537,4,9,253
2016-09-12,1325.6,183691.0,1332.0,1333.8,1323.3,1334.5,1311.4,1349.0,1338.7428571428572,13.655262373014683,-0.6669164481079126,1.0079347086828383,0,9,256
2016-09-13,1323.7,173410.0,1331.7,1335.9,1318.8,1325.6,1317.1,1359.6,1339.685714285714,12.044698497863646,-0.14333132166565177,1.0129663330300274,1,9,257
2016-09-14,1326.1,131424.0,1322.6,1329.8,1316.6,1323.7,1354.0,1372.6,1335.7,11.097447153873865,0.18130996449345904,1.0100258240923592,2,9,258
2016-09-15,1318.0,200075.0,1325.8,1332.5,1312.1,1326.1,1349.2,1364.7,1331.2428571428572,11.037037214574157,-0.610813664127885,1.0155475954576634,3,9,259
2016-09-16,1310.2,132642.0,1318.3,1321.5,1309.2,1318.0,1349.2,1367.4,1325.6714285714284,10.279058693225345,-0.591805766312592,1.0093950504124656,4,9,260
2016-09-19,1317.8,111107.0,1313.2,1321.8,1312.6,1310.2,1341.6,1344.4,1322.2714285714285,7.759663713854993,0.5800641123492545,1.007008989791254,0,9,263
2016-09-20,1318.2,87659.0,1316.3,1321.1,1315.2,1317.8,1334.5,1341.3,1319.9428571428573,5.632600684935487,0.030353619669143406,1.00448600973236,1,9,264
2016-09-21,1331.4,253563.0,1318.0,1341.3,1310.9,1318.2,1325.6,1346.7,1320.7714285714285,6.88977848836887,1.0013654984069253,1.0231901746891447,2,9,265
2016-09-22,1344.7,152427.0,1338.9,1347.8,1335.1,1331.4,1323.7,1351.9,1323.7714285714285,11.44417090132702,0.9989484752891631,1.0095123960752004,3,9,266
2016-09-23,1341.7,108833.0,1340.3,1344.5,1337.4,1344.7,1326.1,1350.0,1326.0,13.335791440070548,-0.22309808879303894,1.0053088081351875,4,9,267
2016-09-26,1344.1,120362.0,1340.8,1346.1,1336.5,1341.7,1318.0,1343.2,1329.7285714285715,14.337330561117767,0.1788775434150569,1.0071829405162738,0,9,270
2016-09-27,1330.4,175693.0,1342.0,1343.5,1327.7,1344.1,1310.2,1347.5,1332.6142857142856,11.504698832989993,-1.0192693995982327,1.011900278677412,1,9,271
2016-09-28,1323.7,143807.0,1330.1,1331.1,1321.1,1330.4,1317.8,1356.9,1333.457142857143,10.401739781204567,-0.5036079374624247,1.0075694497010068,2,9,272
2016-09-29,1326.0,145079.0,1325.0,1329.4,1318.6,1323.7,1318.2,1348.8,1334.5714285714287,8.787436919759243,0.17375538263957324,1.0081905050811468,3,9,273
2016-09-30,1317.1,198471.0,1323.6,1331.5,1316.0,1326.0,1331.4,1357.2,1332.5285714285715,11.024928463203526,-0.6711915535445034,1.0117781155015197,4,9,274
2016-10-03,1312.7,120503.0,1321.0,1322.6,1311.8,1317.1,1344.7,1346.2,1327.957142857143,11.747603605668356,-0.3340672690000601,1.0082329623418205,0,10,277
2016-10-04,1269.7,327773.0,1315.0,1315.4,1269.0,1312.7,1341.7,1343.4,1317.6714285714284,23.42539322228759,-3.275691323226937,1.0365642237982664,1,10,278
2016-10-05,1268.6,200416.0,1270.5,1279.4,1264.1,1269.7,1344.1,1346.1,1306.8857142857144,26.41877038340751,-0.08663463810349992,1.012103472826517,2,10,279
2016-10-06,1253.0,176574.0,1269.7,1271.6,1251.8,1268.6,1330.4,1329.7,1295.8285714285716,30.77508268527519,-1.2297020337379672,1.015817223198594,3,10,280
2016-10-07,1251.9,261530.0,1256.8,1267.6,1243.2,1253.0,1323.7,1324.6,1285.5714285714287,31.882791298006186,-0.08778930566639698,1.0196267696267696,4,10,281
2016-10-10,1260.4,128220.0,1258.5,1266.8,1258.5,1251.9,1326.0,1325.9,1276.2,27.335690955230408,0.6789679686876049,1.006595152959873,0,10,284
2016-10-11,1255.9,127971.0,1261.7,1264.0,1254.3,1260.4,1317.1,1327.1,1267.457142857143,21.16466057234921,-0.357029514439855,1.0077333971139282,1,10,285
2016-10-12,1253.8,122342.0,1254.5,1260.5,1251.2,1255.9,1312.7,1316.5,1259.042857142857,7.434795926998591,-0.16721076518831923,1.0074328644501278,2,10,286
2016-10-13,1257.6,142928.0,1257.1,1263.9,1254.7,1253.8,1269.7,1311.4,1257.314285714286,5.762646548073638,0.30307864093155334,1.0073324300629634,3,10,287
2016-10-14,1255.5,161952.0,1259.5,1260.7,1246.9,1257.6,1268.6,1317.1,1255.4428571428573,2.9056595022117286,-0.16698473282441562,1.0110674472692276,4,10,288
2016-10-17,1256.6,102991.0,1252.9,1258.2,1251.1,1255.5,1253.0,1354.0,1255.957142857143,2.7134585205584933,0.08761449621663697,1.0056750059947248,0,10,291
2016-10-18,1262.9,141366.0,1256.0,1265.6,1255.9,1256.6,1251.9,1349.2,1257.5285714285715,3.126080765480998,0.5013528569155046,1.0077235448682218,1,10,292
2016-10-19,1269.9,135414.0,1263.9,1274.4,1261.1,1262.9,1260.4,1349.2,1258.8857142857144,5.635432125225219,0.5542798321323872,1.0105463484259776,2,10,293
2016-10-20,1267.5,130976.0,1270.6,1275.9,1265.5,1269.9,1255.9,1341.6,1260.542857142857,6.27982408002885,-0.18899125915426973,1.0082180956143818,3,10,294
2016-10-21,1267.7,97891.0,1266.5,1268.8,1261.7,1267.5,1253.8,1334.5,1262.5285714285715,5.982951970860821,0.015779092702183917,1.0056273282079733,4,10,295
2016-10-24,1263.7,148823.0,1266.9,1272.8,1260.1,1267.7,1257.6,1325.6,1263.3999999999999,5.57584074377219,-0.3155320659462002,1.0100785651932387,0,10,298
2016-10-25,1273.6,132241.0,1265.2,1277.5,1262.4,1263.7,1255.5,1323.7,1265.9857142857143,5.498008297374293,0.7834137849172862,1.0119613434727504,1,10,299
2016-10-26,1266.6,132796.0,1274.0,1277.2,1265.1,1273.6,1256.6,1326.1,1267.4142857142856,3.637044849598617,-0.5496231155778908,1.0095644613074066,2,10,300
2016-10-27,1269.5,123344.0,1267.2,1273.7,1265.2,1266.6,1262.9,1318.0,1268.357142857143,3.0853725560161833,0.2289594189167854,1.0067183054062598,3,10,301
2016-10-28,1276.8,222489.0,1269.2,1285.4,1262.0,1269.5,1269.9,1310.2,1269.3428571428572,4.4575244036813855,0.5750295391886429,1.018541996830428,4,10,302
2016-10-31,1273.1,115445.0,1278.3,1280.5,1271.9,1276.8,1267.5,1317.8,1270.142857142857,4.5726932774255316,-0.28978696741854826,1.0067615378567496,0,10,305
2016-11-01,1288.0,194976.0,1277.8,1292.9,1276.3,1273.1,1267.7,1318.2,1273.042857142857,7.95295692239078,1.1703715340507514,1.0130063464702657,1,11,306
2016-11-02,1308.2,224005.0,1289.0,1309.3,1288.4,1288.0,1263.7,1331.4,1279.3999999999999,14.40682708532747,1.5683229813664656,1.0162216702887301,2,11,307
2016-11-03,1303.3,220164.0,1298.1,1308.0,1286.2,1308.2,1273.6,1344.7,1283.642857142857,16.617747254347293,-0.37456046476074256,1.0169491525423728,3,11,308
2016-11-04,1304.5,202966.0,1303.2,1308.3,1295.7,1303.3,1266.6,1341.7,1289.0571428571427,16.310820247390367,0.09207396608610363,1.0097244732576984,4,11,309
2016-11-07,1279.4,209668.0,1294.5,1296.5,1278.6,1304.5,1269.5,1344.1,1290.4714285714285,14.680112883950555,-1.9241088539670326,1.013999687157829,0,11,312
2016-11-08,1274.5,194922.0,1282.2,1291.5,1273.3,1279.4,1276.8,1330.4,1290.142857142857,15.05798316982308,-0.3829920275129073,1.0142935678944476,1,11,313
2016-11-09,1273.5,783657.0,1276.8,1338.3,1268.1,1274.5,1273.1,1323.7,1290.2,14.983101592565898,-0.07846214201647772,1.0553584102200142,2,11,314
2016-11-10,1266.4,392797.0,1278.4,1292.5,1251.9,1273.5,1288.0,1326.0,1287.1142857142859,17.52098062051872,-0.5575186493914308,1.0324307053279016,3,11,315
2016-11-11,1224.3,420069.0,1258.7,1265.0,1218.7,1266.4,1308.2,1317.1,1275.1285714285714,26.886596058611257,-3.324384080859144,1.03799130220727,4,11,316
2016-11-14,1221.7,332635.0,1227.7,1230.9,1211.0,1224.3,1303.3,1312.7,1263.4714285714288,30.13053347717194,-0.21236625010209176,1.0164327002477291,0,11,319
2016-11-15,1224.5,224970.0,1221.8,1231.4,1218.6,1221.7,1304.5,1269.7,1252.0428571428572,26.98220754144301,0.229188835229599,1.01050385688495,1,11,320
2016-11-16,1223.9,190158.0,1228.0,1233.1,1221.0,1224.5,1279.4,1268.6,1244.1142857142856,25.72874064617441,-0.048999591670062514,1.0099099099099098,2,11,321
2016-11-17,1216.9,224953.0,1224.8,1231.1,1210.5,1223.9,1274.5,1253.0,1235.8857142857144,23.505916175255525,-0.5719421521366175,1.0170177612556794,3,11,322
2016-11-18,1208.7,244002.0,1216.0,1217.5,1201.3,1216.9,1273.5,1251.9,1226.6285714285714,18.436984052508727,-0.6738433725039017,1.0134853908266046,4,11,323
2016-11-21,1209.8,162047.0,1207.3,1217.8,1205.4,1208.7,1266.4,1260.4,1218.5428571428572,6.87164636820288,0.09100686688177095,1.0102870416459266,0,11,326
2016-11-22,1211.2,201770.0,1213.5,1220.9,1205.6,1209.8,1224.3,1255.9,1216.6714285714286,6.826105352676117,0.1157216068771838,1.012690776376908,1,11,327
2016-11-23,1192.4,3479.0,1188.2,1192.5,1185.2,1211.2,1221.7,1253.8,1212.4857142857145,10.960144246536961,-1.5521796565389656,1.0061592980087748,2,11,328
2016-11-25,1181.0,89941.0,1184.4,1195.4,1172.8,1192.4,1224.5,1257.6,1206.2714285714287,14.70506877301866,-0.9560550150956137,1.0192701227830834,4,11,330
2016-11-28,1193.8,132780.0,1184.4,1200.0,1184.4,1181.0,1223.9,1255.5,1201.9714285714285,12.992140481302224,1.0838272650296243,1.0131712259371832,0,11,333
2016-11-29,1190.8,195887.0,1196.6,1197.7,1182.6,1193.8,1216.9,1256.6,1198.2428571428572,11.671883187517333,-0.25129837493717,1.012768476238796,1,11,334
2016-11-30,1173.9,232748.0,1190.7,1196.8,1171.3,1190.8,1208.7,1262.9,1193.2714285714285,13.708964741581555,-1.419213973799116,1.0217706821480406,2,11,335
2016-12-01,1169.4,216169.0,1175.1,1178.4,1162.2,1173.9,1209.8,1269.9,1187.5,14.089594269066161,-0.38333759263992073,1.013939081053175,3,12,336
2016-12-02,1177.8,169224.0,1174.3,1180.3,1168.4,1169.4,1211.2,1267.5,1182.7285714285715,9.696513855640879,0.7183170856849497,1.0101848681958232,4,12,337
2016-12-05,1176.5,212276.0,1182.6,1190.2,1158.6,1177.8,1192.4,1267.7,1180.457142857143,8.881414516268622,-0.11037527593819041,1.0272742965648198,0,12,340
2016-12-06,1170.1,130714.0,1172.8,1177.1,1168.1,1176.5,1181.0,1263.7,1178.8999999999999,9.68916921104537,-0.5439864003400019,1.007704819792826,1,12,341
2016-12-07,1177.5,137900.0,1171.4,1182.3,1167.2,1170.1,1193.8,1273.6,1176.5714285714287,7.13295504116817,0.6324245790958027,1.0129369431117203,2,12,342
2016-12-08,1172.4,142363.0,1176.1,1180.7,1170.9,1177.5,1190.8,1266.6,1173.9428571428573,3.460663300074155,-0.4331210191082735,1.0083696301989922,3,12,343
2016-12-09,1161.9,154417.0,1172.5,1173.8,1157.6,1172.4,1173.9,1269.5,1172.2285714285715,5.720056609802419,-0.8955987717502611,1.0139944713199724,4,12,344
2016-12-12,1165.8,159639.0,1161.4,1167.9,1152.5,1161.9,1169.4,1276.8,1171.7142857142858,6.161555153129851,0.33565711334881954,1.0133622559652928,0,12,347
2016-12-13,1159.0,136029.0,1164.5,1167.0,1156.3,1165.8,1177.8,1273.1,1169.0285714285715,7.093592011058875,-0.5832904443300646,1.0092536538960477,1,12,348
2016-12-14,1163.7,205326.0,1159.8,1168.0,1140.0,1159.0,1176.5,1288.0,1167.2,6.4688999580288264,0.40552200172563335,1.024561403508772,2,12,349
2016-12-15,1129.8,262877.0,1143.8,1146.0,1124.3,1163.7,1170.1,1308.2,1161.4428571428573,15.326540938620262,-2.913121938643992,1.0193008983367429,3,12,350
2016-12-16,1137.4,171285.0,1130.5,1143.2,1128.5,1129.8,1177.5,1303.3,1155.7142857142858,15.811011834745623,0.6726854310497465,1.0130261408949934,4,12,351
2016-12-19,1142.7,112536.0,1136.1,1144.4,1135.5,1137.4,1172.4,1304.5,1151.4714285714285,14.519379496134444,0.4659750307719257,1.007837956847204,0,12,354
2016-12-20,1133.6,138058.0,1139.8,1141.7,1127.3,1142.7,1161.9,1279.4,1147.4285714285713,15.061508809526774,-0.7963594994311873,1.0127738845027943,1,12,355
2016-12-21,1133.2,109673.0,1134.0,1138.8,1131.0,1133.6,1165.8,1274.5,1142.7714285714287,13.380422799229397,-0.03528581510231499,1.006896551724138,2,12,356
2016-12-22,1133.6,70834.0,1130.0,1137.3,1129.5,1133.2,1159.0,1273.5,1139.142857142857,11.567174409075111,0.035298270384731545,1.006905710491368,3,12,357
2016-12-23,1133.6,70834.0,1130.0,1137.3,1129.5,1133.6,1163.7,1266.4,1134.8428571428572,4.103598885122586,0.0,1.006905710491368,4,12,358
2016-12-27,1138.8,102366.0,1135.3,1151.7,1132.8,1133.6,1129.8,1224.3,1136.1285714285716,3.6445000964235894,0.4587155963302836,1.0166843220338984,1,12,362
2016-12-28,1140.9,100121.0,1139.3,1145.1,1137.1,1138.8,1137.4,1221.7,1136.6285714285714,4.063953036904247,0.18440463645943428,1.0070354410342097,2,12,363
2016-12-29,1158.1,152323.0,1143.1,1160.6,1142.6,1140.9,1142.7,1224.5,1138.8285714285714,9.031189343205142,1.5075817337189878,1.0157535445475232,3,12,364
2016-12-30,1151.7,138673.0,1159.5,1164.3,1150.3,1158.1,1133.6,1223.9,1141.4142857142856,9.839618653104797,-0.5526293066229093,1.01217073806833,4,12,365
2017-01-03,1162.0,216537.0,1151.4,1166.0,1146.5,1151.7,1133.2,1216.9,1145.5285714285715,11.681283360692813,0.8943301206911558,1.0170082860880942,1,1,3
2017-01-04,1165.3,172108.0,1159.6,1168.6,1156.7,1162.0,1133.6,1208.7,1150.057142857143,12.40817702739836,0.283993115318415,1.0102878879571193,2,1,4
2017-01-05,1181.3,262224.0,1164.6,1185.9,1163.6,1165.3,1133.6,1209.8,1156.8714285714286,14.742310344246786,1.3730369861838065,1.0191646613956689,3,1,5
2017-01-06,1173.4,217714.0,1181.0,1183.8,1171.1,1181.3,1138.8,1211.2,1161.8142857142857,13.413976364416133,-0.6687547617031941,1.0108445051660833,4,1,6
2017-01-09,1184.9,174989.0,1172.9,1186.4,1172.2,1173.4,1140.9,1192.4,1168.1000000000001,12.237783023638919,0.9800579512527774,1.0121139737246203,0,1,9
2017-01-10,1185.5,215898.0,1181.3,1190.6,1180.2,1184.9,1158.1,1181.0,1172.0142857142857,12.871729820492101,0.050637184572521754,1.0088120657515673,1,1,10
2017-01-11,1196.6,317695.0,1188.1,1198.5,1177.0,1185.5,1151.7,1193.8,1178.4285714285713,12.232976509664619,0.9363137916490905,1.018266779949023,2,1,11
2017-01-12,1199.8,260107.0,1191.1,1207.2,1190.7,1196.6,1162.0,1190.8,1183.8285714285714,12.114690020218575,0.2674243690456324,1.0138573948097758,3,1,12
2017-01-13,1196.2,28224.0,1194.8,1204.3,1187.5,1199.8,1165.3,1173.9,1188.2428571428572,9.608478398950966,-0.30005000833471795,1.0141473684210527,4,1,13
2017-01-17,1212.9,368672.0,1202.8,1218.9,1198.0,1196.2,1181.3,1169.4,1192.757142857143,12.721747409184282,1.396087610767438,1.0174457429048416,1,1,17
2017-01-18,1212.1,195234.0,1216.8,1217.7,1201.8,1212.9,1173.4,1177.8,1198.2857142857142,11.229043974071583,-0.06595762222773027,1.0132301547678484,2,1,18
2017-01-19,1201.5,241530.0,1203.1,1206.4,1195.4,1212.1,1184.9,1176.5,1200.6571428571428,9.559786807754561,-0.8745153040178089,1.009201940772963,3,1,19
2017-01-20,1204.9,236066.0,1204.8,1214.8,1198.2,1201.5,1185.5,1170.1,1203.4285714285713,6.8657882008716955,0.2829796088223091,1.013854114505091,4,1,20
2017-01-23,1215.6,231381.0,1209.3,1219.4,1209.0,1204.9,1196.6,1177.5,1206.142857142857,7.447338930317734,0.8880405012863912,1.0086021505376346,0,1,23
2017-01-24,1210.8,211945.0,1218.0,1220.1,1206.2,1215.6,1199.8,1172.4,1207.7142857142858,7.035014468470605,-0.39486673247778326,1.0115237937323827,1,1,24
2017-01-25,1200.5,80202.0,1211.5,1212.2,1195.3,1210.8,1196.2,1161.9,1208.3285714285714,5.969007255750926,-0.8506772381896233,1.0141387099472936,2,1,25
2017-01-26,1192.5,94439.0,1204.1,1205.0,1186.6,1200.5,1212.9,1165.8,1205.4142857142856,7.999672612359474,-0.6663890045814247,1.0155064891286028,3,1,26
2017-01-27,1191.1,142852.0,1191.4,1193.8,1182.6,1192.5,1212.1,1159.0,1202.4142857142856,8.955152813042794,-0.1174004192872169,1.0094706578724844,4,1,27
2017-01-30,1196.0,185344.0,1194.6,1201.3,1190.0,1191.1,1201.5,1163.7,1201.6285714285714,9.283985187007296,0.4113844345563056,1.0094957983193278,0,1,30
2017-01-31,1211.4,237644.0,1197.7,1217.4,1195.6,1196.0,1204.9,1129.8,1202.5571428571427,9.965750873686137,1.287625418060201,1.0182335229173638,1,1,31
2017-02-01,1208.3,211357.0,1212.2,1215.0,1199.7,1211.4,1215.6,1137.4,1201.5142857142857,8.671299128251745,-0.25590226184580844,1.0127531882970742,2,2,32
2017-02-02,1219.4,220209.0,1211.2,1227.5,1210.2,1208.3,1210.8,1142.7,1202.7428571428572,10.600763674206455,0.9186460316146672,1.014295157825153,3,2,33
2017-02-03,1220.8,210726.0,1217.8,1223.2,1208.3,1219.4,1200.5,1133.6,1205.642857142857,12.492778866596959,0.11481056257174327,1.0123313746586113,4,2,34
2017-02-06,1232.1,190379.0,1221.9,1237.5,1220.8,1220.8,1192.5,1133.2,1211.3,14.37381879205388,0.925622542595006,1.0136795543905637,0,2,37
2017-02-07,1236.1,192661.0,1236.9,1237.5,1229.2,1232.1,1191.1,1133.6,1217.7285714285715,13.888570155076374,0.32464897329762543,1.006752359258054,1,2,38
2017-02-08,1239.5,216044.0,1235.2,1246.6,1231.3,1236.1,1196.0,1133.6,1223.9428571428573,12.171668899932664,0.27505865221260084,1.012425891334362,2,2,39
2017-02-09,1236.8,234244.0,1242.7,1246.2,1226.1,1239.5,1211.4,1138.8,1227.5714285714287,11.58097783518706,-0.2178297700685783,1.0163934426229508,3,2,40
2017-02-10,1235.9,229161.0,1229.6,1238.9,1222.6,1236.8,1208.3,1140.9,1231.5142857142857,8.102145512442277,-0.07276843467010075,1.0133322427613285,4,2,41
2017-02-13,1225.8,168285.0,1234.2,1234.4,1220.3,1235.9,1219.4,1158.1,1232.4285714285713,6.756654568083509,-0.8172182215389734,1.0115545357698927,0,2,44
2017-02-14,1225.4,223687.0,1226.1,1236.0,1222.7,1225.8,1220.8,1151.7,1233.0857142857144,5.5538060737462605,-0.03263175069341262,1.0108775660423652,1,2,45
2017-02-15,1233.1,220585.0,1228.6,1234.9,1217.5,1225.4,1232.1,1162.0,1233.2285714285715,5.53706128005333,0.6283662477558183,1.0142915811088296,2,2,46
2017-02-16,1241.6,196467.0,1234.3,1243.7,1233.3,1233.1,1236.1,1165.3,1234.0142857142857,6.343875937057418,0.6893196010056002,1.0084326603421714,3,2,47
2017-02-17,1239.1,20247.0,1240.8,1245.1,1232.4,1241.6,1239.5,1181.3,1233.9571428571428,6.287781045504438,-0.20135309278350721,1.0103050957481337,4,2,48
2017-02-21,1238.9,245695.0,1239.3,1240.2,1226.8,1239.1,1236.8,1173.4,1234.257142857143,6.4927798727666515,-0.016140747316584214,1.010922725790675,1,2,52
2017-02-22,1233.3,193431.0,1236.9,1241.9,1231.5,1238.9,1235.9,1184.9,1233.8857142857144,6.457406231460907,-0.45201388328356407,1.0084449857896876,2,2,53
2017-02-23,1251.4,250277.0,1238.3,1252.2,1236.4,1233.3,1225.8,1185.5,1237.542857142857,8.143884646951722,1.46760723262791,1.0127790359107085,3,2,54
2017-02-24,1258.3,209660.0,1250.6,1261.2,1248.8,1251.4,1225.4,1196.6,1242.2428571428572,9.369428503178227,0.5513824516541366,1.009929532351057,4,2,55
2017-02-27,1258.8,201486.0,1258.9,1264.9,1251.5,1258.3,1233.1,1199.8,1245.9142857142856,10.189116509200211,0.03973615195105307,1.0107071514182981,0,2,58
2017-02-28,1253.9,225369.0,1253.3,1259.3,1248.2,1258.8,1241.6,1196.2,1247.6714285714286,10.37990274291308,-0.3892596123291958,1.0088928056401216,1,2,59
2017-03-01,1250.0,300815.0,1248.5,1251.4,1237.2,1253.9,1239.1,1212.9,1249.2285714285715,9.673281808793098,-0.31102958768642885,1.01147752990624,2,3,60
2017-03-02,1232.9,262903.0,1249.9,1250.8,1231.1,1250.0,1238.9,1212.1,1248.3714285714286,10.925766835894445,-1.3679999999999914,1.0160019494760784,3,3,61
2017-03-03,1226.5,268970.0,1234.8,1236.7,1223.0,1232.9,1233.3,1201.5,1247.3999999999999,12.65464341654691,-0.5191013058642335,1.0112019623875717,4,3,62
2017-03-06,1225.5,154275.0,1233.9,1237.3,1225.0,1226.5,1251.4,1204.9,1243.7000000000003,14.88074818907427,-0.08153281695882919,1.0100408163265306,0,3,65
2017-03-07,1216.1,195645.0,1225.7,1227.4,1214.1,1225.5,1258.3,1215.6,1237.6714285714286,16.445943196394836,-0.7670338637290941,1.0109546165884196,1,3,66
2017-03-08,1209.4,200792.0,1215.6,1218.5,1206.4,1216.1,1258.8,1210.8,1230.6142857142856,16.467384792516064,-0.550941534413274,1.0100298408488062,2,3,67
2017-03-09,1203.2,226026.0,1207.7,1208.9,1199.0,1209.4,1253.9,1200.5,1223.3714285714286,15.647972636067081,-0.5126509012733593,1.008256880733945,3,3,68
2017-03-10,1201.4,250514.0,1200.2,1206.2,1194.5,1203.2,1250.0,1192.5,1216.4285714285713,12.284097346534379,-0.1496010638297851,1.0097948932607785,4,3,69
2017-03-13,1203.1,168436.0,1205.0,1210.9,1202.0,1201.4,1232.9,1191.1,1212.1714285714286,10.683899769551179,0.14150158148824588,1.0074043261231282,0,3,72
2017-03-14,1202.6,176653.0,1203.5,1207.5,1196.9,1203.1,1226.5,1196.0,1208.7571428571428,9.033060969367165,-0.04155930512841355,1.0088562118806916,1,3,73
2017-03-15,1200.7,256440.0,1198.7,1222.0,1196.8,1202.6,1225.5,1211.4,1205.2142857142858,5.572380871006159,-0.157991019457826,1.0210561497326203,2,3,74
2017-03-16,1227.1,243137.0,1219.5,1234.0,1218.1,1200.7,1216.1,1208.3,1206.7857142857142,9.394223148911756,2.1987174148413224,1.013053115507758,3,3,75
2017-03-17,1230.2,146933.0,1226.2,1231.5,1224.0,1227.1,1209.4,1219.4,1209.7571428571428,12.968533345871,0.2526281476652459,1.0061274509803921,4,3,76
2017-03-20,1234.0,122559.0,1229.0,1235.5,1228.8,1230.2,1203.2,1220.8,1214.1571428571428,15.374747384687417,0.3088928629491061,1.0054524739583335,0,3,79
2017-03-21,1246.5,278090.0,1234.2,1247.7,1226.6,1234.0,1201.4,1232.1,1220.6,18.307739711209745,1.0129659643435929,1.0172020218490136,1,3,80
2017-03-22,1249.7,210181.0,1244.5,1251.5,1243.8,1246.5,1203.1,1236.1,1227.2571428571428,19.327774241823764,0.2567188126755049,1.0061907059012702,2,3,81
2017-03-23,1250.1,38955.0,1251.5,1256.4,1245.6,1249.7,1202.6,1239.5,1234.042857142857,17.477972531433625,0.03200768184363767,1.008670520231214,3,3,82
2017-03-24,1251.7,50728.0,1248.2,1255.0,1243.7,1250.1,1200.7,1236.8,1241.3285714285714,10.498684724877739,0.12798976081913604,1.009085792393664,4,3,83
2017-03-27,1258.8,70055.0,1247.2,1264.2,1247.2,1251.7,1227.1,1235.9,1245.857142857143,10.170030669054368,0.56722856914595,1.0136305323925594,0,3,86
2017-03-28,1258.8,110672.0,1257.1,1261.4,1250.5,1258.8,1230.2,1225.8,1249.9428571428573,8.427110446419823,0.0,1.0087165133946423,1,3,87
2017-03-29,1256.8,157858.0,1253.0,1257.5,1250.0,1258.8,1234.0,1225.4,1253.2,4.910532897078442,-0.1588814744200806,1.006,2,3,88
2017-03-30,1248.0,211199.0,1256.1,1256.5,1244.2,1256.8,1246.5,1233.1,1253.4142857142856,4.591814663585357,-0.7001909611712209,1.0098858704388363,3,3,89
2017-03-31,1251.2,158381.0,1244.6,1252.8,1241.5,1248.0,1249.7,1241.6,1253.6285714285714,4.421430494647916,0.2564102564102555,1.0091018928715263,4,3,90
2017-04-03,1254.0,135738.0,1251.9,1255.9,1246.4,1251.2,1250.1,1239.1,1254.185714285714,4.139415647735156,0.2237851662403978,1.0076219512195121,0,4,93
2017-04-04,1258.4,152043.0,1255.5,1263.7,1255.5,1254.0,1251.7,1238.9,1255.142857142857,4.242191706669985,0.35087719298245723,1.006531262445241,1,4,94
2017-04-05,1248.5,226454.0,1258.2,1259.3,1245.4,1258.4,1258.8,1233.3,1253.6714285714286,4.5382501347622455,-0.786713286713292,1.0111610727477114,2,4,95
2017-04-06,1253.3,160510.0,1257.6,1260.9,1251.3,1248.5,1258.8,1251.4,1252.8857142857144,3.9388782546202976,0.38446135362435463,1.007672021098058,3,4,96
2017-04-07,1257.3,365404.0,1253.9,1273.3,1252.4,1253.3,1256.8,1258.3,1252.957142857143,4.025277275271291,0.3191574243995854,1.0166879591184923,4,4,97
2017-04-10,1253.9,176084.0,1255.6,1258.9,1248.2,1257.3,1248.0,1258.8,1253.8,3.3803352890831926,-0.2704207428616767,1.008572344175613,0,4,100
2017-04-11,1274.2,279421.0,1256.8,1277.4,1254.7,1253.9,1251.2,1253.9,1257.0857142857144,8.189307779336525,1.6189488794959628,1.0180919741770942,1,4,101
2017-04-12,1278.1,241437.0,1277.2,1289.0,1273.8,1274.2,1254.0,1250.0,1260.5285714285715,11.191472093472417,0.30607439962329064,1.0119327994975664,2,4,102
2017-04-13,1288.5,229082.0,1288.3,1290.7,1283.8,1278.1,1258.4,1232.9,1264.8285714285714,15.274893811489717,0.8137078475862758,1.0053746689515501,3,4,103
2017-04-17,1291.9,189444.0,1292.4,1297.4,1283.1,1288.5,1248.5,1226.5,1271.0285714285715,16.3150967190594,0.26387272021730634,1.0111448834853092,0,4,107
2017-04-18,1294.1,272618.0,1286.7,1294.4,1280.6,1291.9,1253.3,1225.5,1276.857142857143,16.213559874666114,0.17029181825216622,1.0107761986568797,1,4,108
2017-04-19,1283.4,251024.0,1291.7,1292.7,1275.4,1294.1,1257.3,1216.1,1280.5857142857144,13.785793239343898,-0.8268294567653101,1.0135643719617375,2,4,109
2017-04-20,1283.8,237678.0,1282.2,1285.2,1278.0,1283.4,1253.9,1209.4,1284.857142857143,7.196957028912907,0.031167212092864105,1.0056338028169014,3,4,110
2017-04-21,1289.1,220990.0,1283.3,1290.1,1280.0,1283.8,1274.2,1203.2,1286.9857142857143,5.53004779104566,0.41283689048137173,1.007890625,4,4,111
2017-04-24,1277.5,287252.0,1280.0,1280.0,1266.0,1289.1,1278.1,1201.4,1286.8999999999999,5.69297813098036,-0.8998526103482951,1.0110584518167456,0,4,114
2017-04-25,1267.2,242791.0,1277.9,1279.9,1262.8,1277.5,1288.5,1203.1,1283.857142857143,9.266221297955772,-0.8062622309197631,1.0135413367120685,1,4,115
2017-04-26,1264.2,233964.0,1265.5,1272.8,1260.7,1267.2,1291.9,1202.6,1279.8999999999999,11.00969269930723,-0.23674242424241987,1.0095978424684697,2,4,116
2017-04-27,1265.9,203162.0,1270.2,1271.1,1261.8,1264.2,1294.1,1200.7,1275.8714285714286,10.066729738048389,0.13447239360862007,1.0073704232049452,3,4,117
2017-04-28,1268.3,166210.0,1265.2,1269.9,1264.2,1265.9,1283.4,1227.1,1273.7142857142858,9.798882346368059,0.18958843510545886,1.0045087802562886,4,4,118
2017-05-01,1255.5,197023.0,1269.6,1272.4,1254.9,1268.3,1283.8,1230.2,1269.6714285714286,10.737273751699384,-1.0092249467791525,1.0139453342895848,0,5,121
2017-05-02,1257.0,171411.0,1257.4,1258.8,1252.6,1255.5,1289.1,1234.0,1265.0857142857144,7.389503495138677,0.11947431302270495,1.004949704614402,1,5,122
2017-05-03,1248.5,245496.0,1257.8,1257.8,1236.4,1257.0,1277.5,1246.5,1260.9428571428573,7.3988416081693975,-0.676213206046139,1.0173083144613393,2,5,123
2017-05-04,1228.6,305881.0,1238.5,1241.7,1225.7,1248.5,1267.2,1249.7,1255.4285714285713,13.677927996800474,-1.5939126952342897,1.0130537651953986,3,5,124
2017-05-05,1226.9,257019.0,1228.5,1236.0,1226.2,1228.6,1264.2,1250.1,1250.1000000000001,16.636806584597245,-0.13836887514242502,1.0079921709345947,4,5,125
2017-05-08,1227.1,188318.0,1223.1,1236.9,1221.0,1226.9,1265.9,1251.7,1244.5571428571427,16.955810915715922,0.016301247045391598,1.013022113022113,0,5,128
2017-05-09,1216.1,240063.0,1226.6,1228.7,1214.3,1227.1,1268.3,1258.8,1237.1000000000001,16.236892149259493,-0.8964224594572578,1.0118586840154822,1,5,129
2017-05-10,1218.9,185804.0,1222.1,1225.8,1217.5,1216.1,1255.5,1258.8,1231.8714285714286,15.182963510211675,0.2302442233369062,1.006817248459959,2,5,130
2017-05-11,1224.2,230075.0,1219.2,1227.7,1216.9,1218.9,1257.0,1256.8,1227.185714285714,10.463018775899139,0.43481827877593915,1.0088750102720025,3,5,131
2017-05-12,1227.7,189500.0,1225.0,1231.6,1224.4,1224.2,1248.5,1248.0,1224.2142857142858,4.847827201076369,0.2859009965691772,1.0058804312316234,4,5,132
2017-05-15,1230.0,182239.0,1228.3,1237.4,1226.8,1227.7,1228.6,1251.2,1224.4142857142856,5.082134909480652,0.18734218457276963,1.0086403651776983,0,5,135
2017-05-16,1236.4,197131.0,1230.8,1239.1,1230.0,1230.0,1226.9,1254.0,1225.7714285714285,6.825861187604269,0.5203252032520478,1.0073983739837398,1,5,136
2017-05-17,1258.7,365967.0,1237.2,1261.5,1236.3,1236.4,1227.1,1258.4,1230.2857142857142,14.256159905042411,1.8036234228405057,1.020383402086872,2,5,137
2017-05-18,1252.8,361421.0,1261.4,1265.0,1245.7,1258.7,1216.1,1248.5,1235.5285714285715,14.903435206434844,-0.4687375863986709,1.0154932969414787,3,5,138
2017-05-19,1253.6,210569.0,1246.8,1256.4,1246.1,1252.8,1218.9,1253.3,1240.4857142857145,14.205213663936714,0.06385696040867028,1.008265789262499,4,5,139
2017-05-22,1261.4,201829.0,1257.5,1262.6,1251.6,1253.6,1224.2,1257.3,1245.8,14.054773803467787,0.6222080408423869,1.0087887503994886,0,5,142
2017-05-23,1255.5,269982.0,1260.4,1263.8,1250.5,1261.4,1227.7,1253.9,1249.7714285714285,11.841271649855695,-0.4677342635167392,1.0106357457017192,1,5,143
2017-05-24,1253.1,234075.0,1251.1,1258.8,1247.6,1255.5,1230.0,1274.2,1253.0714285714287,8.012846827792416,-0.19115890083633014,1.008977236293684,2,5,144
2017-05-25,1259.8,62975.0,1261.6,1262.8,1256.9,1253.1,1236.4,1278.1,1256.4142857142856,3.520146100854996,0.5346740084590351,1.004694088630758,3,5,145
2017-05-26,1271.4,14102.0,1258.6,1272.7,1269.4,1259.8,1258.7,1288.5,1258.2285714285715,6.716326944020584,0.9207810763613322,1.0025996533795494,4,5,146
2017-05-30,1265.7,275724.0,1270.1,1273.4,1261.8,1271.4,1252.8,1291.9,1260.0714285714287,6.748262562983876,-0.4483246814535158,1.009193216040577,1,5,150
2017-05-31,1275.4,193527.0,1265.7,1276.8,1262.0,1265.7,1253.6,1294.1,1263.185714285714,8.148911700630476,0.7663743383108157,1.0117274167987322,2,5,151
2017-06-01,1270.1,174611.0,1271.6,1272.8,1263.7,1275.4,1261.4,1283.4,1264.4285714285713,8.487581965374671,-0.4155559040301182,1.0072010762047954,3,6,152
2017-06-02,1280.2,257594.0,1268.0,1282.2,1261.3,1270.1,1255.5,1283.8,1267.957142857143,9.256503505252454,0.7952129753562742,1.0165702053436931,4,6,153
2017-06-05,1282.7,134854.0,1282.6,1286.0,1280.2,1280.2,1253.1,1289.1,1272.185714285714,8.016114722106531,0.19528198718949952,1.0045305421027964,0,6,156
2017-06-06,1297.5,243052.0,1282.5,1298.8,1282.1,1282.7,1259.8,1277.5,1277.5714285714287,10.566569024628535,1.1538161690184623,1.0130255050308088,1,6,157
2017-06-07,1293.2,212480.0,1297.0,1297.6,1285.0,1297.5,1271.4,1267.2,1280.6857142857145,11.605950854537658,-0.33140655105973194,1.0098054474708171,2,6,158
2017-06-08,1279.5,247460.0,1289.5,1291.5,1273.5,1293.2,1265.7,1264.2,1282.6571428571428,9.642070514643924,-1.0593875657284313,1.0141342756183747,3,6,159
2017-06-09,1271.4,212190.0,1283.5,1284.6,1266.7,1279.5,1275.4,1265.9,1282.0857142857144,10.243604276389826,-0.6330597889800615,1.014131207073498,4,6,160
2017-06-12,1268.9,168475.0,1269.7,1272.4,1265.6,1271.4,1270.1,1268.3,1281.9142857142856,10.484818957486658,-0.19663363221645858,1.0053729456384326,0,6,163
2017-06-13,1268.6,171164.0,1267.7,1271.0,1260.5,1268.9,1280.2,1255.5,1280.2571428571428,11.65259014737519,-0.02364252502168318,1.0083300277667593,1,6,164
2017-06-14,1275.9,337298.0,1268.4,1284.2,1259.0,1268.6,1282.7,1257.0,1279.2857142857142,11.698351532215106,0.5754374901466353,1.0200158856235109,2,6,165
2017-06-15,1254.6,238470.0,1262.7,1268.5,1252.7,1275.9,1297.5,1248.5,1273.1571428571428,11.802663137729889,-1.6694098283564718,1.0126127564460765,3,6,166
2017-06-16,1256.5,145249.0,1255.6,1258.6,1253.2,1254.6,1293.2,1228.6,1267.9142857142856,9.301868731854286,0.1514426908975075,1.0043089690392595,4,6,167
2017-06-19,1246.7,174183.0,1255.8,1257.3,1244.3,1256.5,1279.5,1226.9,1263.2285714285715,10.655783138071728,-0.7799442896935904,1.010447641244073,0,6,170
2017-06-20,1243.5,172002.0,1245.4,1249.4,1242.4,1246.7,1271.4,1227.1,1259.2428571428572,12.196428048521748,-0.2566776289404049,1.0056342562781713,1,6,171
2017-06-21,1245.8,160236.0,1243.9,1248.8,1241.7,1243.5,1268.9,1216.1,1255.9428571428573,12.272850408229441,0.1849618013671117,1.005717967302891,2,6,172
2017-06-22,1249.4,182170.0,1246.4,1256.0,1246.4,1245.8,1268.6,1218.9,1253.2,11.058028757420063,0.2889709423663511,1.0077021822849808,3,6,173
2017-06-23,1256.4,153529.0,1250.9,1260.0,1250.6,1249.4,1275.9,1224.2,1250.4142857142856,5.3899377149802286,0.5602689290859608,1.007516392131777,4,6,174
2017-06-26,1246.4,219105.0,1258.1,1259.0,1236.5,1256.4,1254.6,1227.7,1249.2428571428572,5.216913884293332,-0.7959248646927763,1.0181965224423777,0,6,177
2017-06-27,1246.9,204721.0,1245.2,1253.8,1241.8,1246.4,1256.5,1230.0,1247.8714285714286,4.142348080376046,0.04011553273426394,1.0096633918505395,1,6,178
2017-06-28,1249.1,188119.0,1247.3,1255.7,1246.7,1246.9,1246.7,1236.4,1248.2142857142858,4.1285302354116356,0.17643756516159126,1.0072190583139489,2,6,179
2017-06-29,1245.8,260590.0,1249.6,1253.2,1239.7,1249.1,1243.5,1258.7,1248.542857142857,3.766455957015219,-0.26419021695620604,1.0108897313866259,3,6,180
2017-06-30,1242.3,210097.0,1245.2,1248.2,1239.0,1245.8,1245.8,1252.8,1248.042857142857,4.374493167915268,-0.28094397174506236,1.0074253430185633,4,6,181
2017-07-03,1219.2,26906.0,1220.1,1224.6,1220.0,1242.3,1249.4,1253.6,1243.7285714285715,11.651854542761754,-1.859454238106728,1.0037704918032786,0,7,184
2017-07-05,1221.7,348799.0,1223.0,1228.4,1216.5,1219.2,1256.4,1261.4,1238.7714285714285,12.696943764243551,0.205052493438318,1.0097821619399918,2,7,186
2017-07-06,1223.3,185809.0,1226.5,1229.5,1221.8,1221.7,1246.4,1255.5,1235.4714285714285,13.367960987090614,0.13096504870262482,1.006302177115731,3,7,187
2017-07-07,1209.7,310483.0,1224.6,1228.1,1206.6,1223.3,1246.9,1253.1,1230.1571428571428,15.319253369846082,-1.1117469140848435,1.0178186640145865,4,7,188
2017-07-10,1213.2,233437.0,1212.1,1215.0,1204.0,1209.7,1249.1,1259.8,1225.0285714285715,13.86046106565072,0.289327932545258,1.0091362126245846,0,7,191
2017-07-11,1214.7,213121.0,1213.8,1217.1,1207.4,1213.2,1245.8,1271.4,1220.5857142857144,10.721695850229116,0.12363996043520675,1.0080337916183533,1,7,192
2017-07-12,1219.1,254172.0,1216.5,1225.2,1212.5,1214.7,1242.3,1265.7,1217.2714285714285,4.8910511091640325,0.36222935704288695,1.0104742268041238,2,7,193
2017-07-13,1217.3,219900.0,1219.2,1223.6,1215.6,1219.1,1219.2,1275.4,1217.0,4.818367635075352,-0.14764990566811242,1.006581112207963,3,7,194
2017-07-14,1227.5,258301.0,1216.4,1232.7,1214.0,1217.3,1221.7,1270.1,1217.8285714285714,6.091719594590566,0.8379199868561615,1.0154036243822075,4,7,195
2017-07-17,1233.7,166096.0,1228.7,1235.4,1227.5,1227.5,1223.3,1280.2,1219.314285714286,8.457428405736557,0.5050916496945002,1.0064358452138493,0,7,198
2017-07-18,1241.9,245241.0,1233.3,1244.1,1232.2,1233.7,1209.7,1282.7,1223.9142857142856,10.79142075469239,0.6646672610845394,1.009657523129362,1,7,199
2017-07-19,1242.0,189980.0,1242.0,1243.5,1235.1,1241.9,1213.2,1297.5,1228.0285714285712,11.4929999399231,0.008052178114170694,1.0068010687393734,2,7,200
2017-07-20,1245.5,263291.0,1240.6,1247.2,1234.6,1242.0,1214.7,1293.2,1232.4285714285713,11.435429489925188,0.28180354267310914,1.0102057346508992,3,7,201
2017-07-21,1261.0,51035.0,1250.8,1262.1,1249.5,1245.5,1219.1,1279.5,1238.4142857142856,13.979083013729257,1.2444801284624551,1.0100840336134453,4,7,202
2017-07-24,1260.7,61616.0,1261.4,1265.1,1258.1,1261.0,1217.3,1271.4,1244.6142857142856,12.611162855635827,-0.023790642347343294,1.0055639456323027,0,7,205
2017-07-25,1258.5,61360.0,1261.9,1264.2,1255.1,1260.7,1227.5,1268.9,1249.042857142857,10.93066895525803,-0.1745062266994557,1.0072504182933633,1,7,206
2017-07-26,1255.6,92181.0,1256.2,1269.8,1249.4,1258.5,1233.7,1268.6,1252.1714285714286,8.717360893773053,-0.2304330552244771,1.0163278373619336,2,7,207
2017-07-27,1266.5,154412.0,1266.8,1271.3,1260.3,1255.6,1241.9,1275.9,1255.685714285714,8.844099458847213,0.868110863332272,1.0087280806157264,3,7,208
2017-07-28,1275.3,241286.0,1265.0,1277.0,1263.2,1266.5,1242.0,1254.6,1260.4428571428573,9.204320931464075,0.6948282668772121,1.0109246358454718,4,7,209
2017-07-31,1273.4,158464.0,1276.3,1277.3,1271.7,1275.3,1245.5,1256.5,1264.4285714285713,7.546680127859317,-0.14898455265426325,1.004403554297397,0,7,212
2017-08-01,1279.4,206396.0,1275.6,1280.3,1268.4,1273.4,1261.0,1246.7,1267.0571428571427,9.180932621981176,0.4711795193968804,1.009381898454746,1,8,213
2017-08-02,1278.4,204629.0,1275.2,1279.0,1268.9,1279.4,1260.7,1243.5,1269.5857142857144,9.567554297620623,-0.07816163826793732,1.0079596500906296,2,8,214
2017-08-03,1274.4,198615.0,1272.6,1277.0,1262.9,1278.4,1258.5,1245.8,1271.857142857143,8.300573703626576,-0.31289111389236623,1.0111647794758096,3,8,215
2017-08-04,1264.6,260834.0,1275.3,1276.5,1259.8,1274.4,1255.6,1249.4,1273.142857142857,5.630233015544773,-0.7689893283113758,1.0132560723924433,4,8,216
2017-08-07,1264.7,120039.0,1264.3,1265.6,1261.3,1264.6,1266.5,1256.4,1272.8857142857144,6.012328603619622,0.00790763877906997,1.0034091810037262,0,8,219
2017-08-08,1262.6,240864.0,1262.9,1271.0,1257.1,1264.7,1275.3,1246.4,1271.0714285714287,6.997788766379246,-0.1660472839408622,1.0110571951316523,1,8,220
2017-08-09,1279.3,280929.0,1266.1,1284.7,1265.9,1262.6,1273.4,1246.9,1271.9142857142856,7.649929971655979,1.3226675114842434,1.014851094083261,2,8,221
2017-08-10,1290.1,257651.0,1283.2,1293.8,1280.3,1279.3,1279.4,1249.1,1273.4428571428573,10.078501400307264,0.8442116782615416,1.0105444036553932,3,8,222
2017-08-11,1294.0,259307.0,1292.5,1298.1,1286.7,1290.1,1278.4,1245.8,1275.6714285714284,12.732597834646477,0.3023021471203924,1.008859874096526,4,8,223
2017-08-14,1290.4,233106.0,1296.4,1296.4,1284.2,1294.0,1274.4,1242.3,1277.957142857143,13.853141297529298,-0.2782071097372385,1.0095000778694907,0,8,226
2017-08-15,1279.7,278698.0,1287.0,1287.7,1272.7,1290.4,1264.6,1219.2,1280.1142857142856,12.539993164719311,-0.829200247985129,1.0117859668421467,1,8,227
2017-08-16,1282.9,268454.0,1276.9,1289.5,1273.2,1279.7,1264.7,1221.7,1282.7142857142858,10.538410470173535,0.2500586074861255,1.0128023876845742,2,8,228
2017-08-17,1292.4,316050.0,1290.0,1296.0,1286.4,1282.9,1262.6,1223.3,1286.9714285714285,6.174062489058251,0.7405097825239793,1.007462686567164,3,8,229
2017-08-18,1291.6,379352.0,1293.8,1306.9,1289.1,1292.4,1279.3,1209.7,1288.7285714285715,5.317804774414711,-0.06190034045188142,1.013808083158793,4,8,230
2017-08-21,1296.7,254319.0,1289.1,1299.7,1286.2,1291.6,1290.1,1213.2,1289.6714285714286,6.12527939107953,0.39485908950140924,1.010496034831286,0,8,233
2017-08-22,1291.0,259806.0,1297.1,1298.1,1287.0,1296.7,1294.0,1214.7,1289.2428571428572,5.871642911138972,-0.4395773887560739,1.0086247086247087,1,8,234
2017-08-23,1294.7,226744.0,1290.4,1297.0,1287.9,1291.0,1290.4,1219.1,1289.857142857143,6.227053113305354,0.28659953524399207,1.0070657659756193,2,8,235
2017-08-24,1292.0,237998.0,1296.0,1296.8,1289.3,1294.7,1279.7,1217.3,1291.6142857142856,4.3295221335027,-0.20854251950258584,1.0058171100597224,3,8,236
2017-08-25,1297.9,350288.0,1291.3,1301.4,1281.3,1292.0,1282.9,1227.5,1293.7571428571428,2.704845739762088,0.45665634674922906,1.0156871926949194,4,8,237
2017-08-28,1315.3,310489.0,1297.6,1317.8,1297.0,1297.9,1292.4,1233.7,1297.0285714285715,8.477758014480287,1.340627166961994,1.0160370084811101,0,8,240
2017-08-29,1318.9,444146.0,1320.5,1331.9,1310.6,1315.3,1291.6,1241.9,1300.9285714285713,11.355279871146678,0.2737018170759553,1.0162520982755991,1,8,241
2017-08-30,1314.1,301091.0,1314.8,1319.3,1310.1,1318.9,1296.7,1242.0,1303.4142857142856,12.151876202371929,-0.3639396466752709,1.0070223647049843,2,8,242
2017-08-31,1322.2,359132.0,1314.1,1329.0,1302.3,1314.1,1291.0,1245.5,1307.8714285714286,12.554775225070365,0.6163914466174703,1.0205021884358443,3,8,243
2017-09-01,1330.4,52922.0,1339.7,1343.5,1330.4,1322.2,1294.7,1261.0,1312.9714285714285,13.525989093298078,0.620178490394796,1.0098466626578473,4,9,244
2017-09-05,1344.5,546280.0,1339.8,1349.7,1331.1,1330.4,1292.0,1260.7,1320.4714285714285,14.481104272533353,1.059831629585073,1.0139734054541358,1,9,248
2017-09-06,1339.0,297521.0,1345.0,1347.7,1336.4,1344.5,1297.9,1258.5,1326.3428571428572,11.907540628068418,-0.40907400520640014,1.0084555522298713,2,9,249
2017-09-07,1350.3,354009.0,1339.0,1355.5,1337.2,1339.0,1315.3,1255.6,1331.3428571428572,13.709711538750277,0.8439133681852118,1.0136853125934788,3,9,250
2017-09-08,1351.2,377234.0,1354.0,1362.4,1347.1,1350.3,1318.9,1266.5,1335.957142857143,14.248842893689817,0.06665185514331817,1.011357731423057,4,9,251
2017-09-11,1335.7,292049.0,1341.5,1344.6,1330.6,1351.2,1314.1,1275.3,1339.042857142857,10.597618780133558,-1.1471284783895808,1.0105215692168947,0,9,254
2017-09-12,1332.7,281134.0,1331.7,1336.3,1326.7,1335.7,1322.2,1273.4,1340.542857142857,8.313213807489396,-0.2246013326345775,1.0072359990955,1,9,255
2017-09-13,1328.0,298024.0,1336.2,1340.5,1324.5,1332.7,1330.4,1279.4,1340.2000000000003,8.83440245099674,-0.35266751707061506,1.0120800302000754,2,9,256
2017-09-14,1329.3,327600.0,1327.6,1334.9,1319.5,1328.0,1344.5,1278.4,1338.0285714285715,9.448053465409458,0.09789156626505147,1.0116710875331565,3,9,257
2017-09-15,1325.2,313245.0,1333.7,1338.2,1323.0,1329.3,1339.0,1274.4,1336.0571428571432,10.583140230687109,-0.3084330098548027,1.0114890400604686,4,9,258
2017-09-18,1310.8,259701.0,1324.0,1324.0,1308.1,1325.2,1350.3,1264.6,1330.4142857142856,12.139388860413108,-1.0866284334440146,1.012155034018806,0,9,261
2017-09-19,1310.6,268037.0,1310.5,1315.3,1308.7,1310.8,1351.2,1264.7,1324.6142857142856,10.076942090949588,-0.015257857796768803,1.0050431726140443,1,9,262
2017-09-20,1316.4,343639.0,1314.7,1319.8,1299.5,1310.6,1335.7,1262.6,1321.857142857143,9.13452373192641,0.4425453990538841,1.0156213928434012,2,9,263
2017-09-21,1294.8,388118.0,1304.8,1305.0,1291.2,1316.4,1332.7,1279.3,1316.4428571428573,12.315012131912574,-1.6408386508660056,1.0106877323420074,3,9,264
2017-09-22,1297.5,256421.0,1294.1,1301.9,1294.1,1294.8,1328.0,1290.1,1312.0857142857144,12.924966611346195,0.20852641334569988,1.0060273549184764,4,9,265
2017-09-25,1311.5,357294.0,1301.5,1315.8,1291.7,1297.5,1329.3,1294.0,1309.542857142857,10.496643454418606,1.0789980732177185,1.0186575830301152,0,9,268
2017-09-26,1301.7,376702.0,1314.2,1317.1,1295.0,1311.5,1325.2,1290.4,1306.185714285714,8.150138765962382,-0.7472359893252012,1.017065637065637,1,9,269
2017-09-27,1287.8,364084.0,1297.3,1299.2,1284.1,1301.7,1310.8,1279.7,1302.8999999999999,10.325696102427981,-1.0678343704386695,1.0117592087843628,2,9,270
2017-09-28,1288.7,279916.0,1285.1,1291.6,1280.4,1287.8,1310.6,1282.9,1299.7714285714285,10.905306702950845,0.06988662835845094,1.0087472664792252,3,9,271
2017-09-29,1284.8,280671.0,1290.1,1293.2,1278.2,1288.7,1316.4,1292.4,1295.2571428571428,9.296389468099305,-0.30263055792659754,1.0117352526991081,4,9,272
2017-10-02,1275.8,267375.0,1282.2,1282.8,1272.0,1284.8,1294.8,1291.6,1292.5428571428572,11.869689288657328,-0.7004981320049786,1.008490566037736,0,10,275
2017-10-03,1274.6,202951.0,1273.1,1277.4,1271.0,1275.8,1297.5,1296.7,1289.2714285714285,13.340379090770714,-0.09405862987929003,1.0050354051927617,1,10,276
2017-10-04,1276.8,266333.0,1274.5,1285.0,1273.1,1274.6,1311.5,1291.0,1284.314285714286,9.636809390969377,0.1726031696218433,1.0093472625873852,2,10,277
2017-10-05,1273.2,217774.0,1277.5,1281.6,1268.5,1276.8,1301.7,1294.7,1280.242857142857,6.613586304670188,-0.28195488721803885,1.0103271580607016,3,10,278
2017-10-06,1274.9,361565.0,1270.6,1279.2,1262.8,1273.2,1287.8,1292.0,1278.4,5.917488205858318,0.13352183474710788,1.012987012987013,4,10,279
2017-10-09,1285.0,195058.0,1278.6,1288.0,1277.7,1274.9,1288.7,1297.9,1277.8714285714286,4.926362513950351,0.792218997568428,1.0080613602567112,0,10,282
2017-10-10,1293.8,308402.0,1286.8,1296.7,1284.6,1285.0,1284.8,1315.3,1279.1571428571428,7.525037573061751,0.6848249027237241,1.0094192744823292,1,10,283
2017-10-11,1288.9,258782.0,1290.7,1295.9,1286.8,1293.8,1275.8,1318.9,1281.0285714285715,8.153672850450379,-0.3787293244705392,1.0070718060304633,2,10,284
2017-10-12,1296.5,239955.0,1294.6,1299.8,1291.8,1288.9,1274.6,1314.1,1284.1571428571428,9.384536419520021,0.5896500892233592,1.0061929091190587,3,10,285
2017-10-13,1304.6,290549.0,1296.0,1306.4,1292.9,1296.5,1276.8,1322.2,1288.1285714285716,11.414860823452912,0.6247589664481135,1.0104416428184702,4,10,286
2017-10-16,1303.0,265876.0,1306.0,1308.4,1292.5,1304.6,1273.2,1330.4,1292.3857142857144,10.434147237372052,-0.1226429556952291,1.0123017408123791,0,10,289
2017-10-17,1286.2,328145.0,1297.2,1298.4,1283.2,1303.0,1274.9,1344.5,1294.0,7.8262379212314945,-1.2893323100537146,1.0118453865336658,1,10,290
2017-10-18,1283.0,250218.0,1286.9,1290.8,1278.6,1286.2,1285.0,1339.0,1293.7142857142858,8.235376650229917,-0.24879489970456303,1.0095416862193023,2,10,291
2017-10-19,1290.0,345419.0,1282.8,1292.8,1277.6,1283.0,1293.8,1350.3,1293.1714285714286,8.353185876385176,0.5455962587685104,1.0118973074514714,3,10,292
2017-10-20,1280.5,308883.0,1292.0,1292.9,1279.3,1290.0,1288.9,1351.2,1291.9714285714288,9.582051674116933,-0.7364341085271287,1.0106308137262567,4,10,293
2017-10-23,1280.9,276923.0,1281.5,1284.7,1273.6,1280.5,1296.5,1335.7,1289.7428571428572,10.150510191246596,0.031237797735261807,1.0087154522613067,0,10,296
2017-10-24,1278.3,262004.0,1283.9,1285.3,1274.8,1280.9,1304.6,1332.7,1285.9857142857143,8.461565767507707,-0.20298227808572822,1.0082365861311577,1,10,297
2017-10-25,1279.0,368454.0,1278.0,1281.3,1272.0,1278.3,1303.0,1328.0,1282.5571428571427,4.215391299666396,0.05476022842838546,1.0073113207547169,2,10,298
2017-10-26,1269.6,377535.0,1278.6,1283.8,1266.4,1279.0,1286.2,1329.3,1280.185714285714,6.080961703372804,-0.7349491790461404,1.0137397346809853,3,10,299
2017-10-27,1271.8,352515.0,1268.0,1275.2,1263.8,1269.6,1283.0,1325.2,1278.5857142857144,6.662689289710837,0.17328292375551335,1.009020414622567,4,10,300
2017-10-30,1277.7,253987.0,1274.3,1279.9,1269.8,1271.8,1290.0,1310.8,1276.8285714285714,4.382432462174548,0.4639094197200988,1.0079540085052765,0,10,303
2017-10-31,1270.5,264613.0,1277.6,1279.1,1268.3,1277.7,1280.5,1310.6,1275.3999999999999,4.610133765211904,-0.563512561634194,1.008515335488449,1,10,304
2017-11-01,1277.3,376514.0,1271.8,1281.9,1268.5,1270.5,1280.9,1316.4,1274.8857142857141,4.062605309967678,0.5352223534041745,1.0105636578636186,2,11,305
2017-11-02,1278.1,374063.0,1275.2,1285.1,1274.0,1277.3,1278.3,1294.8,1274.857142857143,4.035202243094256,0.06263211461676743,1.0087127158555729,3,11,306
2017-11-03,1269.2,361591.0,1277.5,1281.2,1265.9,1278.1,1279.0,1297.5,1273.457142857143,4.05826610873972,-0.6963461387997749,1.012086262737973,4,11,307
2017-11-06,1281.6,340658.0,1270.7,1283.9,1266.4,1269.2,1269.6,1311.5,1275.1714285714286,4.64891180301314,0.9769933816577314,1.013818698673405,0,11,310
2017-11-07,1275.8,327931.0,1282.6,1282.8,1272.3,1281.6,1271.8,1301.7,1275.742857142857,4.40486743758182,-0.4525593008739004,1.008252770572978,1,11,311
2017-11-08,1283.7,346077.0,1276.4,1288.1,1276.1,1275.8,1277.7,1287.8,1276.6000000000001,5.33479146732168,0.6192193133720103,1.0094036517514302,2,11,312
2017-11-09,1287.5,20559.0,1286.0,1287.7,1285.4,1283.7,1270.5,1288.7,1279.0285714285715,5.931192765274652,0.29601931915557156,1.0017893262797573,3,11,313
2017-11-10,1274.2,342281.0,1286.0,1287.7,1273.6,1287.5,1277.3,1284.8,1278.5857142857144,6.19177642021219,-1.0330097087378642,1.0110709798994977,4,11,314
2017-11-13,1278.9,213187.0,1275.3,1279.9,1274.4,1274.2,1278.1,1275.8,1278.7,6.18869937869016,0.36885889185371834,1.0043157564344005,0,11,317
2017-11-14,1282.9,342150.0,1278.9,1283.8,1269.7,1278.9,1269.2,1274.6,1280.6571428571428,4.66149373155379,0.3127687856751882,1.011104985429629,1,11,318
2017-11-15,1277.7,417251.0,1280.7,1290.0,1276.5,1282.9,1281.6,1276.8,1280.1000000000001,4.762002379930178,-0.4053316704341725,1.0105757931844888,2,11,319
2017-11-16,1278.2,268021.0,1278.0,1281.8,1274.9,1277.7,1275.8,1273.2,1280.4428571428573,4.478785974939658,0.0391328167801408,1.005412189191309,3,11,320
2017-11-17,1296.5,368094.0,1278.8,1297.5,1278.1,1278.2,1283.7,1274.9,1282.2714285714285,7.573795676684496,1.4317008292911826,1.0151787810030515,4,11,321
2017-11-20,1275.3,399552.0,1294.1,1295.1,1274.1,1296.5,1287.5,1285.0,1280.5285714285715,7.573795676685045,-1.6351716158889307,1.0164822227454673,0,11,324
2017-11-21,1281.7,315463.0,1276.6,1284.5,1275.8,1275.3,1274.2,1293.8,1281.6000000000001,7.041069994429376,0.5018427036775686,1.0068192506662486,1,11,325
2017-11-22,1296.8,5008.0,1296.1,1296.4,1293.7,1281.7,1278.9,1288.9,1284.1571428571428,8.901658486445001,1.1781228056487514,1.0020870371801809,2,11,326
2017-11-24,1291.8,83375.0,1296.1,1297.6,1289.5,1296.8,1282.9,1296.5,1285.4285714285713,9.318031674419377,-0.38556446637877384,1.0062815044590927,4,11,328
2017-11-27,1298.9,143791.0,1292.0,1303.4,1290.7,1291.8,1277.7,1304.6,1288.4571428571428,9.819174633132128,0.5496206843164764,1.0098396219105912,0,11,331
2017-11-28,1299.2,224246.0,1298.8,1301.3,1294.5,1298.9,1278.2,1303.0,1291.457142857143,9.3603520487176,0.02309646624065742,1.0052529934337582,1,11,332
2017-11-29,1286.2,370799.0,1298.0,1300.4,1285.1,1299.2,1296.5,1286.2,1289.9857142857143,9.244354776718785,-1.0006157635467972,1.0119056882732862,2,11,333
2017-11-30,1276.7,331729.0,1286.9,1288.4,1273.1,1286.2,1275.3,1283.0,1290.1857142857145,8.881709402165148,-0.7386098584978962,1.0120179090409238,3,11,334
2017-12-01,1282.3,421344.0,1277.9,1292.5,1274.2,1276.7,1281.7,1290.0,1290.2714285714285,8.788574834339991,0.4386308451476362,1.0143619525977083,4,12,335
2017-12-04,1277.7,250246.0,1277.6,1280.5,1273.5,1282.3,1296.8,1280.5,1287.5428571428572,9.369606384970673,-0.3587304063011665,1.0054966627404789,0,12,338
2017-12-05,1264.9,311493.0,1279.1,1279.8,1263.2,1277.7,1291.8,1280.9,1283.7000000000003,12.368912644197046,-1.001800109571882,1.0131412286257124,1,12,339
2017-12-06,1266.1,239509.0,1268.3,1271.8,1264.8,1264.9,1298.9,1278.3,1279.0142857142857,11.853048633350063,0.094869159617339,1.0055344718532575,2,12,340
2017-12-07,1253.1,305430.0,1265.2,1266.8,1245.8,1266.1,1299.2,1279.0,1272.4285714285713,11.571907691425766,-1.0267751362451616,1.0168566383047037,3,12,341
2017-12-08,1248.4,270293.0,1249.5,1254.4,1244.4,1253.1,1286.2,1269.6,1267.0285714285715,12.826108046437996,-0.3750698268294439,1.00803600128576,4,12,342
2017-12-11,1246.9,185028.0,1249.2,1253.4,1242.4,1248.4,1276.7,1271.8,1262.7714285714285,13.975062824626301,-0.12015379685997862,1.0088538312942692,0,12,345
2017-12-12,1241.7,216831.0,1243.9,1247.9,1238.3,1246.9,1282.3,1277.7,1256.9714285714288,12.903321831435854,-0.4170342449274278,1.007752563999031,1,12,346
2017-12-13,1248.6,296022.0,1246.3,1259.7,1242.3,1241.7,1277.7,1270.5,1252.8142857142855,9.295236875483072,0.5556897801401117,1.0140062786766482,2,12,347
2017-12-14,1257.1,252441.0,1258.1,1261.6,1252.8,1248.6,1264.9,1277.3,1251.7,7.979348344314583,0.6807624539484136,1.0070242656449553,3,12,348
2017-12-15,1257.5,230959.0,1255.5,1264.5,1255.2,1257.1,1266.1,1278.1,1250.4714285714285,5.7407067757929635,0.03181926656590228,1.0074091778202676,4,12,349
2017-12-18,1265.5,202834.0,1257.8,1267.0,1255.3,1257.5,1253.1,1269.2,1252.2428571428572,8.110868663472766,0.6361829025844923,1.0093204811598822,0,12,352
2017-12-19,1264.2,196646.0,1265.4,1268.6,1262.3,1265.5,1248.4,1281.6,1254.5,9.011659114719425,-0.10272619517976977,1.0049908896458846,1,12,353
2017-12-20,1269.6,198670.0,1264.8,1271.4,1264.4,1264.2,1246.9,1275.8,1257.7428571428572,9.86489688116832,0.42714760322732914,1.005536222714331,2,12,354
2017-12-21,1270.6,188932.0,1268.8,1272.5,1266.0,1269.6,1241.7,1283.7,1261.8714285714286,7.879448856715447,0.07876496534342525,1.0051342812006319,3,12,355
2017-12-22,1278.8,180314.0,1270.3,1280.4,1268.4,1270.6,1248.6,1287.5,1266.185714285714,7.666687370563644,0.6453643947741172,1.009460737937559,4,12,356
2017-12-26,1287.5,130981.0,1279.0,1288.4,1277.7,1278.8,1257.1,1274.2,1270.5285714285715,9.936416907126597,0.680325304973417,1.0083744227909526,1,12,360
2017-12-27,1291.4,193217.0,1287.8,1293.2,1286.0,1287.5,1257.5,1278.9,1275.3714285714286,10.755574412936575,0.30291262135924146,1.0055987558320374,2,12,361
2017-12-28,1297.2,213624.0,1292.0,1297.3,1290.5,1291.4,1265.5,1282.9,1279.8999999999999,12.447088012857487,0.4491249806411579,1.0052692754746222,3,12,362
2017-12-29,1309.3,226714.0,1297.5,1309.8,1296.1,1297.2,1264.2,1277.7,1286.3428571428572,14.47340747057594,0.9327782917051941,1.0105701720546254,4,12,363
2018-01-02,1316.1,269072.0,1305.3,1320.4,1304.6,1309.3,1269.6,1278.2,1292.9857142857143,16.0890675689386,0.5193614908729716,1.0121109918749043,1,1,2
2018-01-03,1318.5,342866.0,1319.0,1323.0,1308.9,1316.1,1270.6,1296.5,1299.8285714285714,15.1395414159567,0.18235696375656918,1.0107724043089616,2,1,3
2018-01-04,1321.6,350803.0,1315.5,1327.3,1307.1,1318.5,1278.8,1275.3,1305.9428571428573,13.816277494653114,0.23511566173681775,1.0154540586030143,3,1,4
2018-01-05,1322.3,322422.0,1324.4,1324.7,1314.6,1321.6,1287.5,1281.7,1310.9142857142856,12.245737839665447,0.05296610169491789,1.007682945382626,4,1,5
2018-01-08,1320.4,238332.0,1321.8,1323.0,1315.7,1322.3,1291.4,1296.8,1315.0571428571427,9.025677655587137,-0.14368902669590344,1.0055483772896556,0,1,8
2018-01-09,1313.7,321636.0,1321.2,1321.4,1309.5,1320.4,1297.2,1291.8,1317.4142857142856,4.705467943906335,-0.5074219933353552,1.0090874379534174,1,1,9
2018-01-10,1319.3,382605.0,1313.3,1328.6,1308.9,1313.7,1309.3,1298.9,1318.8428571428572,3.0626008243355622,0.426276927761271,1.0150508060203223,2,1,10
2018-01-11,1322.5,254541.0,1317.5,1324.7,1316.1,1319.3,1316.1,1299.2,1319.7571428571428,3.062600824335087,0.24255286894565575,1.0065344578679434,3,1,11
2018-01-12,1334.9,44651.0,1337.3,1342.4,1334.9,1322.5,1318.5,1286.2,1322.1000000000001,6.397655820664927,0.9376181474480161,1.0056183983819014,4,1,12
2018-01-16,1337.1,472155.0,1340.9,1345.0,1332.1,1334.9,1321.6,1276.7,1324.314285714286,8.524558360277474,0.16480635253575127,1.0096839576608363,1,1,16
2018-01-17,1339.2,358312.0,1339.0,1344.5,1326.6,1337.1,1322.3,1282.3,1326.7285714285715,10.105561882055676,0.15705631590756663,1.013493140358812,2,1,17
2018-01-18,1327.2,305093.0,1327.4,1333.3,1324.3,1339.2,1320.4,1277.7,1327.7,9.715108508555478,-0.8960573476702538,1.0067960431926302,3,1,18
2018-01-19,1333.1,268077.0,1327.0,1338.2,1326.6,1327.2,1313.7,1264.9,1330.4714285714285,7.590501583254034,0.44454490657022117,1.0087441579978895,4,1,19
2018-01-22,1331.9,325008.0,1334.0,1335.8,1328.0,1333.1,1319.3,1266.1,1332.2714285714285,5.777171824117581,-0.09001575275672247,1.0058734939759035,0,1,22
2018-01-23,1336.7,354786.0,1333.0,1341.5,1330.7,1331.9,1322.5,1253.1,1334.3,3.991240408652405,0.3603874164727072,1.0081160291575861,1,1,23
2018-01-24,1361.4,147749.0,1346.2,1366.8,1344.1,1336.7,1334.9,1248.4,1338.0857142857144,11.02503644307274,1.8478342185980434,1.0168886243583066,2,1,24
2018-01-25,1368.0,140915.0,1362.7,1370.5,1346.2,1361.4,1337.1,1246.9,1342.5,15.74166446090266,0.4847950639047971,1.018050809686525,3,1,25
2018-01-26,1357.2,139946.0,1352.7,1361.0,1348.6,1368.0,1339.2,1241.7,1345.0714285714287,16.56157342420568,-0.7894736842105177,1.009194720450838,4,1,26
2018-01-29,1345.1,224553.0,1353.7,1356.3,1340.9,1357.2,1327.2,1248.6,1347.6285714285714,14.609096970222069,-0.8915414087828033,1.0114848236259228,0,1,29
2018-01-30,1340.0,394887.0,1344.0,1352.5,1337.5,1345.1,1333.1,1257.1,1348.6142857142856,13.667897737803868,-0.37915396624785824,1.011214953271028,1,1,30
2018-01-31,1343.1,365063.0,1341.8,1351.0,1335.5,1340.0,1331.9,1257.5,1350.2142857142858,11.930273616772697,0.231343283582075,1.0116061400224634,2,1,31
2018-02-01,1347.9,301115.0,1348.2,1354.3,1340.2,1343.1,1336.7,1265.5,1351.814285714286,10.478458628907529,0.35738217556400276,1.0105208177883898,3,2,32
2018-02-02,1337.3,416513.0,1352.2,1353.3,1330.1,1347.9,1361.4,1264.2,1348.3714285714286,10.759447675664026,-0.7864084872765131,1.017442297571611,4,2,33
2018-02-05,1336.5,298950.0,1334.6,1344.8,1331.6,1337.3,1368.0,1269.6,1343.8714285714286,7.170475178491279,-0.05982202946234194,1.0099128867527787,0,2,36
2018-02-06,1329.5,457363.0,1343.1,1349.3,1322.8,1336.5,1357.2,1270.6,1339.9142857142856,6.161284652658058,-0.5237560793116325,1.0200332627759299,1,2,37
2018-02-07,1314.6,335680.0,1326.6,1334.8,1313.5,1329.5,1345.1,1278.8,1335.5571428571427,10.868894016527838,-1.1207220759684167,1.0162162162162163,2,2,38
2018-02-08,1319.0,349123.0,1320.7,1324.5,1309.0,1314.6,1340.0,1287.5,1332.5571428571427,12.248790027693282,0.33470257112431234,1.0118411000763943,3,2,39
2018-02-09,1315.7,306980.0,1321.0,1325.0,1313.2,1319.0,1343.1,1291.4,1328.642857142857,12.688296069312212,-0.25018953752842243,1.0089856838257691,4,2,40
2018-02-12,1326.4,203283.0,1317.1,1330.0,1316.3,1315.7,1347.9,1297.2,1325.5714285714287,9.434990599821402,0.8132553013604937,1.0104079617108561,0,2,43
2018-02-13,1330.4,192998.0,1325.0,1333.5,1323.7,1326.4,1337.3,1309.3,1324.5857142857144,8.297274365985139,0.3015681544028981,1.0074034902168165,1,2,44
2018-02-14,1358.0,405262.0,1331.9,1358.6,1319.1,1330.4,1336.5,1316.1,1327.6571428571428,14.841367540623052,2.074564040889948,1.029944659237359,2,2,45
2018-02-15,1355.3,251537.0,1353.0,1359.8,1350.8,1358.0,1329.5,1318.5,1331.3428571428572,18.199071143216486,-0.19882179675994038,1.0066627183891028,3,2,46
2018-02-16,1356.2,21489.0,1350.2,1356.2,1349.5,1355.3,1314.6,1321.6,1337.2857142857142,18.608101154365173,0.06640596177969194,1.0049648017784365,4,2,47
2018-02-20,1331.2,357520.0,1348.9,1354.0,1330.6,1356.2,1319.0,1322.3,1339.0285714285715,17.121985309888487,-1.8433859312785739,1.0175860514053812,1,2,51
2018-02-21,1332.1,244241.0,1331.2,1338.5,1324.4,1331.2,1315.7,1320.4,1341.3714285714286,14.284807114041469,0.06760817307691624,1.0106463304137723,2,2,52
2018-02-22,1332.7,201972.0,1326.2,1334.4,1322.9,1332.1,1326.4,1313.7,1342.2714285714285,13.352367366327577,0.045041663538780696,1.0086930229042255,3,2,53
2018-02-23,1330.3,165052.0,1333.7,1334.2,1327.7,1332.7,1330.4,1319.3,1342.257142857143,13.367230720778073,-0.1800855406318025,1.004895684266024,4,2,54
2018-02-26,1332.8,237905.0,1330.4,1342.9,1328.0,1330.3,1358.0,1322.5,1338.6571428571428,11.71165475680169,0.18792753514245142,1.0112198795180725,0,2,57
2018-02-27,1315.5,710.0,1331.7,1332.6,1312.7,1332.8,1355.3,1334.9,1332.9714285714285,11.943996300179837,-1.2980192076830654,1.0151595947284222,1,2,58
2018-02-28,1317.9,251263.0,1318.9,1323.7,1316.7,1315.5,1356.2,1337.1,1327.5,7.4607863749739325,0.18244013683010873,1.0053163211057947,2,2,59
2018-03-01,1305.2,395651.0,1319.3,1322.3,1303.6,1317.9,1331.2,1339.2,1323.7857142857142,10.962120927893517,-0.963654298505201,1.0143448910708808,3,3,60
2018-03-02,1323.4,256112.0,1318.0,1326.6,1316.2,1305.2,1332.1,1327.2,1322.5428571428572,10.337771704249962,1.3944223107569709,1.0079015347211668,4,3,61
2018-03-05,1319.9,215468.0,1324.9,1328.9,1318.3,1323.4,1332.7,1333.1,1320.7142857142858,9.324060018991972,-0.2644703037630314,1.0080406584237276,0,3,64
2018-03-06,1335.2,269691.0,1321.0,1339.9,1320.8,1319.9,1330.3,1331.9,1321.4142857142858,10.296832615150674,1.1591787256610253,1.0144609327680194,1,3,65
2018-03-07,1327.6,297281.0,1339.5,1342.0,1323.0,1335.2,1332.8,1336.7,1320.6714285714286,9.494860765279855,-0.5692031156381172,1.0143613000755858,2,3,66
2018-03-08,1321.7,241811.0,1326.2,1329.8,1319.6,1327.6,1315.5,1361.4,1321.5571428571427,9.217168246042785,-0.4444109671587704,1.0077296150348591,3,3,67
2018-03-09,1324.0,336571.0,1322.7,1325.9,1313.2,1321.7,1317.9,1368.0,1322.4285714285713,9.10141276315841,0.17401830975258825,1.0096710325921414,4,3,68
2018-03-12,1320.8,214392.0,1324.1,1325.0,1315.3,1324.0,1305.2,1357.2,1324.6571428571428,5.2927173684719095,-0.24169184290030454,1.0073747434045466,0,3,71
2018-03-13,1327.1,321790.0,1323.3,1328.8,1313.8,1320.8,1323.4,1345.1,1325.185714285714,5.330862522872044,0.47698364627497547,1.011417262901507,1,3,72
2018-03-14,1325.6,247027.0,1326.7,1330.5,1321.7,1327.1,1319.9,1340.0,1326.0,4.797568828722767,-0.11302840780649248,1.0066580918514034,2,3,73
2018-03-15,1317.8,241746.0,1324.7,1328.1,1314.9,1325.6,1335.2,1343.1,1323.5142857142857,3.5927837727538523,-0.5884127942063944,1.0100387862194842,3,3,74
2018-03-16,1312.3,277568.0,1316.8,1321.8,1309.5,1317.8,1327.6,1347.9,1321.3285714285714,5.050978217340863,-0.4173622704507496,1.0093928980526918,4,3,75
2018-03-19,1317.8,283944.0,1312.9,1319.6,1307.4,1312.3,1321.7,1337.3,1320.7714285714285,5.215590182525121,0.419111483654655,1.0093314976288816,0,3,78
2018-03-20,1311.9,281146.0,1316.5,1318.1,1306.6,1317.8,1324.0,1336.5,1319.042857142857,5.924203784126899,-0.4477158901198819,1.0088014694627276,1,3,79
2018-03-21,1321.5,451237.0,1310.6,1336.9,1309.5,1311.9,1320.8,1329.5,1319.142857142857,5.964577979695068,0.7317630916990447,1.0209240168003055,2,3,80
2018-03-22,1333.2,70121.0,1338.0,1340.8,1330.3,1321.5,1327.1,1314.6,1320.0142857142857,7.554563426902996,0.8853575482406395,1.0078929564759829,3,3,81
2018-03-23,1355.7,124800.0,1335.5,1356.3,1334.7,1333.2,1325.6,1319.0,1324.3142857142855,15.573848654216066,1.6876687668766932,1.0161834120026971,4,3,82
2018-03-26,1360.9,187073.0,1350.6,1361.8,1349.2,1355.7,1317.8,1315.7,1330.4714285714288,20.35507424743778,0.3835656856236769,1.0093388674770234,0,3,85
2018-03-27,1347.9,24159.0,1351.1,1352.2,1347.9,1360.9,1312.3,1326.4,1335.5571428571427,19.48707752526891,-0.9552502020721554,1.003190147637065,1,3,86
2018-03-28,1330.0,358319.0,1351.1,1352.2,1327.7,1347.9,1317.8,1330.4,1337.3,18.132751216136906,-1.3279916907782519,1.0184529637719364,2,3,87
2018-03-29,1327.3,235348.0,1329.3,1332.6,1325.4,1330.0,1311.9,1358.0,1339.5,15.241062955045008,-0.20300751879699375,1.0054323223177908,3,3,88
2018-04-02,1352.9,4979.0,1336.3,1355.1,1335.1,1327.3,1321.5,1355.3,1343.9857142857145,13.591961910300874,1.9287274919008723,1.0149801512995282,0,4,92
2018-04-03,1337.3,276654.0,1345.0,1346.6,1332.7,1352.9,1333.2,1356.2,1344.5714285714287,13.130208717001484,-1.153078571956545,1.0104299542282582,1,4,93
2018-04-04,1340.2,334886.0,1336.7,1352.5,1335.2,1337.3,1355.7,1331.2,1342.357142857143,12.215817225050195,0.21685485680102978,1.0129568603954464,2,4,94
2018-04-05,1328.5,266243.0,1337.1,1338.7,1326.0,1340.2,1360.9,1332.1,1337.7285714285715,9.946308240683846,-0.873004029249369,1.009577677224736,3,4,95
2018-04-06,1336.1,361181.0,1329.7,1339.1,1322.6,1328.5,1347.9,1332.7,1336.042857142857,8.877660566979722,0.5720737674068443,1.0124754271888705,4,4,96
2018-04-09,1340.1,222038.0,1338.0,1341.5,1330.1,1336.1,1330.0,1330.3,1337.4857142857143,8.546427825183825,0.29937878901280524,1.0085707841515676,0,4,99
2018-04-10,1345.9,278138.0,1339.8,1346.2,1334.2,1340.1,1327.3,1332.8,1340.142857142857,7.701484087012203,0.43280352212522466,1.00899415380003,1,4,100
2018-04-11,1360.0,467541.0,1343.1,1369.4,1342.5,1345.9,1352.9,1315.5,1341.1571428571428,9.83393057102978,1.0476261237833295,1.0200372439478584,2,4,101
2018-04-12,1341.9,374672.0,1356.3,1356.7,1336.7,1360.0,1337.3,1317.9,1341.814285714286,9.685802078527349,-1.330882352941165,1.0149622203935065,3,4,102
2018-04-13,1347.9,253937.0,1337.6,1350.3,1335.5,1341.9,1340.2,1305.2,1342.9142857142856,9.906635582833845,0.44712720769057857,1.0110819917633844,4,4,103
2018-04-16,1350.7,258382.0,1349.8,1353.5,1342.8,1347.9,1328.5,1323.4,1346.0857142857144,7.8664749774638025,0.20773054380889278,1.0079684241882634,0,4,106
2018-04-17,1349.5,267744.0,1349.1,1352.2,1340.2,1350.7,1336.1,1319.9,1348.0,6.552098900324364,-0.08884282224032036,1.0089538874794808,1,4,107
2018-04-18,1353.5,298749.0,1350.4,1359.0,1345.0,1349.5,1340.1,1335.2,1349.9142857142856,5.770161341278956,0.2964060763245735,1.0104089219330854,2,4,108
2018-04-19,1348.8,325544.0,1352.4,1357.7,1343.2,1353.5,1345.9,1327.6,1350.3285714285716,5.533146870031731,-0.3472478758773545,1.01079511614056,3,4,109
2018-04-20,1338.3,269829.0,1348.5,1348.9,1337.0,1348.8,1360.0,1321.7,1347.2285714285715,5.2847939996446245,-0.7784697508896765,1.0089005235602095,4,4,110
2018-04-23,1324.0,276592.0,1336.2,1337.6,1323.8,1338.3,1341.9,1324.0,1344.6714285714286,10.271110664643306,-1.0685197638795496,1.0104245354283123,0,4,113
2018-04-24,1333.0,267707.0,1326.1,1334.5,1323.6,1324.0,1347.9,1320.8,1342.5428571428572,11.00800574472179,0.6797583081570968,1.0082351163493504,1,4,114
2018-04-25,1322.8,256659.0,1332.0,1333.8,1320.2,1333.0,1350.7,1327.1,1338.5571428571427,12.5106430880204,-0.7651912978244635,1.010301469474322,2,4,115
2018-04-26,1317.9,285847.0,1324.2,1328.0,1316.2,1322.8,1349.5,1325.6,1334.042857142857,13.56107876027953,-0.3704263683096398,1.0089652028567087,3,4,116
2018-04-27,1323.4,232724.0,1318.0,1326.4,1315.8,1317.9,1353.5,1317.8,1329.7428571428572,10.867973920768753,0.41733060171484926,1.0080559355525156,4,4,117
2018-04-30,1319.2,287438.0,1324.0,1325.9,1310.7,1323.4,1348.8,1312.3,1325.5142857142857,7.432906244380682,-0.31736436451564876,1.0115968566414892,0,4,120
2018-05-01,1306.8,267336.0,1316.0,1317.4,1302.3,1319.2,1338.3,1317.8,1321.0142857142857,7.921369530438458,-0.9399636143117118,1.01159487061353,1,5,121
2018-05-02,1305.6,350840.0,1304.4,1314.9,1304.3,1306.8,1324.0,1311.9,1318.3857142857144,9.63334981048108,-0.09182736455464191,1.0081269646553708,2,5,122
2018-05-03,1312.7,297240.0,1305.5,1319.0,1305.2,1305.6,1333.0,1321.5,1315.4857142857143,7.265082833051514,0.54381127450982,1.010573092246399,3,5,123
2018-05-04,1314.7,299809.0,1312.8,1316.9,1308.5,1312.7,1322.8,1333.2,1314.3285714285714,6.511967005858315,0.15235773596404822,1.0064195643867024,4,5,124
2018-05-07,1314.1,230426.0,1316.3,1320.1,1310.6,1314.7,1317.9,1355.7,1313.7857142857142,6.320186856765836,-0.04563778808854835,1.0072485884327789,0,5,127
2018-05-08,1313.7,398268.0,1314.1,1318.5,1306.2,1314.1,1323.4,1360.9,1312.3999999999999,4.722287581212676,-0.030439083783562193,1.0094166283876895,1,5,128
2018-05-09,1313.0,372491.0,1315.3,1317.8,1304.2,1313.7,1319.2,1347.9,1311.5142857142857,3.70649365813187,-0.05328461597016165,1.0104278484894955,2,5,129
2018-05-10,1322.3,362491.0,1312.8,1323.4,1310.6,1313.0,1306.8,1330.0,1313.7285714285715,4.868509109784486,0.7083015993907038,1.0097665191515337,3,5,130
2018-05-11,1320.7,259923.0,1321.8,1326.3,1317.0,1322.3,1305.6,1327.3,1315.8857142857141,3.919365837874707,-0.12100128563865553,1.0070615034168564,4,5,131
2018-05-14,1318.2,235892.0,1318.3,1322.4,1312.8,1320.7,1312.7,1352.9,1316.6714285714286,3.720535035724147,-0.18929355644733414,1.0073126142595978,0,5,134
2018-05-15,1290.3,461831.0,1313.2,1314.7,1288.2,1318.2,1314.7,1337.3,1313.185714285714,10.720452193716882,-2.116522530723719,1.02057133985406,1,5,135
2018-05-16,1291.5,321197.0,1290.1,1296.4,1285.7,1290.3,1314.1,1340.2,1309.9571428571428,13.45385411233037,0.0930016275284773,1.0083223146923854,2,5,136
2018-05-17,1289.4,289678.0,1290.2,1294.0,1284.0,1291.5,1313.7,1328.5,1306.4857142857143,15.331169619583617,-0.1626016260162566,1.0077881619937694,3,5,137
2018-05-18,1291.3,254923.0,1290.0,1293.7,1285.1,1289.4,1313.0,1336.1,1303.3857142857144,15.974816490477984,0.14735535908172448,1.0066920862189714,4,5,138
2018-05-21,1290.9,313755.0,1290.3,1292.7,1281.2,1291.3,1322.3,1340.1,1298.9,14.073971247176756,-0.03097653527451838,1.0089759600374648,0,5,141
2018-05-22,1297.4,42154.0,1298.2,1301.3,1292.8,1290.9,1320.7,1345.9,1295.5714285714287,10.311112821550497,0.5035246727089548,1.0065748762376239,1,5,142
2018-05-23,1294.8,61616.0,1295.9,1303.8,1292.0,1297.4,1318.2,1360.0,1292.2285714285715,2.8353214312925648,-0.20040080160321772,1.0091331269349846,2,5,143
2018-05-24,1309.8,99686.0,1298.0,1311.8,1297.4,1294.8,1290.3,1341.9,1295.0142857142857,7.058665731174524,1.1584800741427204,1.0110991213195621,3,5,144
2018-05-25,1309.0,61195.0,1305.7,1309.0,1299.9,1309.8,1291.5,1347.9,1297.5142857142857,8.548377735246303,-0.06107802717971733,1.0070005385029617,4,5,145
2018-05-29,1304.1,348290.0,1302.2,1311.3,1296.6,1309.0,1289.4,1350.7,1299.6142857142856,8.011539296817594,-0.37433155080214275,1.0113373438223046,1,5,149
2018-05-30,1306.5,320122.0,1303.1,1308.8,1300.0,1304.1,1291.3,1349.5,1301.7857142857142,7.420563449257101,0.1840349666436758,1.0067692307692306,2,5,150
2018-05-31,1304.7,293132.0,1306.0,1311.5,1301.0,1306.5,1290.9,1353.5,1303.757142857143,5.674168703508716,-0.1377726750861008,1.0080707148347425,3,5,151
2018-06-01,1299.3,308394.0,1303.0,1304.8,1293.1,1304.7,1297.4,1348.8,1304.0285714285715,5.355904618773712,-0.4138882501724561,1.0090480241280644,4,6,152
2018-06-04,1297.3,209443.0,1296.7,1302.3,1293.8,1299.3,1294.8,1338.3,1304.3857142857141,4.678471463820453,-0.153929038713152,1.006569794404081,0,6,155
2018-06-05,1302.2,257770.0,1296.4,1304.8,1293.5,1297.3,1309.8,1324.0,1303.3,4.05257120024079,0.3777075464426183,1.00873598763046,1,6,156
2018-06-06,1301.4,239391.0,1300.6,1306.1,1297.7,1302.2,1309.0,1333.0,1302.2142857142858,3.199181442877221,-0.061434495469203654,1.006472990675811,2,6,157
2018-06-07,1303.0,239302.0,1300.9,1307.8,1299.0,1301.4,1304.1,1322.8,1302.0571428571427,3.117080441034308,0.12294452128476241,1.006774441878368,3,6,158
2018-06-08,1302.7,211335.0,1301.3,1304.8,1296.0,1303.0,1306.5,1317.9,1301.5142857142857,2.4802073645396767,-0.02302379125095344,1.0067901234567902,4,6,159
2018-06-11,1303.2,206333.0,1303.5,1307.0,1297.8,1302.7,1304.7,1323.4,1301.3,2.2090722033669237,0.038381822368926954,1.007088919710279,0,6,162
2018-06-12,1299.4,227402.0,1304.5,1304.8,1296.3,1303.2,1299.3,1319.2,1301.314285714286,2.194256572156092,-0.2915899324739124,1.0065571241225024,1,6,163
2018-06-13,1301.3,254837.0,1299.6,1305.2,1294.5,1299.4,1297.3,1306.8,1301.8857142857144,1.322155527078119,0.1462213329228801,1.0082657396678254,2,6,164
2018-06-14,1308.3,332112.0,1303.1,1313.0,1301.0,1301.3,1302.2,1305.6,1302.7571428571428,2.7754021587049933,0.5379236148467026,1.0092236740968485,3,6,165
2018-06-15,1278.5,495364.0,1305.9,1306.7,1277.9,1308.3,1301.4,1312.7,1299.4857142857145,9.642514985095211,-2.2777650385997106,1.0225369747241568,4,6,166
2018-06-18,1280.1,180772.0,1281.1,1284.9,1279.5,1278.5,1303.0,1314.7,1296.2142857142858,11.877209067697256,0.12514665623777343,1.0042203985932006,0,6,169
2018-06-19,1278.6,272942.0,1280.7,1286.8,1272.6,1280.1,1302.7,1314.1,1292.7714285714285,13.112553054944955,-0.11717834544175965,1.0111582586830112,1,6,170
2018-06-20,1274.5,223323.0,1277.3,1278.6,1269.6,1278.6,1303.2,1313.7,1288.6714285714286,13.77833012204611,-0.32066322540277303,1.0070888468809074,2,6,171
2018-06-21,1270.5,268481.0,1269.7,1272.3,1262.4,1274.5,1299.4,1313.0,1284.542857142857,14.345946830930925,-0.3138485680659109,1.007842205323194,3,6,172
2018-06-22,1270.7,177199.0,1268.6,1273.1,1268.4,1270.5,1301.3,1322.3,1280.1714285714286,12.986494816491486,0.015741833923654802,1.0037054556922105,4,6,173
2018-06-25,1268.9,191258.0,1272.2,1274.4,1265.5,1270.7,1308.3,1320.7,1274.542857142857,4.581796279034926,-0.141654206342956,1.0070327933623076,0,6,176
2018-06-26,1259.9,243918.0,1267.3,1269.4,1256.4,1268.9,1278.5,1318.2,1271.8857142857144,6.77358314122979,-0.7092757506501735,1.0103470232410061,1,6,177
2018-06-27,1256.1,250008.0,1260.5,1261.9,1252.2,1259.9,1280.1,1290.3,1268.4571428571428,7.90271201187202,-0.30161123898723163,1.0077463663951445,2,6,178
2018-06-28,1251.0,234981.0,1253.6,1255.8,1247.2,1256.1,1278.6,1291.5,1264.5142857142857,8.829576919148684,-0.4060186290900325,1.0068954457985888,3,6,179
2018-06-29,1254.5,221077.0,1249.5,1257.1,1246.9,1251.0,1274.5,1289.4,1261.6571428571428,8.278457413225906,0.27977617905674546,1.0081802871120378,4,6,180
2018-07-02,1241.7,251533.0,1253.4,1255.6,1240.6,1254.5,1270.5,1291.3,1257.542857142857,10.10608020661815,-1.0203268234356244,1.0120909237465743,0,7,183
2018-07-03,1253.5,145678.0,1253.5,1262.4,1238.8,1241.7,1270.7,1290.9,1255.0857142857144,8.304301811180355,0.9503100587903601,1.0190506942202133,1,7,184
2018-07-05,1258.8,372468.0,1257.7,1262.4,1252.2,1253.5,1268.9,1297.4,1253.642857142857,6.084914993320491,0.4228161148783327,1.0081456636320076,3,7,186
2018-07-06,1255.8,195750.0,1258.4,1260.2,1253.7,1258.8,1259.9,1294.8,1253.0571428571427,5.556634815779883,-0.23832221163012646,1.0051846534258595,4,7,187
2018-07-09,1259.6,231724.0,1255.7,1266.9,1255.7,1255.8,1256.1,1309.8,1253.5571428571427,6.014664618741111,0.30259595476986867,1.008919327864936,0,7,190
2018-07-10,1255.4,266748.0,1258.5,1261.0,1247.7,1259.6,1251.0,1309.0,1254.185714285714,5.932236388679496,-0.33343918704349385,1.010659613689188,1,7,191
2018-07-11,1244.4,293555.0,1256.7,1257.3,1241.7,1255.4,1254.5,1304.1,1252.7428571428572,6.978982051555746,-0.876214752270188,1.0125634211162116,2,7,192
2018-07-12,1246.6,216104.0,1242.3,1248.8,1241.4,1244.4,1241.7,1306.5,1253.4428571428573,5.83947975501838,0.1767920282867097,1.005961011760915,3,7,193
2018-07-13,1241.2,248662.0,1247.7,1248.5,1236.2,1246.6,1253.5,1304.7,1251.685714285714,7.44836191641112,-0.4331782448259158,1.009949846303187,4,7,194
2018-07-16,1239.7,178908.0,1241.0,1245.8,1238.3,1241.2,1258.8,1299.3,1248.957142857143,7.89300473896203,-0.12085078955849093,1.006056690624243,0,7,197
2018-07-17,1227.3,304251.0,1240.8,1245.1,1225.9,1239.7,1255.8,1297.3,1244.8857142857144,10.64556692890791,-1.000241994030826,1.0156619626396932,1,7,198
2018-07-18,1227.9,272126.0,1227.0,1229.1,1220.9,1227.3,1259.6,1302.2,1240.357142857143,10.069898566650522,0.0488878024932804,1.0067163567859774,2,7,199
2018-07-19,1224.0,414022.0,1227.3,1229.6,1210.7,1227.9,1255.4,1301.4,1235.8714285714286,9.209001807226263,-0.31761544099683237,1.0156108036672997,3,7,200
2018-07-20,1231.1,342215.0,1222.9,1232.4,1215.3,1224.0,1244.4,1303.0,1233.9714285714285,8.500924319478491,0.5800653594771221,1.0140705998518886,4,7,201
2018-07-23,1234.4,75122.0,1240.7,1244.7,1231.1,1231.1,1246.6,1302.7,1232.2285714285715,6.494026559244462,0.26805296076681806,1.0110470311103892,0,7,204
2018-07-24,1234.6,64451.0,1233.4,1238.6,1227.0,1234.4,1241.2,1303.2,1231.2857142857142,5.353325624122694,0.016202203499671164,1.0094539527302362,1,7,205
2018-07-25,1241.0,55539.0,1233.3,1243.4,1232.5,1234.6,1239.7,1299.4,1231.4714285714285,5.704885124654749,0.5183865219504424,1.008843813387424,2,7,206
2018-07-26,1235.3,99096.0,1240.8,1244.6,1231.3,1241.0,1227.3,1301.3,1232.6142857142856,5.528540666808168,-0.4593070104754293,1.0108015918135305,3,7,207
2018-07-27,1232.7,150903.0,1231.4,1236.5,1226.3,1235.3,1227.9,1308.3,1233.3,5.1296523598701675,-0.21047518821337707,1.0083177036614206,4,7,208
2018-07-30,1231.5,178604.0,1231.1,1234.1,1227.8,1232.7,1224.0,1278.5,1234.3714285714286,3.331523318068357,-0.09734728644439361,1.0051311288483467,0,7,211
2018-07-31,1233.6,287649.0,1230.5,1237.8,1222.6,1231.5,1231.1,1280.1,1234.7285714285715,3.043963581500079,0.1705237515225333,1.0124325208571896,1,7,212
2018-08-01,1227.6,210076.0,1232.7,1233.7,1224.4,1233.6,1234.4,1278.6,1233.7571428571428,4.076296171278241,-0.4863813229571967,1.007595557007514,2,8,213
2018-08-02,1210.6,411.0,1214.7,1219.3,1205.8,1227.6,1234.6,1274.5,1230.3285714285714,9.599950396686657,-1.3848159009449357,1.0111958865483497,3,8,214
2018-08-03,1223.2,272386.0,1216.0,1228.5,1212.5,1210.6,1241.0,1270.5,1227.7857142857142,8.608412275475958,1.0408062117958083,1.0131958762886597,4,8,215
2018-08-06,1208.6,297.0,1214.4,1214.4,1206.6,1223.2,1235.3,1270.7,1223.9714285714285,10.443612766608183,-1.1935905820798065,1.006464445549478,0,8,218
2018-08-07,1218.3,199691.0,1215.8,1224.3,1215.6,1208.6,1232.7,1268.9,1221.9142857142856,9.83843289881987,0.8025814992553393,1.00715695952616,1,8,219
2018-08-08,1221.0,255706.0,1218.7,1223.8,1213.6,1218.3,1231.5,1259.9,1220.4142857142856,8.88789974654224,0.2216202905688247,1.0084047462096244,2,8,220
2018-08-09,1219.9,225166.0,1222.0,1225.6,1218.4,1221.0,1233.6,1256.1,1218.457142857143,6.752248302801585,-0.09009009009007807,1.005909389363099,3,8,221
2018-08-10,1219.0,317657.0,1220.0,1224.9,1213.1,1219.9,1227.6,1251.0,1217.2285714285715,5.472572303668661,-0.07377653906058823,1.009727145330146,4,8,222
2018-08-13,1198.9,363069.0,1218.4,1221.4,1198.6,1219.0,1210.6,1254.5,1215.5571428571427,8.680794345912608,-1.6488925348646322,1.0190221925579845,0,8,225
2018-08-14,1193.0,92.0,1193.1,1197.5,1192.8,1198.9,1223.2,1241.7,1211.242857142857,11.345021983644344,-0.49211777462674355,1.0039403085177734,1,8,226
2018-08-15,1185.0,364039.0,1201.5,1202.0,1180.0,1193.0,1208.6,1253.5,1207.8714285714286,15.134917055787696,-0.6705783738474413,1.0186440677966102,2,8,227
2018-08-16,1184.0,353666.0,1183.0,1189.0,1167.1,1185.0,1218.3,1258.8,1202.9714285714285,16.67040434279429,-0.08438818565400519,1.01876445891526,3,8,228
2018-08-17,1184.2,246695.0,1180.7,1192.0,1178.5,1184.0,1221.0,1255.8,1197.7142857142858,15.818178210674334,0.01689189189189033,1.0114552397114978,4,8,229
2018-08-20,1194.6,199964.0,1190.4,1197.7,1189.6,1184.2,1219.9,1259.6,1194.1000000000001,12.432082153306743,0.8782300287113465,1.0068090114324144,0,8,232
2018-08-21,1200.0,211149.0,1197.3,1204.3,1194.3,1194.6,1219.0,1255.4,1191.3857142857144,6.959029762689951,0.45203415369161615,1.0083731055848615,1,8,233
2018-08-22,1203.3,227367.0,1203.0,1208.4,1199.2,1200.0,1198.9,1244.4,1192.0142857142857,7.887633479356727,0.275000000000003,1.0076717811874583,2,8,234
2018-08-23,1194.0,226193.0,1202.8,1203.4,1190.2,1203.3,1193.0,1246.6,1192.1571428571428,7.917461113014531,-0.7728745948641147,1.0110905730129391,3,8,235
2018-08-24,1213.3,286519.0,1191.6,1215.4,1189.5,1194.0,1185.0,1241.2,1196.2,10.468205831623164,1.6164154103852635,1.02177385456074,4,8,236
2018-08-27,1216.0,205140.0,1214.5,1218.8,1209.3,1213.3,1184.0,1239.7,1200.7714285714285,11.21319375938886,0.2225335860875255,1.007855784338047,0,8,239
2018-08-28,1207.4,136.0,1209.7,1217.0,1202.3,1216.0,1184.2,1227.3,1204.0857142857144,8.629876123365571,-0.7072368421052522,1.012226565748981,1,8,240
2018-08-29,1211.5,235721.0,1206.6,1213.7,1206.6,1207.4,1194.6,1227.9,1206.5,7.863841300526484,0.3395726354149309,1.0058843030001658,2,8,241
2018-08-30,1205.0,276369.0,1212.6,1214.0,1202.1,1211.5,1200.0,1224.0,1207.2142857142858,7.387698913596807,-0.5365249690466367,1.0098993428167375,3,8,242
2018-08-31,1206.7,117750.0,1206.3,1209.7,1201.2,1205.0,1203.3,1231.1,1207.7,7.196758529587891,0.14107883817426892,1.007076257076257,4,8,243
2018-09-04,1199.1,402704.0,1207.0,1209.7,1195.1,1206.7,1194.0,1234.4,1208.4285714285713,5.676182486399534,-0.6298168558879658,1.0122165509162415,1,9,247
2018-09-05,1201.3,203575.0,1197.2,1204.2,1196.4,1199.1,1213.3,1234.6,1206.7142857142858,5.771027803141158,0.18347093653574564,1.006519558676028,2,9,248
2018-09-06,1204.3,278851.0,1202.5,1212.7,1200.5,1201.3,1216.0,1241.0,1205.042857142857,4.079974322965967,0.24972945975194616,1.0101624323198668,3,9,249
2018-09-07,1200.4,272324.0,1205.6,1209.0,1198.7,1204.3,1207.4,1235.3,1204.0428571428572,4.2598345597058405,-0.32383957485675463,1.0085926420288647,4,9,250
2018-09-10,1199.8,207244.0,1200.7,1203.8,1196.2,1200.4,1211.5,1232.7,1202.3714285714286,2.9358214555599202,-0.049983338887049644,1.0063534525998996,0,9,253
2018-09-11,1202.2,253326.0,1200.4,1204.8,1192.7,1199.8,1205.0,1231.5,1201.9714285714288,2.6992062325049857,0.20003333888982677,1.0101450490483777,1,9,254
2018-09-12,1210.9,292275.0,1203.5,1213.9,1197.6,1202.2,1206.7,1233.6,1202.5714285714287,4.05286494786001,0.7236732656795919,1.0136105544422178,2,9,255
2018-09-13,1208.2,295658.0,1212.4,1218.0,1205.0,1210.9,1199.1,1227.6,1203.8714285714286,4.210191716013482,-0.22297464695680835,1.0107883817427386,3,9,256
2018-09-14,1201.1,276004.0,1206.6,1213.8,1197.7,1208.2,1201.3,1210.6,1203.8428571428572,4.231176803530137,-0.587651051150484,1.0134424313267094,4,9,257
2018-09-17,1205.8,205761.0,1199.8,1209.7,1197.5,1201.1,1204.3,1223.2,1204.0571428571427,4.295678891948383,0.39130796769628606,1.0101878914405011,0,9,260
2018-09-18,1202.9,223080.0,1206.4,1208.2,1200.3,1205.8,1200.4,1208.6,1204.4142857142856,4.037089946727474,-0.2405042295571258,1.0065816879113556,1,9,261
2018-09-19,1202.2,223080.0,1202.2,1202.2,1202.2,1202.9,1199.8,1218.3,1204.7571428571428,3.6646314697927695,-0.05819270097264795,1.0,2,9,262
2018-09-20,1211.3,232693.0,1208.8,1213.2,1205.1,1202.2,1202.2,1221.0,1206.0571428571427,4.183641612605588,0.7569455997338048,1.0067214339059,3,9,263
2018-09-21,1201.3,333369.0,1212.1,1215.8,1196.0,1211.3,1210.9,1219.9,1204.685714285714,3.895051805984125,-0.8255593164368857,1.0165551839464884,4,9,264
2018-09-24,1204.4,207122.0,1204.0,1208.8,1198.6,1201.3,1208.2,1219.0,1204.142857142857,3.5753121741646763,0.2580537750770162,1.0085099282496246,0,9,267
2018-09-25,1205.1,192109.0,1203.1,1207.9,1201.3,1204.4,1201.1,1198.9,1204.7142857142858,3.318347265025171,0.05812022583857601,1.0054940481145427,1,9,268
2018-09-26,1199.1,330481.0,1205.5,1206.9,1194.6,1205.1,1205.8,1193.0,1203.7571428571428,3.8729218697770857,-0.49788399302962416,1.0102963335007535,2,9,269
2018-09-27,1182.3,4947.0,1194.6,1197.3,1180.5,1199.1,1202.9,1185.0,1200.8142857142855,9.028183385265102,-1.4010507880910628,1.0142312579415502,3,9,270
2018-09-28,1196.2,300928.0,1186.8,1198.0,1184.3,1182.3,1202.2,1184.0,1199.957142857143,9.15857651654489,1.1756745326905182,1.0115680148610995,4,9,271
2018-10-01,1191.7,213617.0,1196.1,1196.5,1188.1,1196.2,1211.3,1184.2,1197.1571428571428,8.040700040590258,-0.3761912723624805,1.007070111943439,0,10,274
2018-10-02,1207.0,350240.0,1192.7,1212.3,1192.2,1191.7,1201.3,1194.6,1197.9714285714288,8.784401760256827,1.2838801711840153,1.016859587317564,1,10,275
2018-10-03,1202.9,246832.0,1207.0,1212.3,1200.4,1207.0,1204.4,1200.0,1197.7571428571428,8.618170173693871,-0.339685169842574,1.0099133622125958,2,10,276
2018-10-04,1201.6,280314.0,1201.4,1210.7,1199.6,1202.9,1205.1,1203.3,1197.2571428571428,8.213171767111739,-0.10807215894922395,1.009253084361454,3,10,277
2018-10-05,1205.6,250219.0,1203.7,1209.8,1200.9,1201.6,1199.1,1194.0,1198.185714285714,8.802542922624719,0.332889480692411,1.007411108335415,4,10,278
2018-10-08,1184.4,250.0,1201.0,1201.0,1183.7,1205.6,1182.3,1213.3,1198.4857142857143,8.18503279801914,-1.7584605175845924,1.0146151896595421,0,10,281
2018-10-09,1191.5,236941.0,1192.2,1195.8,1186.6,1184.4,1196.2,1216.0,1197.814285714286,8.586700680198252,0.5994596420128229,1.0077532445643014,1,10,282
2018-10-10,1193.4,243118.0,1192.7,1198.6,1188.5,1191.5,1191.7,1207.4,1198.0571428571427,8.407111502139834,0.1594628619387306,1.0084981068573833,2,10,283
2018-10-11,1227.6,503085.0,1197.9,1230.0,1194.7,1193.4,1207.0,1211.5,1201.0,13.882002737353174,2.865761689291091,1.029547166652716,3,10,284
2018-10-12,1222.0,309392.0,1227.7,1228.1,1219.3,1227.6,1202.9,1205.0,1203.7285714285715,16.028798487480493,-0.456174649723029,1.0072172558025096,4,10,285
2018-10-15,1226.4,136.0,1222.4,1232.3,1222.4,1222.0,1201.6,1206.7,1207.2714285714285,18.088367743356994,0.36006546644844484,1.0080988219895286,0,10,288
2018-10-16,1231.0,233393.0,1230.5,1235.9,1226.3,1226.4,1205.6,1199.1,1210.8999999999999,20.12966302085545,0.37508153946508305,1.0078284269754547,1,10,289
2018-10-17,1227.4,228207.0,1228.0,1232.9,1223.7,1231.0,1184.4,1201.3,1217.0428571428572,17.01507734753817,-0.2924451665312633,1.0075181825610853,2,10,290
2018-10-18,1230.1,239133.0,1225.5,1233.6,1221.7,1227.4,1191.5,1204.3,1222.5571428571427,13.180017342275924,0.21997718755091267,1.0097405254972578,3,10,291
2018-10-19,1228.7,188648.0,1228.6,1234.1,1226.2,1230.1,1193.4,1200.4,1227.6000000000001,2.9399546481466907,-0.11381188521257801,1.006442668406459,4,10,292
2018-10-22,1224.6,180132.0,1230.5,1232.6,1222.8,1228.7,1227.6,1199.8,1227.1714285714286,3.1510391331868317,-0.333686009603662,1.0080143931959438,0,10,295
2018-10-23,1236.8,276325.0,1225.1,1243.0,1224.5,1224.6,1222.0,1202.2,1229.2857142857142,3.9633439464569284,0.9962436714029188,1.0151082074316047,1,10,296
2018-10-24,1231.1,204289.0,1233.8,1238.0,1228.3,1236.8,1226.4,1210.9,1229.9571428571428,3.7871964753201275,-0.460866752910738,1.0078970935439224,2,10,297
2018-10-25,1232.4,252780.0,1236.6,1242.0,1230.5,1231.1,1231.0,1208.2,1230.1571428571428,3.887097092862956,0.10559662090814381,1.0093457943925233,3,10,298
2018-10-26,1235.8,304896.0,1234.7,1246.0,1232.5,1232.4,1227.4,1201.1,1231.357142857143,4.179655943895588,0.2758844530996285,1.0109533468559837,4,10,299
2018-10-29,1227.6,225204.0,1236.4,1237.6,1226.1,1235.8,1230.1,1205.8,1231.0,4.405678154361546,-0.6635377892862948,1.0093793328439769,0,10,302
2018-10-30,1225.3,218624.0,1231.9,1232.5,1221.4,1227.6,1228.7,1202.9,1230.5142857142857,4.864986663693408,-0.18735744542195398,1.0090879318814474,1,10,303
2018-10-31,1215.0,231855.0,1224.7,1225.0,1213.4,1225.3,1224.6,1202.2,1229.142857142857,7.467229995744469,-0.8406104627438182,1.0095599142904235,2,10,304
2018-11-01,1238.6,293251.0,1216.6,1239.3,1216.1,1215.0,1236.8,1211.3,1229.3999999999999,7.798504130055218,1.942386831275722,1.019077378505057,3,11,305
2018-11-02,1233.3,249587.0,1235.3,1238.4,1231.3,1238.6,1231.1,1201.3,1229.7142857142858,7.92179032192741,-0.4279024705312384,1.0057662632989524,4,11,306
2018-11-05,1232.3,157253.0,1234.5,1236.8,1228.4,1233.3,1232.4,1204.4,1229.7,7.9162280580139575,-0.08108327252087655,1.0068381634646695,0,11,309
2018-11-06,1226.3,188660.0,1233.4,1237.8,1224.9,1232.3,1235.8,1205.1,1228.3428571428572,7.499523794393959,-0.48689442505883695,1.0105314719568943,1,11,310
2018-11-07,1228.7,252072.0,1228.9,1238.4,1224.2,1226.3,1227.6,1199.1,1228.5,7.492885514483522,0.19571067438637346,1.0115994118608072,2,11,311
2018-11-08,1225.1,229614.0,1227.7,1228.5,1220.8,1228.7,1225.3,1182.3,1228.4714285714285,7.50748832514608,-0.29299259379833575,1.0063073394495414,3,11,312
2018-11-09,1208.6,306462.0,1224.3,1224.6,1207.2,1225.1,1215.0,1196.2,1227.5571428571427,9.53692073694035,-1.3468288302995624,1.0144135188866799,4,11,313
2018-11-12,1201.3,1.0,1201.6,1201.6,1201.6,1208.6,1238.6,1191.7,1222.2285714285713,12.345405931717426,-0.6040046334601978,1.0,0,11,316
2018-11-13,1199.2,5.0,1196.3,1201.3,1196.3,1201.3,1233.3,1207.0,1217.357142857143,13.880905006856286,-0.174810621826349,1.004179553623673,1,11,317
2018-11-14,1210.1,268788.0,1202.8,1217.2,1198.1,1199.2,1232.3,1202.9,1214.185714285714,12.34941679748258,0.9089392928618878,1.0159419080210335,2,11,318
2018-11-15,1215.0,234966.0,1211.8,1217.0,1207.1,1210.1,1226.3,1201.6,1212.5714285714287,11.185662591858389,0.40492521279233973,1.0082014746085661,3,11,319
2018-11-16,1223.0,237367.0,1214.4,1226.0,1213.7,1215.0,1228.7,1205.6,1211.7571428571428,9.955711450019212,0.6584362139917754,1.0101343000741534,4,11,320
2018-11-19,1225.3,189907.0,1222.6,1226.5,1218.5,1223.0,1225.1,1184.4,1211.7857142857142,10.000571412238493,0.18806214227309326,1.0065654493229381,0,11,323
2018-11-20,1221.2,245888.0,1224.6,1229.5,1220.3,1225.3,1208.6,1191.5,1213.5857142857144,10.455210594305536,-0.33461193177179993,1.0075391297221994,1,11,324
2018-11-21,1225.8,245888.0,1225.8,1225.8,1225.8,1221.2,1201.3,1193.4,1217.0857142857144,9.732835929878723,0.3766786767114283,1.0,2,11,325
2018-11-23,1223.2,234908.0,1227.8,1229.7,1220.3,1225.8,1199.2,1227.6,1220.5142857142857,5.824782848993816,-0.21210637950724864,1.0077030238465952,4,11,327
2018-11-26,1228.7,141646.0,1230.4,1234.5,1228.0,1223.2,1210.1,1222.0,1223.1714285714286,4.333864436298556,0.4496402877697925,1.0052931596091206,0,11,330
2018-11-27,1219.9,132694.0,1228.5,1231.7,1217.8,1228.7,1215.0,1226.4,1223.8714285714286,2.9775349343954733,-0.71620411817368,1.0114140252915094,1,11,331
2018-11-28,1229.8,199518.0,1220.9,1233.8,1216.8,1219.9,1223.0,1231.0,1224.8428571428572,3.673716167046646,0.8115419296663484,1.0139710716633794,2,11,332
2018-11-29,1230.4,229628.0,1227.1,1234.9,1226.7,1229.8,1225.3,1227.4,1225.5714285714287,4.241349740221371,0.04878842088145152,1.0066846009619304,3,11,333
2018-11-30,1226.0,158763.0,1229.9,1231.1,1221.8,1230.4,1221.2,1230.1,1226.2571428571428,3.779707723623296,-0.35760728218465765,1.0076117204125061,4,11,334
2018-12-03,1239.6,233816.0,1227.8,1240.4,1226.6,1226.0,1225.8,1228.7,1228.2285714285715,6.276069440252394,1.109298531810765,1.0112506114462745,0,12,337
2018-12-04,1246.6,214514.0,1236.3,1247.5,1235.8,1239.6,1223.2,1224.6,1231.5714285714287,8.853758954187882,0.5646982897709041,1.009467551383719,1,12,338
2018-12-05,1242.6,104283.0,1244.6,1244.8,1238.7,1246.6,1228.7,1236.8,1233.5571428571427,9.6273667467278,-0.3208727739451356,1.0049245176394606,2,12,339
2018-12-06,1243.6,238860.0,1243.0,1249.9,1240.0,1242.6,1219.9,1231.1,1236.9428571428573,8.064501874015106,0.08047642040882597,1.007983870967742,3,12,340
2018-12-07,1252.6,215414.0,1243.1,1255.8,1242.6,1243.6,1229.8,1232.4,1240.2,9.220267530453153,0.7237053715020814,1.0106228874939642,4,12,341
2018-12-10,1249.4,190957.0,1255.6,1256.6,1246.9,1252.6,1230.4,1235.8,1242.9142857142856,8.632386416158926,-0.25546862525944736,1.0077792926457614,0,12,344
2018-12-11,1247.2,176025.0,1249.8,1255.1,1245.8,1249.4,1226.0,1227.6,1245.9428571428568,4.38134573800942,-0.17608452056987467,1.0074650826777973,1,12,345
2018-12-12,1250.0,144462.0,1248.3,1252.6,1247.1,1247.2,1239.6,1225.3,1247.4285714285713,3.557955539186273,0.22450288646567174,1.0044102317376313,2,12,346
2018-12-13,1247.4,148496.0,1250.7,1251.7,1244.4,1250.0,1246.6,1215.0,1247.542857142857,3.539706740579239,-0.20799999999999708,1.005866280938605,3,12,347
2018-12-14,1241.4,183625.0,1246.2,1247.3,1236.5,1247.4,1242.6,1238.6,1247.3714285714286,3.835672164322631,-0.481000481000482,1.0087343307723413,4,12,348
2018-12-17,1251.8,156508.0,1242.8,1252.2,1239.4,1241.4,1243.6,1233.3,1248.542857142857,3.742929842957029,0.8377638150475208,1.010327577860255,0,12,351
2018-12-18,1253.6,164361.0,1249.7,1254.5,1249.0,1251.8,1252.6,1232.3,1248.6857142857145,3.937608653045138,0.1437929381690406,1.0044035228182546,1,12,352
2018-12-19,1256.4,261331.0,1253.5,1262.2,1245.3,1253.6,1249.4,1226.3,1249.685714285714,4.916444708445286,0.2233567326100916,1.0135710270617522,2,12,353
2018-12-20,1267.9,303814.0,1247.0,1270.3,1246.2,1256.4,1247.2,1228.7,1252.642857142857,8.260318222842166,0.9153135943966939,1.0193387899213608,3,12,354
2018-12-21,1258.1,200024.0,1263.5,1266.2,1257.1,1267.9,1250.0,1225.1,1253.8,8.394641147765459,-0.772931619212891,1.0072388831437435,4,12,355
2018-12-24,1271.8,130455.0,1260.7,1273.9,1260.0,1258.1,1247.4,1208.6,1257.2857142857142,10.17192682031482,1.0889436451792411,1.0110317460317462,0,12,358
2018-12-26,1273.0,198175.0,1273.5,1282.3,1267.4,1271.8,1241.4,1201.3,1261.8,8.876373133196276,0.09435445824814703,1.0117563515859238,2,12,360
2018-12-27,1281.1,200717.0,1270.1,1281.6,1269.1,1273.0,1251.8,1199.2,1265.9857142857143,10.18649900134853,0.6362922230950474,1.009849499645418,3,12,361
2018-12-28,1283.0,155354.0,1278.0,1284.7,1276.5,1281.1,1253.6,1210.1,1270.185714285714,10.289060302304527,0.14831004605417863,1.0064238151194673,4,12,362
2018-12-31,1281.3,108913.0,1283.0,1286.5,1279.7,1283.0,1256.4,1215.0,1273.742857142857,8.945176939327405,-0.1325019485580725,1.0053137454090801,0,12,365
2019-01-02,1284.1,222578.0,1285.0,1291.0,1280.6,1281.3,1267.9,1223.0,1276.0571428571427,9.271256143364125,0.21852805744164705,1.008121193190692,2,1,2
2019-01-03,1294.8,229532.0,1288.5,1296.9,1286.4,1284.1,1258.1,1225.3,1281.2999999999997,7.661157440817327,0.8332684370376153,1.008162313432836,3,1,3
2019-01-04,1285.8,299076.0,1296.5,1300.4,1278.1,1294.8,1271.8,1221.2,1283.3,6.508456038082317,-0.6950880444856367,1.0174477740395902,4,1,4
2019-01-07,1289.9,197176.0,1287.0,1297.0,1284.1,1285.8,1273.0,1225.8,1285.7142857142858,5.013790505968188,0.31886763104682636,1.0100459465773695,0,1,7
2019-01-08,1285.9,206439.0,1289.9,1291.4,1280.2,1289.9,1281.1,1223.2,1286.3999999999999,4.587664620076893,-0.3101015582603339,1.0087486330260897,1,1,8
2019-01-09,1292.0,232491.0,1286.1,1295.0,1280.9,1285.9,1283.0,1228.7,1287.685714285714,4.734775098959716,0.4743759234777212,1.0110078850808024,2,1,9
2019-01-10,1287.4,227942.0,1294.7,1298.0,1286.7,1292.0,1281.3,1219.9,1288.5571428571427,3.840510878666301,-0.3560371517027816,1.0087821559026968,3,1,10
2019-01-11,1289.5,200393.0,1287.6,1295.7,1287.0,1287.4,1284.1,1229.8,1289.3285714285716,3.3003607305881197,0.16311946558955626,1.006759906759907,4,1,11
2019-01-14,1289.1,7.0,1292.4,1293.9,1289.9,1289.5,1294.8,1230.4,1288.5142857142857,2.2667366935146993,-0.03101977510663323,1.0031010155826032,0,1,14
2019-01-15,1288.4,229624.0,1292.4,1294.8,1286.5,1289.1,1285.8,1226.0,1288.8857142857144,1.9368604934423288,-0.05430145062444991,1.0064516129032257,1,1,15
2019-01-16,1293.8,173284.0,1289.6,1295.4,1287.6,1288.4,1289.9,1239.6,1289.4428571428573,2.6912556813657726,0.4191244954982798,1.006057781919851,2,1,16
2019-01-17,1292.3,188241.0,1293.9,1295.0,1288.3,1293.8,1285.9,1246.6,1290.357142857143,2.352911064152842,-0.11593754830730996,1.0052006520220447,3,1,17
2019-01-18,1282.6,100826.0,1280.7,1283.0,1276.0,1292.3,1292.0,1242.6,1289.0142857142857,3.6071357849486345,-0.7505997059506386,1.005485893416928,4,1,18
2019-01-22,1283.4,307704.0,1279.1,1285.0,1276.0,1282.6,1287.4,1243.6,1288.4428571428573,4.17726271727728,0.06237330422580456,1.0070532915360502,1,1,22
2019-01-23,1290.2,60819.0,1290.8,1292.1,1284.0,1283.4,1289.5,1252.6,1288.542857142857,4.214995904603115,0.529842605578934,1.0063084112149532,2,1,23
2019-01-24,1285.9,68784.0,1288.3,1290.0,1281.5,1290.2,1289.1,1249.4,1288.0857142857144,4.316799961127953,-0.3332816617578671,1.0066328521264143,3,1,24
2019-01-25,1304.2,87878.0,1286.0,1309.3,1284.8,1285.9,1288.4,1247.2,1290.3428571428572,7.480164245688751,1.4231277704331635,1.0190691158156913,4,1,25
2019-01-28,1309.3,122869.0,1308.5,1309.8,1302.7,1304.2,1293.8,1250.0,1292.5571428571427,10.398855248334058,0.3910443183560819,1.0054502187763874,0,1,28
2019-01-29,1315.2,171769.0,1308.5,1317.1,1307.8,1309.3,1292.3,1247.4,1295.8285714285714,13.456933068818088,0.45062247002216615,1.0071111790793699,1,1,29
2019-01-30,1315.5,262539.0,1317.0,1328.6,1313.5,1315.2,1282.6,1241.4,1300.5285714285715,13.807451404415618,0.02281021897809765,1.0114960030452989,2,1,30
2019-01-31,1325.2,215552.0,1325.4,1331.1,1322.2,1315.5,1283.4,1251.8,1306.5,14.19835671241204,0.7373622196883423,1.00673120556648,3,1,31
2019-02-01,1322.1,192924.0,1326.0,1328.2,1320.6,1325.2,1290.2,1253.6,1311.0571428571427,13.177361539488953,-0.2339269544219813,1.0057549598667272,4,2,32
2019-02-04,1319.3,147699.0,1322.6,1323.6,1312.7,1322.1,1285.9,1256.4,1315.8285714285716,7.275006136440206,-0.21178428258074034,1.0083034966100404,0,2,35
2019-02-05,1319.2,122758.0,1316.8,1321.0,1314.8,1319.3,1304.2,1267.9,1317.9714285714285,5.1889993529807885,-0.007579777154542722,1.0047155460906603,1,2,36
2019-02-06,1314.4,133244.0,1319.4,1319.9,1309.6,1319.2,1309.3,1258.1,1318.7000000000003,3.987480407414918,-0.363856882959368,1.0078649969456324,2,2,37
2019-02-07,1314.2,159728.0,1310.9,1315.8,1306.4,1314.4,1315.2,1271.8,1318.5571428571427,4.1484363089050795,-0.01521606816798915,1.0071953459889773,3,2,38
2019-02-08,1318.5,131864.0,1314.3,1319.5,1311.5,1314.2,1315.5,1273.0,1318.9857142857143,3.9291341587698385,0.3271952518642429,1.0060998856271446,4,2,39
2019-02-11,1307.0,119.0,1313.4,1313.4,1304.7,1318.5,1325.2,1281.1,1316.3857142857144,5.005806152621338,-0.8722032612817565,1.0066681995861118,0,2,42
2019-02-12,1314.0,144119.0,1311.6,1318.3,1310.0,1307.0,1322.1,1283.0,1315.2285714285715,4.359172048900109,0.535577658760511,1.0063358778625955,1,2,43
2019-02-13,1310.8,143.0,1311.6,1316.0,1308.1,1314.0,1319.3,1281.3,1314.0142857142857,4.217593536322715,-0.2435312024353209,1.0060392936319853,2,2,44
2019-02-14,1313.9,219485.0,1309.6,1317.4,1304.7,1310.8,1319.2,1284.1,1313.2571428571428,3.5552107967126934,0.23649679584987204,1.009734038476278,3,2,45
2019-02-15,1322.1,91941.0,1325.0,1330.8,1323.8,1313.9,1314.4,1294.8,1314.357142857143,4.9033516233685805,0.6240962021462737,1.0052878078259555,4,2,46
2019-02-19,1344.8,334325.0,1329.2,1345.0,1323.8,1322.1,1314.2,1285.8,1318.7285714285715,12.49822844587308,1.7169654337795937,1.0160145037014656,1,2,50
2019-02-20,1347.9,235291.0,1343.9,1349.8,1339.8,1344.8,1318.5,1289.9,1322.9285714285713,16.65670178292254,0.23051754907794653,1.007463800567249,2,2,51
2019-02-21,1327.8,277389.0,1341.7,1344.3,1323.3,1347.9,1307.0,1285.9,1325.8999999999999,15.126577052751298,-1.4912085466280978,1.0158694173656768,3,2,52
2019-02-22,1332.8,236737.0,1325.8,1335.6,1323.8,1327.8,1314.0,1292.0,1328.5857142857144,14.308439068287877,0.37656273535171536,1.008913733192325,4,2,53
2019-02-25,1329.5,176322.0,1331.9,1334.9,1327.3,1332.8,1310.8,1287.4,1331.2571428571428,11.992616776263821,-0.2475990396158423,1.0057259097415807,0,2,56
2019-02-26,1328.5,179292.0,1329.9,1332.4,1325.5,1329.5,1313.9,1289.5,1333.3428571428572,9.476436943404245,-0.0752162467092865,1.005205582798944,1,2,57
2019-02-27,1317.7,604.0,1327.7,1327.9,1316.5,1328.5,1322.1,1289.1,1332.7142857142858,10.443088395563677,-0.812946932630787,1.008659323965059,2,2,58
2019-02-28,1316.1,238804.0,1321.7,1328.9,1314.0,1317.7,1344.8,1288.4,1328.6142857142856,10.5407824774811,-0.12142369279807275,1.0113394216133942,3,2,59
2019-03-01,1299.2,328780.0,1315.5,1316.5,1291.3,1316.1,1347.9,1293.8,1321.6571428571428,11.698270120364954,-1.2840969531190516,1.0195152172229536,4,3,60
2019-03-04,1287.5,253631.0,1294.4,1298.1,1283.8,1299.2,1327.8,1292.3,1315.8999999999999,16.92168234345665,-0.9005541871921263,1.0111388066677052,0,3,63
2019-03-05,1284.7,207640.0,1287.8,1290.6,1282.0,1287.5,1332.8,1282.6,1309.0285714285715,18.5982718091025,-0.21747572815533633,1.0067082683307331,1,3,64
2019-03-06,1287.6,187195.0,1288.8,1291.8,1284.3,1284.7,1329.5,1283.4,1303.042857142857,17.6289399513722,0.22573363431150906,1.005839757066106,2,3,65
2019-03-07,1286.1,246103.0,1287.3,1289.6,1280.8,1287.6,1328.5,1290.2,1296.9857142857143,14.415550465996013,-0.11649580615097355,1.0068707058088695,3,3,66
2019-03-08,1299.3,270805.0,1286.7,1301.3,1285.6,1286.1,1317.7,1285.9,1294.357142857143,11.363370559643863,1.026358759038959,1.0122121966397013,4,3,67
2019-03-11,1291.1,187305.0,1298.2,1299.2,1290.6,1299.3,1316.1,1304.2,1290.7857142857142,6.100936696199301,-0.6311090587239332,1.0066635673330235,0,3,70
2019-03-12,1296.3,1.0,1294.7,1294.7,1294.7,1291.1,1299.2,1309.3,1290.3714285714284,5.50354863871043,0.40275733870343,1.0,1,3,71
2019-03-13,1309.3,204246.0,1301.8,1311.6,1300.6,1296.3,1287.5,1315.2,1293.4857142857143,8.792881319815331,1.0028542775592175,1.008457634937721,2,3,72
2019-03-14,1293.4,1.0,1293.4,1293.4,1293.4,1309.3,1284.7,1315.5,1294.7285714285715,7.915115136158164,-1.2143893683647655,1.0,3,3,73
2019-03-15,1302.9,224685.0,1295.6,1306.3,1293.7,1293.4,1287.6,1325.2,1296.9142857142856,7.728826683549651,0.7344982217411422,1.0097395068408441,4,3,74
2019-03-18,1301.5,172561.0,1302.0,1306.7,1298.0,1302.9,1286.1,1322.1,1299.1142857142856,6.172635463965956,-0.1074526057256997,1.006702619414484,0,3,77
2019-03-19,1306.5,203029.0,1303.7,1310.8,1302.1,1301.5,1299.3,1319.3,1300.142857142857,6.778853674658875,0.38417210910488553,1.0066815144766148,1,3,78
2019-03-20,1300.5,2.0,1300.7,1300.7,1300.7,1306.5,1291.1,1319.2,1301.4857142857143,5.499220723975705,-0.4592422502870286,1.0,2,3,79
2019-03-21,1313.6,59829.0,1318.6,1326.3,1309.1,1300.5,1296.3,1314.4,1303.957142857143,6.5645149967401055,1.007304882737392,1.0131387976472386,3,3,80
2019-03-22,1318.7,78716.0,1315.4,1320.9,1312.8,1313.6,1309.3,1314.2,1305.3,8.512148181642052,0.38824604141292074,1.0061700182815358,4,3,81
2019-03-25,1329.0,83949.0,1319.7,1330.8,1317.0,1318.7,1293.4,1318.5,1310.3857142857144,10.59692228452743,0.7810722681428572,1.0104783599088838,0,3,84
2019-03-26,1321.4,119776.0,1328.3,1329.3,1318.5,1329.0,1302.9,1307.0,1313.0285714285715,10.725004162482149,-0.5718585402558207,1.0081911262798635,1,3,85
2019-03-27,1316.9,197067.0,1321.7,1325.2,1313.7,1321.4,1301.5,1314.0,1315.2285714285715,9.472365823027177,-0.340547903738464,1.008753901195098,2,3,86
2019-03-28,1295.3,407079.0,1315.0,1317.6,1293.3,1316.9,1306.5,1310.8,1313.6285714285714,11.841975382170206,-1.6402156579846672,1.0187891440501045,3,3,87
2019-03-29,1298.5,260381.0,1295.0,1304.6,1291.3,1295.3,1300.5,1313.9,1313.3428571428572,12.22931684419599,0.24704701613527114,1.010299697978781,4,3,88
2019-04-01,1294.2,229896.0,1297.2,1301.7,1291.0,1298.5,1313.6,1322.1,1310.5714285714287,14.200670674957609,-0.3311513284559031,1.008288148721921,0,4,91
2019-04-02,1295.4,190667.0,1292.2,1297.1,1289.5,1294.2,1318.7,1344.8,1307.2428571428572,14.699757043652776,0.0927213722763165,1.0058937572702598,1,4,92
2019-04-03,1295.3,186420.0,1296.9,1299.0,1292.7,1295.4,1329.0,1347.9,1302.4285714285713,11.572339764223315,-0.007719623282398391,1.0048735205384078,2,4,93
2019-04-04,1294.3,250306.0,1294.4,1298.7,1284.9,1295.3,1321.4,1327.8,1298.5571428571427,8.213374690656195,-0.07720219254226945,1.0107401354190988,3,4,94
2019-04-05,1295.6,227617.0,1296.5,1297.8,1288.3,1294.3,1316.9,1332.8,1295.5142857142857,1.4276187298058762,0.10044039249015313,1.0073740588372273,4,4,95
2019-04-08,1297.1,63.0,1292.2,1302.1,1291.8,1295.6,1295.3,1329.5,1295.7714285714285,1.5402535349667033,0.11577647422043036,1.007973370490788,0,4,98
2019-04-09,1308.3,196670.0,1301.6,1310.4,1300.6,1297.1,1298.5,1328.5,1297.1714285714286,5.000571395881289,0.863464651915824,1.007534983853606,1,4,99
2019-04-10,1313.9,212949.0,1308.2,1314.7,1304.7,1308.3,1294.2,1317.7,1299.9857142857143,7.8060721175470285,0.4280363830925671,1.007664597225416,2,4,100
2019-04-11,1293.3,311101.0,1312.4,1313.1,1292.9,1313.9,1295.4,1316.1,1299.685714285714,8.048276952512657,-1.5678514346601835,1.0156237914765256,3,4,101
2019-04-12,1295.2,185177.0,1295.8,1299.1,1293.2,1293.3,1295.3,1299.2,1299.6714285714284,8.05744258136323,0.14691100286090553,1.004562326012991,4,4,102
2019-04-15,1291.3,222209.0,1294.0,1295.2,1285.3,1295.2,1294.3,1287.5,1299.2428571428572,8.46046829726992,-0.3011117974058175,1.007702481910838,0,4,105
2019-04-16,1277.2,308866.0,1290.8,1291.7,1275.5,1291.3,1295.6,1284.7,1296.6142857142856,11.928457370409987,-1.0919228684271642,1.0127009016072128,1,4,106
2019-04-17,1276.8,209965.0,1279.5,1282.1,1275.2,1277.2,1297.1,1287.6,1293.7142857142858,14.066677950782527,-0.03131850923896451,1.0054109159347553,2,4,107
2019-04-18,1276.0,219695.0,1276.2,1279.7,1273.0,1276.8,1308.3,1286.1,1289.1000000000001,13.779453303123184,-0.06265664160400863,1.0052631578947369,3,4,108
2019-04-22,1277.6,133327.0,1278.0,1281.9,1275.7,1276.0,1313.9,1299.3,1283.9142857142856,8.833728652409413,0.12539184952977678,1.004860076820569,0,4,112
2019-04-23,1273.2,271377.0,1277.0,1278.5,1267.9,1277.6,1293.3,1291.1,1281.0428571428572,8.536169543526968,-0.344395742016268,1.0083602807792411,1,4,113
2019-04-24,1279.4,235966.0,1274.4,1280.7,1270.5,1273.2,1295.2,1296.3,1278.7857142857142,5.828215441946998,0.4869619855482288,1.0080283353010626,2,4,114
2019-04-25,1279.7,230543.0,1277.9,1284.8,1275.2,1279.4,1291.3,1309.3,1277.1285714285716,2.191433538130108,0.023448491480371203,1.0075282308657465,3,4,115
2019-04-26,1288.8,268033.0,1279.1,1290.9,1276.0,1279.7,1277.2,1293.4,1278.7857142857142,4.929647915529374,0.7111041650386785,1.011677115987461,4,4,116
2019-04-29,1281.5,199297.0,1289.0,1289.1,1279.9,1288.8,1276.8,1302.9,1279.457142857143,4.934185897981817,-0.5664183736809436,1.00718806156731,0,4,119
2019-04-30,1282.8,114.0,1281.7,1283.3,1280.8,1281.5,1276.0,1301.5,1280.4285714285713,4.807880435843111,0.1014436207569247,1.001951905059338,1,4,120
2019-05-01,1284.2,269944.0,1285.2,1289.4,1274.5,1282.8,1277.6,1306.5,1281.3714285714286,4.807880435842775,0.1091362644215943,1.0116908591604552,2,5,121
2019-05-02,1272.0,273895.0,1278.5,1279.4,1267.3,1284.2,1273.2,1300.5,1281.2,5.15654923370718,-0.9500077869490808,1.0095478576501224,3,5,122
2019-05-03,1281.3,269353.0,1271.6,1283.9,1269.0,1272.0,1279.4,1313.6,1281.4714285714285,5.09565641358987,0.7311320754716855,1.0117415287628053,4,5,123
2019-05-06,1283.8,240672.0,1281.8,1287.4,1278.1,1281.3,1279.7,1318.7,1282.0571428571427,5.093740322772049,0.1951143370014785,1.007276425944762,0,5,126
2019-05-07,1285.6,241502.0,1282.4,1287.3,1279.1,1283.8,1288.8,1329.0,1281.6,4.49629477084316,0.14020875525782017,1.006410757563912,1,5,127
2019-05-08,1281.4,288297.0,1285.6,1292.8,1280.2,1285.6,1281.5,1321.4,1281.5857142857144,4.496824276205764,-0.3266957062849851,1.0098422121543509,2,5,128
2019-05-09,1285.2,296815.0,1281.9,1289.2,1280.4,1281.4,1282.8,1316.9,1281.9285714285713,4.692090609244253,0.2965506477290436,1.006872852233677,3,5,129
2019-05-10,1287.4,227237.0,1285.0,1290.3,1283.9,1285.2,1284.2,1295.3,1282.3857142857144,5.08934461115289,0.17117958294430302,1.0049848119012383,4,5,130
2019-05-13,1301.8,362480.0,1288.3,1302.2,1282.4,1287.4,1272.0,1298.5,1286.642857142857,7.042692937303966,1.1185334783283984,1.0154398003742982,0,5,133
2019-05-14,1296.3,215009.0,1300.8,1304.2,1294.3,1301.8,1281.3,1294.2,1288.7857142857142,7.418092425800227,-0.4224919342448952,1.0076489221973268,1,5,134
2019-05-15,1297.8,241040.0,1298.0,1301.7,1293.6,1296.3,1283.8,1295.4,1290.7857142857142,7.7305516343299105,0.11571395510299176,1.00626159554731,2,5,135
2019-05-16,1286.2,256906.0,1297.7,1299.3,1284.2,1297.8,1285.6,1295.3,1290.8714285714286,7.666532089890845,-0.8938203112960341,1.0117582931007632,3,5,136
2019-05-17,1275.7,255125.0,1287.2,1289.0,1274.6,1286.2,1281.4,1294.3,1290.0571428571427,9.022907355308055,-0.81635826465557,1.0112976620116116,4,5,137
2019-05-20,1277.3,206270.0,1277.6,1278.8,1273.3,1275.7,1285.2,1295.6,1288.9285714285713,10.154754926568511,0.12542133730499838,1.004319484803267,0,5,140
2019-05-21,1273.2,204984.0,1277.7,1277.7,1269.0,1277.3,1287.4,1297.1,1286.8999999999999,11.79660968243111,-0.32098958741093586,1.006855791962175,1,5,141
2019-05-22,1274.2,186404.0,1274.4,1277.1,1272.0,1273.2,1301.8,1308.3,1282.957142857143,10.531042547748994,0.07854225573358242,1.004009433962264,2,5,142
2019-05-23,1291.0,71630.0,1278.5,1292.5,1277.5,1274.2,1296.3,1313.9,1282.2000000000003,9.557370628628911,1.318474336838804,1.0117416829745598,3,5,143
2019-05-24,1289.2,23685.0,1289.2,1292.6,1288.9,1291.0,1297.8,1293.3,1280.9714285714288,7.562344055826725,-0.13942680092950965,1.002870664908061,4,5,144
2019-05-28,1282.5,207053.0,1290.5,1292.6,1280.8,1289.2,1286.2,1295.2,1280.4428571428573,7.259214177570652,-0.5197021408625546,1.009212991880075,1,5,148
2019-05-29,1286.3,194696.0,1284.3,1290.3,1283.8,1282.5,1275.7,1291.3,1281.957142857143,7.210376121199859,0.2962962962962834,1.005063093939866,2,5,149
2019-05-30,1287.1,55573.0,1279.4,1288.3,1273.9,1286.3,1277.3,1277.2,1283.357142857143,7.106067159535522,0.06219388945036819,1.0113038700054948,3,5,150
2019-05-31,1311.1,322176.0,1293.2,1311.9,1292.5,1287.1,1273.2,1276.8,1288.7714285714285,11.286232658361318,1.8646569808095759,1.015009671179884,4,5,151
2019-06-03,1327.9,347054.0,1312.5,1333.0,1310.9,1311.1,1274.2,1276.0,1296.4428571428573,16.688504740562298,1.2813667912439985,1.0168586467312533,0,6,154
2019-06-04,1323.4,302.0,1324.3,1328.6,1320.8,1327.9,1291.0,1277.6,1301.0714285714287,19.227299540460894,-0.33888093982981093,1.0059055118110236,1,6,155
2019-06-05,1333.6,391880.0,1330.2,1348.9,1329.3,1323.4,1289.2,1273.2,1307.4142857142856,21.808593762649917,0.7707420281094057,1.0147446024223277,2,6,156
2019-06-06,1342.7,252464.0,1336.1,1344.2,1331.3,1333.6,1282.5,1279.4,1316.0142857142857,22.21234105711482,0.6823635272945605,1.0096897769097875,3,6,157
2019-06-07,1346.1,314048.0,1339.7,1352.7,1334.3,1342.7,1286.3,1279.7,1324.5571428571427,20.29645758440737,0.25322112162060595,1.01379000224837,4,6,158
2019-06-10,1329.3,220533.0,1341.2,1341.7,1329.0,1346.1,1287.1,1288.8,1330.5857142857142,11.809096574429132,-1.2480499219968744,1.009556057185854,0,6,161
2019-06-11,1331.2,204179.0,1331.8,1333.8,1323.6,1329.3,1311.1,1281.5,1333.457142857143,8.161874201163014,0.1429323704205343,1.0077062556663645,1,6,162
2019-06-12,1336.8,226929.0,1330.6,1342.3,1329.8,1331.2,1327.9,1282.8,1334.7285714285715,7.838731675796088,0.42067307692306155,1.0093999097608664,2,6,163
2019-06-13,1343.7,197876.0,1337.8,1347.0,1335.9,1336.8,1323.4,1284.2,1337.6285714285714,6.607499346836909,0.5161579892280166,1.0083090051650572,3,6,164
2019-06-14,1344.5,346086.0,1346.5,1362.2,1341.4,1343.7,1333.6,1272.0,1339.185714285714,6.78194381458282,0.0595370990548405,1.0155061875652303,4,6,165
2019-06-17,1342.9,230833.0,1345.5,1347.1,1336.6,1344.5,1342.7,1281.3,1339.2142857142858,6.799614834985736,-0.11900334696912651,1.00785575340416,0,6,168
2019-06-18,1350.7,364839.0,1343.9,1358.5,1342.1,1342.9,1346.1,1283.8,1339.8714285714286,7.734061952500014,0.5808325266214887,1.012219655763356,1,6,169
2019-06-19,1348.8,320720.0,1350.4,1366.6,1344.8,1350.7,1329.3,1285.6,1342.6571428571428,6.739648146768515,-0.14066780188051187,1.0162105889351576,2,6,170
2019-06-20,1396.9,511767.0,1364.5,1397.7,1361.3,1348.8,1331.2,1281.4,1352.0428571428572,20.27690452564714,3.5661328588374896,1.0267391464041726,3,6,171
2019-06-21,1400.1,496645.0,1391.2,1415.4,1386.1,1396.9,1336.8,1285.2,1361.0857142857144,25.72822241373757,0.22907867420716155,1.0211384459995672,4,6,172
2019-06-24,1418.2,359931.0,1403.9,1425.1,1403.6,1400.1,1343.7,1287.4,1371.7285714285715,31.98576320206121,1.2927648025141236,1.0153177543459675,0,6,175
2019-06-25,1418.7,618309.0,1423.4,1442.9,1415.1,1418.2,1344.5,1301.8,1382.3285714285716,33.70690899926848,0.03525595825695227,1.0196452547523145,1,6,176
2019-06-26,1411.6,84.0,1407.2,1413.3,1405.8,1418.7,1342.9,1296.3,1392.142857142857,30.124456130228808,-0.500458165926565,1.0053350405463082,2,6,177
2019-06-27,1412.0,324556.0,1412.7,1415.3,1401.4,1411.6,1350.7,1297.8,1400.8999999999999,24.443404018245833,0.0283366392745954,1.0099186527757955,3,6,178
2019-06-28,1409.7,297964.0,1413.3,1427.8,1408.6,1412.0,1348.8,1286.2,1409.6000000000001,8.347454701833977,-0.16288951841358923,1.0136305551611529,4,6,179
2019-07-01,1385.6,214.0,1386.6,1395.8,1382.8,1409.7,1396.9,1275.7,1407.9857142857143,11.651527592434844,-1.7095835993473862,1.0094012149262366,0,7,182
2019-07-02,1408.0,372203.0,1386.2,1424.0,1386.2,1385.6,1400.1,1277.3,1409.1142857142859,11.131401315075623,1.616628175519641,1.0272687923820516,1,7,183
2019-07-03,1420.9,118832.0,1421.6,1424.4,1412.7,1408.0,1418.2,1273.2,1409.5,11.538052984184022,0.9161931818181923,1.0082820131662773,2,7,184
2019-07-05,1400.1,555564.0,1418.8,1426.8,1388.6,1420.9,1418.7,1274.2,1406.8428571428572,11.203103311524993,-1.4638609332113584,1.0275097220221807,4,7,186
2019-07-08,1400.0,303906.0,1401.0,1409.9,1393.8,1400.1,1411.6,1291.0,1405.1857142857145,11.240022030106447,-0.007142346975208547,1.0115511551155116,0,7,189
2019-07-09,1400.5,276008.0,1397.9,1402.4,1387.5,1400.0,1412.0,1289.2,1403.5428571428572,10.91373097564308,0.03571428571429447,1.0107387387387388,1,7,190
2019-07-10,1412.5,426438.0,1400.0,1421.1,1391.8,1400.5,1409.7,1282.5,1403.9428571428573,11.223911549695007,0.8568368439842988,1.0210518752694353,2,7,191
2019-07-11,1406.7,380765.0,1421.1,1429.4,1402.7,1412.5,1385.6,1286.3,1406.9571428571428,7.782428314823628,-0.4106194690265408,1.0190347187566835,3,7,192
2019-07-12,1412.2,272092.0,1406.2,1418.9,1404.5,1406.7,1408.0,1287.1,1407.5571428571427,8.034064380832838,0.3909859955925299,1.010252758988964,4,7,193
2019-07-15,1413.5,231266.0,1417.7,1421.6,1409.3,1412.2,1420.9,1311.1,1406.5,6.281454184012296,0.09205494972384098,1.0087277371744838,0,7,196
2019-07-16,1411.2,327180.0,1416.4,1420.0,1402.1,1413.5,1400.1,1327.9,1408.0857142857144,5.777377885967743,-0.1627166607711339,1.0127665644390558,1,7,197
2019-07-17,1421.3,6.0,1404.6,1404.6,1404.6,1411.2,1400.0,1323.4,1411.1285714285714,6.386108435623823,0.7157029478457977,1.0,2,7,198
2019-07-18,1428.1,467773.0,1428.5,1449.7,1415.6,1421.3,1400.5,1333.6,1415.0714285714287,7.198776350987281,0.4784352353479182,1.0240887256287088,3,7,199
2019-07-19,1426.7,509138.0,1448.3,1454.4,1421.1,1428.1,1412.5,1342.7,1417.1,8.273854402019282,-0.09803235067571414,1.0234325522482586,4,7,200
2019-07-22,1426.9,247608.0,1428.5,1430.8,1423.0,1426.7,1406.7,1346.1,1419.9857142857145,7.53136299553855,0.014018364056922472,1.0054813773717497,0,7,203
2019-07-23,1421.7,380116.0,1426.0,1431.4,1414.6,1426.9,1412.2,1329.3,1421.3428571428572,6.705186336609784,-0.36442637886326956,1.0118761487346248,1,7,204
2019-07-24,1436.5,65218.0,1431.0,1442.9,1429.4,1421.7,1413.5,1331.2,1424.6285714285714,7.771896869587533,1.0410072448477248,1.0094445221771373,2,7,205
2019-07-25,1427.5,112902.0,1439.3,1447.0,1423.9,1436.5,1411.2,1336.8,1426.9571428571428,5.039463312229395,-0.6265227984684985,1.0162230493714446,3,7,206
2019-07-26,1432.2,5.0,1422.8,1423.0,1422.8,1427.5,1421.3,1343.7,1428.5142857142857,4.67062757066667,0.32924693520139936,1.000140567894293,4,7,207
2019-07-29,1433.3,168447.0,1431.9,1440.8,1427.5,1432.2,1428.1,1344.5,1429.2571428571428,4.99595074121338,0.07680491551458335,1.0093169877408055,0,7,210
2019-07-30,1441.8,248318.0,1439.5,1445.7,1434.8,1433.3,1426.7,1342.9,1431.4142857142858,6.682920661696263,0.5930370473731905,1.0075968776136048,1,7,211
2019-07-31,1437.8,406886.0,1443.7,1447.8,1422.3,1441.8,1426.9,1350.7,1432.9714285714285,6.725502282467336,-0.2774309890414717,1.0179287070238345,2,7,212
2019-08-01,1432.4,567523.0,1425.6,1458.2,1412.1,1437.8,1421.7,1348.8,1434.5,4.6245720521745355,-0.37557379329530294,1.032646413143545,3,8,213
2019-08-02,1457.5,471109.0,1457.5,1461.9,1442.5,1432.4,1436.5,1396.9,1437.5,9.91900532642979,1.7523038257469814,1.0134488734835356,4,8,214
2019-08-05,1464.6,1008.0,1440.4,1469.7,1440.4,1457.5,1427.5,1400.1,1442.8,13.090072574247076,0.48713550600343325,1.020341571785615,0,8,217
2019-08-06,1484.2,375937.0,1481.1,1486.8,1468.2,1464.6,1432.2,1418.2,1450.2285714285715,19.33655556068379,1.3382493513587335,1.0126685737637924,1,8,218
2019-08-07,1507.3,824.0,1473.5,1509.9,1473.2,1484.2,1433.3,1418.7,1460.8,27.17750295125839,1.556394016978846,1.0249117567200652,2,8,219
2019-08-08,1509.5,385340.0,1512.1,1521.3,1501.6,1507.3,1441.8,1411.6,1470.4714285714285,31.05810223250401,0.14595634578384864,1.0131193393713374,3,8,220
2019-08-09,1508.5,325590.0,1515.9,1521.1,1506.2,1509.5,1437.8,1412.0,1480.5714285714287,30.14496720213782,-0.06624710168929848,1.009892444562475,4,8,221
2019-08-12,1517.2,338340.0,1509.2,1531.5,1498.6,1508.5,1432.4,1409.7,1492.6857142857145,23.96590832627952,0.5767318528339338,1.021953823568664,0,8,224
2019-08-13,1514.1,598082.0,1522.3,1546.1,1488.9,1517.2,1457.5,1385.6,1500.7714285714285,19.187992276887325,-0.20432375428421912,1.0384176237490763,1,8,225
2019-08-14,1527.8,474508.0,1513.0,1534.9,1504.5,1514.1,1464.6,1408.0,1509.8,13.295613311620317,0.9048279505977197,1.0202060485211035,2,8,226
2019-08-15,1531.2,428618.0,1526.6,1537.7,1518.3,1527.8,1484.2,1420.9,1516.5142857142855,9.55395704600304,0.22254221756774495,1.0127774484620957,3,8,227
2019-08-16,1523.6,314597.0,1533.9,1538.6,1513.9,1531.2,1507.3,1400.1,1518.8428571428572,8.897725766075869,-0.4963427377220553,1.016315476583658,4,8,228
2019-08-19,1511.6,289329.0,1523.0,1523.6,1503.3,1523.6,1509.5,1400.0,1519.142857142857,8.55917775304903,-0.7876082961407183,1.0135036253575467,0,8,231
2019-08-20,1515.7,240391.0,1506.3,1518.8,1503.0,1511.6,1508.5,1400.5,1520.1714285714286,7.424444824439248,0.2712357766605056,1.0105123087159016,1,8,232
2019-08-21,1515.7,238972.0,1518.4,1518.4,1506.5,1515.7,1517.2,1412.5,1519.9571428571428,7.5451655918400045,0.0,1.007899103883173,2,8,233
2019-08-22,1497.3,686.0,1495.1,1495.1,1493.8,1515.7,1514.1,1406.7,1517.5571428571432,11.403925806856858,-1.2139605462822556,1.0008702637568616,3,8,234
2019-08-23,1537.6,459203.0,1508.8,1540.3,1503.0,1497.3,1527.8,1412.2,1518.9571428571428,13.312757933962805,2.6915113871635477,1.0248170326014636,4,8,235
2019-08-26,1537.2,407500.0,1545.4,1565.0,1534.8,1537.6,1531.2,1413.5,1519.814285714286,14.382562193046738,-0.02601456815816139,1.0196768308574407,0,8,238
2019-08-27,1551.8,334873.0,1537.3,1554.5,1535.3,1537.2,1523.6,1411.2,1523.8428571428572,18.86927459676891,0.949778818631275,1.0125056992118804,1,8,239
2019-08-28,1549.1,342556.0,1551.8,1556.6,1541.4,1551.8,1511.6,1421.3,1529.2,20.097429354655965,-0.17399149374919265,1.0098611651745166,2,8,240
2019-08-29,1536.9,439428.0,1549.4,1559.8,1528.6,1549.1,1515.7,1428.1,1532.2285714285715,19.305760304921662,-0.7875540636498535,1.0204108334423656,3,8,241
2019-08-30,1529.2,320657.0,1536.9,1541.9,1525.6,1536.9,1515.7,1426.7,1534.1571428571428,18.010261625201988,-0.5010085236515138,1.0106843209229157,4,8,242
2019-09-03,1555.9,541575.0,1539.2,1558.9,1529.6,1529.2,1497.3,1426.9,1542.5285714285712,9.746403488007248,1.746010986136537,1.0191553347280335,1,9,246
2019-09-04,1560.4,404779.0,1556.0,1566.2,1542.6,1555.9,1537.6,1421.7,1545.7857142857142,11.480335153502226,0.28922167234397556,1.0152988461039805,2,9,247
2019-09-05,1525.5,586738.0,1561.4,1561.9,1514.3,1560.4,1537.2,1436.5,1544.1142857142856,13.59551746851685,-2.236605998461938,1.0314336657201348,3,9,248
2019-09-06,1506.2,54.0,1517.3,1526.0,1504.5,1525.5,1551.8,1427.5,1537.6000000000001,19.106717841255467,-1.2651589642740046,1.0142904619474908,4,9,249
2019-09-09,1511.1,312350.0,1516.4,1523.8,1505.5,1506.2,1549.1,1432.2,1532.1714285714286,20.632152439443317,0.3253220023901049,1.0121554300896711,0,9,252
2019-09-10,1499.2,390357.0,1507.0,1509.1,1492.1,1511.1,1536.9,1433.3,1526.7857142857142,23.86010817040656,-0.7875057904837446,1.0113933382481066,1,9,253
2019-09-11,1503.2,296849.0,1493.9,1506.2,1492.9,1499.2,1529.2,1441.8,1523.0714285714287,25.395912681987614,0.26680896478121774,1.0089088351530577,2,9,254
2019-09-12,1507.4,480662.0,1504.9,1532.2,1496.8,1503.2,1555.9,1437.8,1516.142857142857,21.21931958872185,0.2794039382650437,1.023650454302512,3,9,255
2019-09-13,1490.9,1.0,1486.9,1486.9,1486.9,1507.4,1560.4,1432.4,1506.2142857142858,10.724027317365254,-1.0945999734642387,1.0,4,9,256
2019-09-16,1503.1,21.0,1500.0,1500.6,1498.5,1490.9,1525.5,1457.5,1503.0142857142857,6.533357628632502,0.818297672546775,1.0014014014014014,0,9,259
2019-09-17,1513.4,329751.0,1506.5,1515.0,1500.9,1503.1,1506.2,1464.6,1504.042857142857,7.598433422425634,0.6852504823365191,1.0093943633819709,1,9,260
2019-09-18,1515.8,352179.0,1509.7,1519.5,1490.7,1513.4,1511.1,1484.2,1504.7142857142858,8.482222305324049,0.15858332232059347,1.0193197826524452,2,9,261
2019-09-19,1506.2,281865.0,1502.0,1512.1,1496.3,1515.8,1499.2,1507.3,1505.7142857142858,8.129048441869804,-0.6333289352157268,1.0105593798035153,3,9,262
2019-09-20,1507.3,2.0,1503.0,1503.0,1503.0,1506.2,1503.2,1509.5,1506.3,8.065151372758077,0.07303146992430065,1.0,4,9,263
2019-09-23,1531.5,349589.0,1521.5,1534.4,1517.9,1507.3,1507.4,1508.5,1509.7428571428572,12.524224146629274,1.6055198036223794,1.0108702813097041,0,9,266
2019-09-24,1532.1,25.0,1515.1,1533.0,1515.1,1531.5,1490.9,1517.2,1515.6285714285714,11.85632240415129,0.03917727717923647,1.0118144016896575,1,9,267
2019-09-25,1512.3,462742.0,1539.8,1542.8,1507.4,1532.1,1503.1,1514.1,1516.9428571428573,10.688445029172902,-1.2923438417857813,1.0234841448852328,2,9,268
2019-09-26,1515.2,367934.0,1510.9,1519.5,1507.1,1512.3,1513.4,1527.8,1517.2000000000003,10.61037228370395,0.19176089400252394,1.0082277221153209,3,9,269
2019-09-27,1506.4,436289.0,1511.8,1514.4,1493.3,1515.2,1515.8,1531.2,1515.857142857143,11.38373944748919,-0.5807814149947133,1.0141297796825823,4,9,270
2019-09-30,1472.9,424759.0,1501.7,1507.2,1470.5,1506.4,1506.2,1523.6,1511.1,19.879553985577246,-2.223844928305896,1.024957497449847,0,9,273
2019-10-01,1489.0,440804.0,1478.0,1493.5,1465.0,1472.9,1507.3,1511.6,1508.4857142857143,21.592084087389953,1.0930816756059336,1.0194539249146757,1,10,274
2019-10-02,1501.0,205.0,1476.6,1503.7,1474.1,1489.0,1531.5,1515.7,1504.1285714285714,19.108437428299062,0.8059100067159264,1.0200800488433621,2,10,275
2019-10-03,1513.8,400130.0,1505.6,1525.8,1501.7,1501.0,1532.1,1515.7,1501.5142857142855,15.567533370349484,0.8527648234510243,1.0160484783911565,3,10,276
2019-10-04,1506.2,233.0,1505.6,1508.7,1497.1,1513.8,1512.3,1497.3,1500.642857142857,15.024408711883149,-0.5020478266613781,1.0077483134059182,4,10,277
2019-10-07,1504.4,252399.0,1497.2,1499.7,1493.3,1506.2,1515.2,1537.6,1499.1,13.783686009150772,-0.11950604169432832,1.004285809951115,0,10,280
2019-10-08,1497.2,46.0,1489.4,1506.3,1489.3,1504.4,1506.4,1537.2,1497.7857142857142,13.40502748611971,-0.47859611805370905,1.0114147586114282,1,10,281
2019-10-09,1512.8,277242.0,1515.4,1516.5,1510.1,1497.2,1472.9,1551.8,1503.4857142857143,8.726096601780469,1.0419449639326617,1.0042381299251706,2,10,282
2019-10-10,1500.9,401849.0,1510.8,1522.3,1495.7,1512.8,1489.0,1549.1,1505.1857142857145,6.2381697559138445,-0.7866208355367443,1.0177843150364376,3,10,283
2019-10-11,1488.7,462693.0,1498.3,1508.0,1478.0,1500.9,1501.0,1536.9,1503.4285714285713,8.814139074117827,-0.8128456259577588,1.020297699594046,4,10,284
2019-10-14,1497.6,221049.0,1492.0,1501.5,1487.1,1488.7,1513.8,1529.2,1501.1142857142859,7.692513367139165,0.597837039027338,1.009683276175106,0,10,287
2019-10-15,1483.5,307105.0,1497.7,1503.0,1480.8,1497.6,1506.2,1555.9,1497.8714285714286,9.711112927187077,-0.9415064102564097,1.0149918962722853,1,10,288
2019-10-16,1494.0,360083.0,1484.8,1495.5,1480.6,1483.5,1504.4,1560.4,1496.3857142857144,9.334064597142703,0.707785642062686,1.0100634877752264,2,10,289
2019-10-17,1498.3,296546.0,1494.2,1501.1,1487.0,1494.0,1497.2,1525.5,1496.542857142857,9.359283651811221,0.28781793842034276,1.0094821788836583,3,10,290
2019-10-18,1488.2,82.0,1487.3,1489.1,1486.6,1498.3,1512.8,1506.2,1493.0285714285715,6.382714752981685,-0.6740973102849823,1.0016816897618728,4,10,291
2019-10-21,1488.1,272195.0,1495.6,1498.7,1484.8,1488.2,1500.9,1511.1,1491.2,5.528109984333546,-0.0067195269453090845,1.009361530172414,0,10,294
2019-10-22,1487.5,200931.0,1487.5,1492.1,1484.0,1488.1,1488.7,1499.2,1491.0285714285715,5.63610807957079,-0.040319870976401884,1.0054582210242586,1,10,295
2019-10-23,1495.7,235483.0,1491.1,1499.4,1490.7,1487.5,1497.6,1503.2,1490.7571428571428,5.302784533470483,0.5512605042016894,1.0058361843429262,2,10,296
2019-10-24,1504.7,290074.0,1495.1,1506.9,1490.4,1495.7,1483.5,1507.4,1493.7857142857142,6.406358448471938,0.6017249448418749,1.0110708534621577,3,10,297
2019-10-25,1499.5,93.0,1501.4,1503.7,1499.0,1504.7,1494.0,1490.9,1494.5714285714287,6.76429702811687,-0.3455838373097708,1.003135423615744,4,10,298
2019-10-28,1495.8,310472.0,1507.4,1510.8,1492.3,1499.5,1498.3,1503.1,1494.2142857142858,6.598592923518335,-0.24674891630543927,1.0123969711184078,0,10,301
2019-10-29,1490.7,283038.0,1494.0,1494.0,1489.7,1495.8,1488.2,1513.4,1494.5714285714287,6.278724468493383,-0.3409546730846258,1.0028864872121903,1,10,302
2019-10-30,1493.2,320.0,1487.2,1495.4,1481.0,1490.7,1488.1,1515.8,1495.3,5.668921120066899,0.16770644663581802,1.009723160027009,2,10,303
2019-10-31,1514.8,375394.0,1498.8,1516.7,1496.0,1493.2,1487.5,1506.2,1499.2,8.223543437322316,1.4465577283685915,1.013836898395722,3,10,304
2019-11-01,1508.0,235.0,1511.0,1511.6,1503.0,1514.8,1495.7,1507.3,1500.957142857143,8.653873341364468,-0.44890414576181925,1.0057218895542248,4,11,305
2019-11-04,1511.1,250475.0,1516.4,1517.1,1506.5,1508.0,1504.7,1531.5,1501.8714285714286,9.419432800575954,0.20557029177719066,1.0070361765682043,0,11,308
2019-11-05,1483.7,573018.0,1511.6,1511.9,1480.7,1511.1,1499.5,1532.1,1499.6142857142856,11.69949123838095,-1.8132486268281345,1.0210711150131695,1,11,309
2019-11-06,1493.1,302400.0,1491.5,1495.9,1490.5,1483.7,1495.8,1512.3,1499.2285714285715,11.889170742791093,0.6335512569926482,1.0036229453203624,2,11,310
2019-11-07,1464.2,581.0,1466.8,1473.0,1466.5,1493.1,1490.7,1515.2,1495.4428571428573,17.8047612679416,-1.9355702900006655,1.0044323218547562,3,11,311
2019-11-08,1461.3,21.0,1469.1,1469.1,1461.7,1464.2,1493.2,1506.4,1490.8857142857141,22.050655966893867,-0.19806037426581824,1.0050625983443935,4,11,312
2019-11-11,1457.1,295394.0,1460.0,1467.4,1448.9,1461.3,1514.8,1472.9,1482.642857142857,22.40296536491913,-0.2874153151303682,1.0127683069915108,0,11,315
2019-11-12,1452.1,6.0,1454.9,1454.9,1447.1,1457.1,1508.0,1489.0,1474.6571428571428,21.812982154559382,-0.3431473474710067,1.0053900905258795,1,11,316
2019-11-13,1463.3,335980.0,1463.5,1467.9,1462.8,1452.1,1511.1,1501.0,1467.8285714285714,14.884747706450126,0.7712967426485751,1.0034864643150123,2,11,317
2019-11-14,1473.4,312108.0,1464.0,1475.5,1461.7,1463.3,1483.7,1513.8,1466.357142857143,13.49887120497438,0.6902207339575028,1.0094410617773826,3,11,318
2019-11-15,1467.3,13.0,1469.1,1469.1,1469.1,1473.4,1493.1,1506.2,1462.6714285714286,6.879126467172751,-0.41400841590879534,1.0,4,11,319
2019-11-18,1471.9,325033.0,1467.8,1474.4,1456.6,1467.3,1464.2,1504.4,1463.7714285714285,7.727594340070292,0.31350098820963623,1.012220238912536,0,11,322
2019-11-19,1473.3,18.0,1467.7,1474.3,1467.7,1471.9,1461.3,1497.2,1465.4857142857143,8.390555915456032,0.09511515727969044,1.004496831777611,1,11,323
2019-11-20,1470.0,31.0,1472.6,1474.5,1467.3,1473.3,1457.1,1512.8,1467.3285714285714,7.62336633546314,-0.22398696803094253,1.0049069719893682,2,11,324
2019-11-21,1470.5,73979.0,1481.3,1482.7,1469.4,1470.0,1452.1,1500.9,1469.9571428571428,3.616562429776617,0.03401360544217358,1.0090513134612766,3,11,325
2019-11-22,1468.8,77902.0,1470.9,1480.3,1468.1,1470.5,1463.3,1488.7,1470.7428571428572,2.279515403574878,-0.11560693641619046,1.0083100606225734,4,11,326
2019-11-25,1463.8,121238.0,1467.5,1468.9,1460.7,1468.8,1473.4,1497.6,1469.3714285714286,3.13991203985043,-0.3404139433551223,1.0056137468337099,0,11,329
2019-11-26,1467.4,271754.0,1461.3,1470.0,1456.6,1463.8,1467.3,1483.5,1469.3857142857141,3.129125847641557,0.24593523705425113,1.0091995056982013,1,11,330
2019-11-27,1453.4,88164.0,1461.1,1461.9,1452.0,1467.4,1471.9,1494.0,1466.7428571428572,6.571112828774385,-0.9540684203352856,1.0068181818181818,2,11,331
2019-11-29,1472.7,259290.0,1461.7,1472.9,1459.1,1453.4,1473.3,1498.3,1466.6571428571428,6.474528848378389,1.3279207375808344,1.0094578849976015,4,11,333
2019-12-02,1469.2,304242.0,1470.3,1471.7,1459.8,1472.7,1470.0,1488.2,1466.5428571428572,6.41245068663179,-0.23765872207509586,1.00815180161666,0,12,336
2019-12-03,1478.2,1460.0,1461.6,1480.4,1459.5,1469.2,1470.5,1488.1,1467.642857142857,7.729565995264378,0.6125782738905627,1.014319972593354,1,12,337
2019-12-04,1480.2,311909.0,1483.2,1489.9,1476.7,1478.2,1468.8,1487.5,1469.2714285714285,9.094451474278086,0.1352996888107194,1.008938850138823,2,12,338
2019-12-05,1483.1,231844.0,1480.0,1485.7,1478.0,1480.2,1463.8,1495.7,1472.0285714285715,10.0360540528298,0.1959194703418321,1.0052097428958051,3,12,339
2019-12-06,1459.1,899.0,1475.0,1476.0,1458.2,1483.1,1467.4,1504.7,1470.8428571428574,11.107183432737093,-1.6182320814510098,1.012206830338774,4,12,340
2019-12-09,1464.9,163682.0,1464.1,1469.8,1463.0,1459.1,1453.4,1499.5,1472.4857142857143,8.683207658292815,0.39750531149340684,1.004647983595352,0,12,343
2019-12-10,1462.6,367.0,1460.7,1467.2,1460.7,1464.9,1472.7,1495.8,1471.042857142857,9.447196611083594,-0.15700730425286524,1.0044499212706237,1,12,344
2019-12-11,1475.0,247053.0,1479.1,1479.9,1478.7,1462.6,1469.2,1490.7,1471.8714285714284,9.512748338483641,0.8478052782715739,1.0008115236356259,2,12,345
2019-12-12,1472.3,396657.0,1469.5,1474.9,1468.2,1475.0,1478.2,1493.2,1471.0285714285715,9.111478893022422,-0.18305084745763311,1.0045634109794306,3,12,346
2019-12-13,1475.6,468.0,1463.1,1475.9,1463.1,1472.3,1480.2,1514.8,1470.3714285714286,8.48404665345466,0.22413910208516352,1.0087485476044018,4,12,347
2019-12-16,1480.5,160416.0,1480.0,1484.5,1477.4,1475.6,1483.1,1508.0,1470.0,7.86850261055322,0.33206831119545477,1.0048057398131853,0,12,350
2019-12-17,1480.6,167359.0,1480.6,1484.9,1478.4,1480.5,1459.1,1511.1,1473.0714285714287,7.05920540509475,0.006754474839576474,1.004396645021645,1,12,351
2019-12-18,1478.7,190975.0,1480.4,1483.6,1474.3,1480.6,1464.9,1483.7,1475.042857142857,6.280885591097447,-0.12832635418073002,1.0063080784100928,2,12,352
2019-12-19,1478.2,319.0,1475.9,1478.9,1473.3,1478.7,1462.6,1493.1,1477.2714285714287,3.084214803042218,-0.033813484817746264,1.0038009909726466,3,12,353
2019-12-20,1474.7,118.0,1476.7,1478.1,1475.3,1478.2,1475.0,1464.2,1477.2285714285715,3.122880233263009,-0.23677445541875342,1.0018979190673083,4,12,354
2019-12-23,1488.7,155802.0,1482.4,1490.1,1481.2,1474.7,1472.3,1461.3,1479.5714285714287,4.607860778202479,0.9493456296195912,1.0060086416419118,0,12,357
2019-12-24,1499.1,52.0,1488.7,1498.6,1488.7,1488.7,1475.6,1457.1,1482.9285714285713,8.307569697848999,0.6985960905487865,1.0066500974004164,1,12,358
2019-12-26,1514.4,213592.0,1503.9,1517.4,1502.1,1499.1,1480.5,1452.1,1487.7714285714285,14.343838896355647,1.0206123674204592,1.0101857399640504,3,12,360
2019-12-27,1518.1,194736.0,1516.5,1519.9,1512.1,1514.4,1480.6,1463.3,1493.1285714285716,17.8043734594787,0.2443211833069059,1.005158388995437,4,12,361
2019-12-30,1518.6,169813.0,1515.9,1519.1,1513.5,1518.1,1478.7,1473.4,1498.8285714285714,18.775668144824415,0.03293590672550639,1.0037000330360093,0,12,364
2019-12-31,1519.5,301.0,1513.8,1523.4,1513.8,1518.6,1478.2,1467.3,1504.7285714285713,17.669438237190562,0.05926511260372358,1.006341656757828,1,12,365
2020-01-02,1528.1,257867.0,1521.0,1534.0,1519.7,1519.5,1474.7,1471.9,1512.357142857143,13.603903501385679,0.5659756498848312,1.009409751924722,3,1,2
2020-01-03,1549.2,107.0,1530.1,1552.7,1530.1,1528.1,1488.7,1473.3,1521.0,15.194516554735602,1.3807996858844485,1.0147702764525195,4,1,3
2020-01-06,1568.8,539023.0,1562.7,1590.9,1562.3,1549.2,1499.1,1470.0,1530.9571428571428,20.397945741543708,1.2651691195455728,1.0183063432119313,0,1,6
2020-01-07,1574.3,418145.0,1567.4,1579.2,1557.0,1568.8,1514.4,1470.5,1539.5142857142855,24.455226337878003,0.3505864354921062,1.014258188824663,1,1,7
2020-01-08,1560.2,787217.0,1556.7,1563.8,1556.5,1574.3,1518.1,1468.8,1545.5285714285712,23.467972095697675,-0.8956361557517556,1.0046900096370062,2,1,8
2020-01-09,1554.3,354523.0,1557.7,1562.4,1541.0,1560.2,1518.6,1463.8,1550.6285714285716,20.306789856706303,-0.3781566465837827,1.0138870863075926,3,1,9
2020-01-10,1557.5,16.0,1551.2,1558.8,1545.4,1554.3,1519.5,1467.4,1556.0571428571432,14.978524308986254,0.20588046065752597,1.0086708942668563,4,1,10
2020-01-13,1550.6,296619.0,1563.0,1563.1,1547.0,1557.5,1528.1,1453.4,1559.2714285714285,9.327327999901136,-0.4430176565008104,1.0104072398190045,0,1,13
2020-01-14,1544.6,323782.0,1548.6,1549.5,1536.4,1550.6,1549.2,1472.7,1558.6142857142856,10.269603785125138,-0.3869469882626042,1.0085264254100494,1,1,14
2020-01-15,1554.0,297777.0,1546.8,1558.8,1546.5,1544.6,1568.8,1469.2,1556.5,9.300896014114318,0.6085717985238936,1.0079534432589718,2,1,15
2020-01-16,1550.5,253076.0,1556.6,1558.2,1548.0,1554.0,1574.3,1478.2,1553.1000000000001,5.11989583214772,-0.22522522522522292,1.0065891472868218,3,1,16
2020-01-17,1558.8,108.0,1554.1,1558.0,1553.6,1550.5,1560.2,1480.2,1552.8999999999999,4.814561246750381,0.5353111899387253,1.002832131822863,4,1,17
2020-01-21,1556.4,45.0,1564.2,1566.2,1551.0,1558.8,1554.3,1483.1,1553.2000000000003,4.978955713672299,-0.15396458814471714,1.0098001289490652,1,1,21
2020-01-22,1556.7,276521.0,1557.0,1558.9,1555.2,1556.4,1557.5,1459.1,1553.0857142857144,4.871833525837291,0.01927525057825452,1.0023791152263375,2,1,22
2020-01-23,1571.6,65319.0,1564.7,1573.7,1557.5,1556.7,1550.6,1464.9,1556.0857142857144,8.326749780284299,0.9571529517569122,1.0104012841091492,3,1,23
2020-01-24,1571.1,38.0,1556.3,1570.3,1556.3,1571.6,1544.6,1462.6,1559.8714285714286,8.258271466701787,-0.03181471112242429,1.0089956949174324,4,1,24
2020-01-27,1583.7,134423.0,1586.1,1594.7,1581.6,1571.1,1554.0,1475.0,1564.1142857142856,11.665537360252497,0.8019858697727811,1.008282751643905,0,1,27
2020-01-28,1575.8,191039.0,1587.1,1588.5,1570.4,1583.7,1550.5,1472.3,1567.7285714285715,10.616608731184295,-0.4988318494664412,1.0115257259296995,1,1,28
2020-01-29,1576.0,225389.0,1572.0,1583.0,1567.9,1575.8,1558.8,1475.6,1570.1857142857145,10.187480645548975,0.012691965985545117,1.0096307162446585,2,1,29
2020-01-30,1589.2,371286.0,1582.4,1590.7,1576.8,1576.0,1556.4,1480.5,1574.8714285714284,10.332104381540487,0.8375634517766573,1.0088153221714866,3,1,30
2020-01-31,1582.9,1095.0,1573.4,1589.0,1570.0,1589.2,1556.7,1480.6,1578.6142857142859,6.7910304988829715,-0.3964258746539162,1.0121019108280256,4,1,31
2020-02-03,1582.4,303458.0,1597.8,1598.5,1573.2,1582.9,1571.6,1478.7,1580.1571428571428,6.126134491519571,-0.03158759239371145,1.0160818713450293,0,2,34
2020-02-04,1555.5,328192.0,1581.5,1584.5,1552.8,1582.4,1571.1,1478.2,1577.9285714285713,10.926682065066439,-1.69994944388272,1.0204147346728492,1,2,35
2020-02-05,1562.8,297418.0,1556.1,1566.2,1551.1,1555.5,1583.7,1474.7,1574.9428571428573,11.898999557729924,0.4693024750883845,1.009735026755206,2,2,36
2020-02-06,1570.0,221612.0,1560.0,1571.9,1556.0,1562.8,1575.8,1488.7,1574.1142857142856,12.03057612516662,0.4607115433836739,1.0102185089974294,3,2,37
2020-02-07,1568.6,431.0,1564.9,1571.9,1560.5,1570.0,1576.0,1499.1,1573.0571428571427,12.161668901711582,-0.0891719745222952,1.0073053508490868,4,2,38
2020-02-10,1579.5,186247.0,1575.8,1580.5,1571.5,1568.6,1589.2,1514.4,1571.6714285714286,10.447601684168951,0.694887160525326,1.005727012408527,0,2,41
2020-02-11,1565.6,440.0,1570.9,1571.1,1561.9,1579.5,1582.9,1518.1,1569.2,9.335773490468606,-0.8800253244697798,1.0058902618605543,1,2,42
2020-02-12,1571.6,183410.0,1571.2,1573.6,1564.4,1565.6,1582.4,1518.6,1567.6571428571426,7.503300860834057,0.38323965252937686,1.0058808488877524,2,2,43
2020-02-13,1578.8,264293.0,1569.8,1581.7,1568.5,1571.6,1555.5,1519.5,1570.9857142857143,6.279710335949495,0.45813184016290087,1.0084156837743068,3,2,44
2020-02-14,1582.7,68.0,1575.8,1582.4,1574.8,1578.8,1562.8,1528.1,1573.8285714285714,6.458254223682816,0.24702305548518488,1.0048260096520194,4,2,45
2020-02-18,1600.0,310.0,1587.0,1604.3,1579.8,1582.7,1570.0,1549.2,1578.1142857142856,11.488897331921432,1.0930688064699545,1.0155082921888847,1,2,49
2020-02-19,1611.8,298536.0,1604.8,1615.9,1602.4,1600.0,1568.6,1568.8,1584.2857142857142,16.1738913655135,0.7374999999999909,1.0084248627059411,2,2,50
2020-02-20,1620.5,389144.0,1615.0,1626.5,1606.6,1611.8,1579.5,1574.3,1590.142857142857,20.888581980151937,0.5397692021342548,1.012386406074941,3,2,51
2020-02-21,1644.6,186.0,1619.3,1645.0,1619.3,1620.5,1565.6,1560.2,1601.4285714285713,26.10764347116984,1.487195310089473,1.0158710553943062,4,2,52
2020-02-24,1676.6,655245.0,1674.2,1674.4,1652.8,1644.6,1571.6,1554.3,1616.4285714285713,34.822536490292,1.9457618873890414,1.0130687318489837,0,2,55
2020-02-25,1650.0,654660.0,1647.0,1655.8,1627.0,1676.6,1578.8,1557.5,1626.6,32.30732631048267,-1.5865441965883242,1.017701290719115,1,2,56
2020-02-26,1643.1,515771.0,1640.8,1643.8,1640.3,1650.0,1582.7,1550.6,1635.2285714285715,26.097427349920718,-0.41818181818182865,1.0021337560202401,2,2,57
2020-02-27,1642.5,560547.0,1658.0,1662.5,1636.7,1643.1,1600.0,1544.6,1641.2999999999997,20.977130404292126,-0.03651634106262014,1.015763426406794,3,2,58
2020-02-28,1564.1,289.0,1640.3,1642.5,1564.8,1642.5,1611.8,1554.0,1634.4857142857143,35.13020678234199,-4.773211567732116,1.0496549079754602,4,2,59
2020-03-02,1592.3,537.0,1583.9,1608.3,1574.3,1564.1,1620.5,1550.5,1630.4571428571428,38.46040635694761,1.8029537753340596,1.021596900209617,0,3,62
2020-03-03,1642.1,610.0,1594.5,1645.3,1594.0,1592.3,1644.6,1558.8,1630.1,38.318533374839376,3.127551340827739,1.0321831869510665,1,3,63
2020-03-04,1643.0,297251.0,1640.1,1654.3,1632.6,1642.1,1676.6,1556.4,1625.3,33.29849846462569,0.05480786797393833,1.0132916819796645,2,3,64
2020-03-05,1666.4,154.0,1637.2,1672.9,1637.2,1643.0,1650.0,1556.7,1627.642857142857,35.808372258568305,1.4242239805234425,1.0218055216222819,3,3,65
2020-03-06,1672.4,619051.0,1673.1,1692.8,1642.4,1666.4,1643.1,1571.6,1631.8285714285714,39.444210149075076,0.3600576092174679,1.0306867998051632,4,3,66
2020-03-09,1675.7,467110.0,1692.6,1704.3,1658.0,1672.4,1642.5,1571.1,1636.5714285714287,42.79492626800984,0.19732121502031852,1.027925211097708,0,3,69
2020-03-10,1659.1,48.0,1671.6,1674.6,1643.0,1675.7,1564.1,1583.7,1650.142857142857,28.73608980257305,-0.9906307811660908,1.0192331101643335,1,3,70
2020-03-11,1642.3,373462.0,1649.3,1671.8,1632.4,1659.1,1592.3,1575.8,1657.2857142857142,14.79385329239075,-1.0125971912482656,1.0241362411173731,2,3,71
2020-03-12,1590.3,553457.0,1633.1,1651.0,1560.4,1642.3,1642.1,1576.0,1649.8857142857144,29.400421117790913,-3.1662911770078517,1.0580620353755448,3,3,72
2020-03-13,1516.7,524471.0,1582.7,1597.9,1504.0,1590.3,1643.0,1589.2,1631.8428571428572,58.59254381297047,-4.628057599195112,1.0624335106382978,4,3,73
2020-03-16,1486.5,535860.0,1563.8,1574.8,1450.9,1516.7,1666.4,1582.9,1606.142857142857,77.35786659292111,-1.991165029340014,1.0853952719001998,0,3,76
2020-03-17,1524.9,122.0,1469.3,1537.7,1469.3,1486.5,1672.4,1582.4,1585.0714285714287,76.38476537210165,2.583249243188712,1.0465527802354864,1,3,77
2020-03-18,1477.9,412332.0,1527.6,1547.0,1473.3,1524.9,1675.7,1555.5,1556.814285714286,73.81362630686858,-3.082169322578532,1.050023756193579,2,3,78
2020-03-19,1479.3,306016.0,1487.2,1502.8,1460.1,1477.9,1659.1,1562.8,1531.1285714285714,62.74088816408046,0.09472900737532708,1.0292445722895693,3,3,79
2020-03-20,1484.0,14.0,1483.5,1483.5,1483.5,1479.3,1642.3,1570.0,1508.5142857142857,40.6216046199969,0.31771783951870525,1.0,4,3,80
2020-03-23,1572.7,95848.0,1508.4,1574.8,1489.4,1484.0,1590.3,1568.6,1506.0,34.850490192610735,5.977088948787057,1.0573385255807708,0,3,83
2020-03-24,1660.2,442.0,1622.8,1685.5,1622.8,1572.7,1516.7,1579.5,1526.5,68.32366598281978,5.563680295034024,1.0386369238353463,1,3,84
2020-03-25,1634.3,104547.0,1665.5,1698.0,1609.0,1660.2,1486.5,1565.6,1547.6142857142859,76.27678608355677,-1.5600530056619766,1.055313859540087,2,3,85
2020-03-26,1660.3,134861.0,1642.2,1677.2,1612.0,1634.3,1524.9,1571.6,1566.957142857143,86.09297023455576,1.5908951844826547,1.0404466501240694,3,3,86
2020-03-27,1623.9,134861.0,1623.9,1623.9,1623.9,1660.3,1477.9,1578.8,1587.8142857142855,78.24978016094788,-2.1923748720110714,1.0,4,3,87
2020-03-30,1643.2,144290.0,1663.4,1673.6,1632.0,1623.9,1479.3,1582.7,1611.2285714285715,63.49907385900162,1.188496828622454,1.0254901960784313,0,3,90
2020-03-31,1583.4,2694.0,1618.7,1621.0,1576.0,1643.2,1484.0,1600.0,1625.4285714285713,35.044339261630626,-3.639240506329111,1.0285532994923858,1,3,91
2020-04-01,1591.4,159377.0,1589.4,1612.4,1576.0,1583.4,1572.7,1611.8,1628.1000000000001,30.812118827909504,0.5052418845522322,1.0230964467005077,2,4,92
2020-04-02,1637.7,162151.0,1602.4,1645.6,1595.2,1591.4,1660.2,1620.5,1624.8857142857144,27.94562747974442,2.909387960286547,1.031594784353059,3,4,93
2020-04-03,1633.7,643.0,1624.5,1636.0,1619.8,1637.7,1634.3,1644.6,1624.8,27.91284053379767,-0.24424497771264875,1.010001234720336,4,4,94
2020-04-06,1677.0,1063.0,1629.1,1696.7,1625.9,1633.7,1660.3,1676.6,1627.1857142857145,31.883926387810376,2.6504254147028172,1.0435451134756135,0,4,97
2020-04-07,1683.7,194263.0,1707.1,1742.6,1672.0,1677.0,1623.9,1650.0,1635.7285714285715,38.235485886162394,0.39952295766250145,1.0422248803827752,1,4,98
2020-04-08,1684.3,121346.0,1678.7,1695.8,1670.7,1683.7,1643.2,1643.1,1641.6000000000001,42.49266603386055,0.035635802102507164,1.0150236427844614,2,4,99
2020-04-09,1736.2,825.0,1662.7,1732.5,1662.7,1684.3,1583.4,1642.5,1663.4285714285713,46.65525030423603,3.081398800688717,1.0419799121910145,3,4,100
2020-04-13,1744.8,696.0,1722.0,1756.8,1710.7,1736.2,1591.4,1564.1,1685.3428571428572,43.07322668597502,0.49533463886648477,1.02694803296896,0,4,104
2020-04-14,1768.9,234439.0,1761.5,1788.8,1747.1,1744.8,1637.7,1592.3,1704.0857142857144,47.23118421025774,1.3812471343420452,1.0238681243203023,1,4,105
2020-04-15,1740.2,181342.0,1758.1,1759.8,1731.6,1768.9,1633.7,1642.1,1719.3,36.77517278452782,-1.6224772457459458,1.0162855162855162,2,4,106
2020-04-16,1731.7,199823.0,1743.5,1768.0,1722.6,1740.2,1677.0,1643.0,1727.1142857142856,31.758223531918556,-0.4884496034938568,1.0263555091141299,3,4,107
2020-04-17,1689.2,223.0,1715.7,1725.0,1684.9,1731.7,1683.7,1666.4,1727.9,30.55017730442618,-2.454235722122766,1.0237996320256395,4,4,108
2020-04-20,1711.2,183636.0,1693.0,1718.4,1685.0,1689.2,1684.3,1672.4,1731.7428571428572,25.411405388291048,1.3023916646933476,1.0198219584569734,0,4,111
2020-04-21,1687.8,240743.0,1713.3,1718.0,1666.2,1711.2,1736.2,1675.7,1724.8285714285716,30.141041470906767,-1.3674614305750454,1.0310887048373545,1,4,112
2020-04-22,1738.3,187864.0,1703.1,1742.4,1695.4,1687.8,1744.8,1659.1,1723.8999999999999,29.516887821469368,2.9920606706955732,1.0277220714875546,2,4,113
2020-04-23,1745.4,194495.0,1736.5,1764.2,1730.6,1738.3,1768.9,1642.3,1720.542857142857,24.446666926353423,0.4084450325030353,1.0194152317115452,3,4,114
2020-04-24,1723.5,221.0,1744.0,1744.0,1714.5,1745.4,1740.2,1590.3,1718.1571428571426,22.979473241889764,-1.254726710209697,1.0172061825605132,4,4,115
2020-04-27,1723.8,142721.0,1745.0,1745.8,1720.0,1723.5,1731.7,1516.7,1717.0285714285715,22.389931835929826,0.017406440382949917,1.015,0,4,118
2020-04-28,1722.2,166606.0,1724.4,1731.9,1704.1,1723.8,1689.2,1486.5,1721.7428571428572,18.728753041105875,-0.09281819236569566,1.0163135966199168,1,4,119
2020-04-29,1703.4,373.0,1710.0,1713.5,1702.0,1722.2,1711.2,1524.9,1720.6285714285714,19.668986949448822,-1.0916269887353391,1.0067567567567568,2,4,120
2020-04-30,1694.2,228730.0,1729.6,1737.0,1687.5,1703.4,1687.8,1477.9,1721.542857142857,17.963468219548574,-0.5400962780321761,1.0293333333333334,3,4,121
2020-05-01,1694.5,337.0,1686.6,1701.5,1670.5,1694.2,1738.3,1479.3,1715.2857142857142,18.764188282558294,0.017707472553407655,1.018557318168213,4,5,122
2020-05-04,1713.3,146307.0,1711.2,1726.0,1700.3,1694.5,1745.4,1484.0,1710.7,13.306890445624989,1.1094718205960419,1.015114979709463,0,5,125
2020-05-05,1710.6,179577.0,1711.0,1717.8,1695.4,1713.3,1723.5,1572.7,1708.857142857143,12.075023415079649,-0.15759061460339785,1.0132122213047068,1,5,126
2020-05-06,1688.5,196313.0,1714.1,1716.6,1683.0,1710.6,1723.8,1660.2,1703.814285714286,12.165172771890957,-1.2919443470127412,1.0199643493761141,2,5,127
2020-05-07,1725.8,233381.0,1686.0,1733.2,1683.9,1688.5,1722.2,1634.3,1704.3285714285714,13.11128194663826,2.209061297009174,1.0292772729972088,3,5,128
2020-05-08,1709.9,330.0,1726.2,1728.9,1703.8,1725.8,1703.4,1660.3,1705.2571428571428,13.263842724039376,-0.9213118553714095,1.0147317760300505,4,5,129
2020-05-11,1698.0,184455.0,1706.0,1713.8,1692.1,1709.9,1694.2,1623.9,1705.8,12.805727885020655,-0.6959471314112009,1.0128243011642337,0,5,132
2020-05-12,1706.8,182675.0,1700.0,1716.7,1693.5,1698.0,1694.5,1643.2,1707.5571428571432,11.801250942508286,0.5182567726737419,1.0136994390315914,1,5,133
2020-05-13,1716.4,204533.0,1705.0,1726.5,1701.6,1706.8,1713.3,1583.4,1708.0,12.106885093416704,0.5624560581204641,1.0146332863187588,2,5,134
2020-05-14,1740.9,208601.0,1723.1,1746.5,1716.0,1716.4,1710.6,1591.4,1712.3285714285716,17.435377281576294,1.4274061990211973,1.0177738927738929,3,5,135
2020-05-15,1753.4,719.0,1739.7,1751.4,1739.7,1740.9,1688.5,1637.7,1721.6,19.753902567978358,0.7180194152449859,1.0067252974650802,4,5,136
2020-05-18,1734.4,264848.0,1757.5,1775.8,1729.3,1753.4,1725.8,1633.7,1722.8285714285714,20.31803093193075,-1.0836089882513944,1.026889492858382,0,5,139
2020-05-19,1745.6,181673.0,1734.8,1751.6,1727.2,1734.4,1709.9,1677.0,1727.9285714285713,21.001009046016986,0.6457564575645725,1.0141269106067623,1,5,140
2020-05-20,1750.6,16.0,1751.6,1752.1,1745.6,1745.6,1698.0,1683.7,1735.4428571428573,17.65067110550433,0.2864344637946825,1.0037236480293308,2,5,141
2020-05-21,1721.9,225941.0,1751.7,1751.7,1715.3,1750.6,1706.8,1684.3,1737.6,14.140367746225373,-1.639437907003305,1.0212207777065236,3,5,142
2020-05-22,1734.6,6.0,1726.6,1726.7,1726.6,1721.9,1716.4,1736.2,1740.2,10.892964089959843,0.737557349439566,1.0000579172941042,4,5,143
2020-05-26,1728.2,146582.0,1746.3,1755.6,1721.2,1734.6,1740.9,1744.8,1738.3857142857144,11.778572150445605,-0.3689611437795337,1.0199860562398326,1,5,147
2020-05-27,1726.8,156746.0,1724.1,1729.1,1701.6,1728.2,1753.4,1768.9,1734.5857142857144,10.328992943970475,-0.08100914246036428,1.0161612599905971,2,5,148
2020-05-28,1728.3,159174.0,1725.0,1743.7,1720.0,1726.8,1734.4,1740.2,1733.7142857142858,10.601010733412465,0.08686587908268706,1.0137790697674418,3,5,149
2020-05-29,1736.9,1406.0,1718.8,1738.3,1715.1,1728.3,1745.6,1731.7,1732.4714285714288,9.419432800557265,0.49759879650523864,1.0135269080520086,4,5,150
2020-06-01,1750.3,142807.0,1749.8,1761.0,1737.6,1736.9,1750.6,1689.2,1732.4285714285713,9.323396070328378,0.7714894352006452,1.0134668508287292,0,6,153
2020-06-02,1734.0,172030.0,1750.3,1757.0,1728.0,1750.3,1721.9,1711.2,1734.1571428571428,8.085554432114641,-0.9312689253270889,1.0167824074074074,1,6,154
2020-06-03,1704.8,249036.0,1733.7,1738.9,1690.3,1734.0,1734.6,1687.8,1729.8999999999999,13.705473359154949,-1.6839677047289503,1.028752292492457,2,6,155
2020-06-04,1727.4,193873.0,1702.8,1729.0,1698.9,1704.8,1728.2,1738.3,1729.7857142857142,13.725332852184975,1.3256687001407919,1.0177173465183353,3,6,156
2020-06-05,1683.0,267086.0,1720.8,1723.2,1671.7,1727.4,1726.8,1745.4,1723.5285714285715,22.495311680827285,-2.57033692254256,1.030806962971825,4,6,157
2020-06-08,1705.1,151461.0,1686.7,1707.6,1680.7,1683.0,1728.3,1723.5,1720.2142857142858,23.36731539073224,1.3131313131313105,1.0160052359136074,0,6,160
2020-06-09,1721.9,178128.0,1703.9,1729.4,1697.6,1705.1,1736.9,1723.8,1718.0714285714287,22.24288008069641,0.9852794557503985,1.01873232799246,1,6,161
2020-06-10,1720.7,195593.0,1718.9,1749.4,1714.1,1721.9,1750.3,1722.2,1713.8428571428572,17.375927518880605,-0.06969045821476616,1.020593897672248,2,6,162
2020-06-11,1739.8,202214.0,1746.6,1754.9,1727.5,1720.7,1734.0,1703.4,1714.6714285714286,18.592983827712555,1.1100133666531065,1.0158610709117222,3,6,163
2020-06-12,1737.3,148176.0,1733.6,1753.0,1728.2,1739.8,1704.8,1694.2,1719.314285714286,19.73959038505995,-0.14369467754914433,1.0143501909501216,4,6,164
2020-06-15,1727.2,195205.0,1740.7,1743.8,1706.2,1737.3,1727.4,1694.5,1719.2857142857142,19.726076529219334,-0.5813618833822587,1.0220372758176064,0,6,167
2020-06-16,1736.5,177702.0,1732.3,1741.3,1721.8,1727.2,1683.0,1713.3,1726.9285714285713,12.284775711596096,0.5384437239462692,1.011325357184342,1,6,168
2020-06-17,1735.6,137879.0,1735.3,1739.3,1717.3,1736.5,1705.1,1710.6,1731.2857142857142,7.8666868441079085,-0.05182839044054477,1.0128108076631923,2,6,169
2020-06-18,1731.1,152628.0,1735.5,1749.2,1722.7,1735.6,1721.9,1688.5,1732.6,6.7225987037625705,-0.2592763309518298,1.0153828292796192,3,6,170
2020-06-19,1753.0,174981.0,1729.8,1760.9,1728.3,1731.1,1720.7,1725.8,1737.2142857142858,8.130893466890331,1.2650915602795854,1.018862466007059,4,6,171
2020-06-22,1766.4,219460.0,1765.8,1779.0,1753.5,1753.0,1739.8,1709.9,1741.0142857142855,13.788331851119006,0.764403879064468,1.0145423438836612,0,6,174
2020-06-23,1782.0,190018.0,1764.9,1786.8,1758.3,1766.4,1737.3,1698.0,1747.3999999999999,20.499186975710685,0.8831521739130377,1.0162088380822385,1,6,175
2020-06-24,1775.1,230610.0,1784.4,1796.1,1770.6,1782.0,1727.2,1706.8,1754.242857142857,20.62675100788604,-0.38720538720539155,1.0144018976618097,2,6,176
2020-06-25,1770.6,148788.0,1772.3,1779.6,1764.1,1775.1,1736.5,1716.4,1759.1142857142856,19.745921821224048,-0.2535068446848032,1.00878634998016,3,6,177
2020-06-26,1780.3,195963.0,1774.8,1786.2,1754.0,1770.6,1735.6,1740.9,1765.5,18.027201668546734,0.5478368914492382,1.0183580387685292,4,6,178
2020-06-29,1781.2,128441.0,1789.2,1790.4,1776.5,1780.3,1731.1,1753.4,1772.6571428571428,10.443795150293935,0.050553277537490615,1.0078243737686463,0,6,181
2020-06-30,1800.5,190351.0,1799.2,1801.4,1795.5,1781.2,1753.0,1734.4,1779.4428571428573,10.961577919014658,1.083539187064897,1.0032859927596771,1,6,182
2020-07-01,1779.9,258541.0,1798.9,1807.7,1767.9,1800.5,1766.4,1745.6,1781.3714285714286,9.35409255980962,-1.144126631491249,1.0225125855534816,2,7,183
2020-07-02,1790.0,181017.0,1779.0,1791.7,1766.3,1779.9,1782.0,1750.6,1782.5142857142857,9.915548156129985,0.5674476094162495,1.0143803430900753,3,7,184
2020-07-06,1793.5,140564.0,1787.0,1799.0,1779.2,1790.0,1775.1,1721.9,1785.142857142857,10.060294419546567,0.1955307262569761,1.011128597122302,0,7,188
2020-07-07,1809.9,217229.0,1793.9,1810.8,1781.2,1793.5,1770.6,1734.6,1790.7571428571428,11.460345710665015,0.914413158628391,1.0166180103301146,1,7,189
2020-07-08,1820.6,232708.0,1807.9,1829.8,1803.8,1809.9,1780.3,1728.2,1796.5142857142857,14.929102291716195,0.5911928835847124,1.014414014857523,2,7,190
2020-07-09,1803.8,265280.0,1818.8,1825.5,1799.6,1820.6,1781.2,1726.8,1799.7428571428572,13.434142714539657,-0.9227727122926521,1.0143920871304735,3,7,191
2020-07-10,1801.9,208264.0,1808.4,1817.0,1796.5,1803.8,1800.5,1728.3,1799.9428571428573,13.457693851769411,-0.10533318549728055,1.01141107709435,4,7,192
2020-07-13,1814.1,218006.0,1803.4,1818.8,1802.1,1801.9,1779.9,1736.9,1804.8285714285714,10.941315320874605,0.6770631000610372,1.0092669663170746,0,7,195
2020-07-14,1813.4,235992.0,1810.9,1813.6,1809.6,1814.1,1790.0,1750.3,1808.1714285714286,9.070412391440735,-0.03858662697755477,1.002210433244916,1,7,196
2020-07-15,1813.8,179267.0,1811.1,1819.5,1804.0,1813.4,1793.5,1734.0,1811.0714285714287,6.470372035990794,0.022058012573067387,1.0085920177383592,2,7,197
2020-07-16,1800.3,190841.0,1813.1,1816.2,1794.1,1813.8,1809.9,1704.8,1809.7000000000003,7.666811592730008,-0.7442937479325229,1.0123181539490553,3,7,198
2020-07-17,1810.0,162684.0,1796.9,1813.9,1795.2,1800.3,1820.6,1727.4,1808.185714285714,6.026449637764891,0.5387990890407091,1.0104166666666667,4,7,199
2020-07-20,1817.4,173983.0,1812.3,1823.4,1806.6,1810.0,1803.8,1683.0,1810.1285714285716,6.54668218393616,0.40883977900552093,1.0092992361341748,0,7,202
2020-07-21,1843.9,265677.0,1819.6,1844.9,1817.2,1817.4,1801.9,1705.1,1816.1285714285714,13.403695297098587,1.458126994607678,1.0152432313449262,1,7,203
2020-07-22,1865.1,376705.0,1842.8,1871.8,1842.1,1843.9,1814.1,1721.9,1823.4142857142856,22.73202062956941,1.1497369705515403,1.016122903208295,2,7,204
2020-07-23,1890.0,400358.0,1871.6,1897.7,1863.1,1865.1,1813.4,1720.7,1834.357142857143,33.15523373176434,1.335049059031701,1.0185711985400676,3,7,205
2020-07-24,1897.5,288088.0,1884.9,1904.6,1880.5,1890.0,1813.8,1739.8,1846.314285714286,39.07093670794808,0.3968253968253954,1.0128157404945493,4,7,206
2020-07-27,1955.4,127487.0,1929.0,1971.3,1926.8,1897.5,1800.3,1737.3,1868.4714285714288,50.83475563972695,3.051383399209495,1.0230952875233548,0,7,209
2020-07-28,1963.9,154485.0,1963.2,2000.0,1927.5,1955.4,1810.0,1727.2,1890.4571428571428,54.48109326920556,0.4346936688145675,1.0376134889753568,1,7,210
2020-07-29,1976.7,191033.0,1971.9,1998.4,1955.7,1963.9,1817.4,1736.5,1913.2142857142858,52.09671866093328,0.6517643464534872,1.0218336145625608,2,7,211
2020-07-30,1966.8,268606.0,1986.4,1987.3,1952.3,1976.7,1843.9,1735.6,1930.7714285714285,45.08065787323922,-0.5008347245409106,1.017927572606669,3,7,212
2020-07-31,1985.9,275460.0,1973.6,2005.4,1971.4,1966.8,1865.1,1731.1,1948.0285714285715,38.37393708778615,0.9711206019930918,1.0172466267627067,4,7,213
2020-08-03,1986.3,176729.0,1997.4,2009.5,1975.2,1985.9,1890.0,1753.0,1961.7857142857142,30.57212393509937,0.02014200110780351,1.017365330093155,0,8,216
2020-08-04,2021.0,269790.0,1993.5,2037.7,1982.6,1986.3,1897.5,1766.4,1979.4285714285713,21.61293704283049,1.7469667220460172,1.0277917885604761,1,8,217
2020-08-05,2049.3,361949.0,2037.0,2070.3,2027.5,2021.0,1955.4,1782.0,1992.8428571428574,31.219003675237623,1.4002968827313333,1.0211097410604193,2,8,218
2020-08-06,2069.4,307517.0,2055.0,2081.8,2049.0,2049.3,1963.9,1775.1,2007.9142857142858,39.32986263942966,0.980822719953145,1.0160078086871644,3,8,219
2020-08-07,2028.0,391017.0,2076.4,2082.1,2024.8,2069.4,1976.7,1770.6,2015.2428571428572,37.269686392668135,-2.0005798782255724,1.0282990912682735,4,8,220
2020-08-10,2039.7,248644.0,2044.8,2060.8,2027.8,2028.0,1966.8,1780.3,2025.6571428571428,31.1619884443825,0.5769230769230749,1.016273794259789,0,8,223
2020-08-11,1946.3,556617.0,2038.4,2040.5,1911.3,2039.7,1985.9,1781.2,2020.0000000000002,41.47151632946373,-4.579104770309361,1.0675979699680846,1,8,224
2020-08-12,1949.0,450394.0,1921.6,1961.0,1874.2,1946.3,1986.3,1800.5,2014.6714285714286,48.34920593230076,0.1387247598006569,1.046313093586597,2,8,225
2020-08-13,1970.4,346000.0,1927.3,1974.8,1923.0,1949.0,2021.0,1779.9,2007.4428571428573,50.957526664937745,1.0979989738327367,1.0269370774830993,3,8,226
2020-08-14,1949.8,237092.0,1963.8,1970.0,1939.1,1970.4,2049.3,1790.0,1993.2285714285713,51.21258680849246,-1.0454730004060164,1.0159352276829456,4,8,227
2020-08-17,1998.7,285580.0,1956.4,2000.8,1939.1,1949.8,2069.4,1793.5,1983.1285714285714,39.26439074977115,2.5079495332854806,1.0318188850497654,0,8,230
2020-08-18,2013.1,358272.0,1993.6,2024.6,1985.2,1998.7,2028.0,1809.9,1981.0,36.749784579844835,0.7204683043978477,1.0198468668144267,1,8,231
2020-08-19,1970.3,440405.0,2010.5,2015.6,1930.5,2013.1,2039.7,1820.6,1971.0857142857144,26.089680499572474,-2.126074213898954,1.044081844081844,2,8,232
2020-08-20,1946.5,378970.0,1934.4,1963.1,1928.9,1970.3,1946.3,1803.8,1971.1142857142856,26.05810357457168,-1.2079378774805805,1.0177303126134065,3,8,233
2020-08-21,1947.0,352773.0,1955.6,1963.1,1916.6,1946.5,1949.0,1801.9,1970.8285714285714,26.350313994664116,0.025687130747487075,1.0242617134509027,4,8,234
2020-08-24,1939.2,284540.0,1947.9,1970.3,1930.8,1947.0,1970.4,1814.1,1966.3714285714286,28.945794990246792,-0.4006163328197254,1.020457841309302,0,8,237
2020-08-25,1923.1,271641.0,1935.9,1944.1,1919.1,1939.2,1949.8,1813.4,1962.5571428571432,32.97250658464632,-0.8302392739274023,1.013026939711323,1,8,238
2020-08-26,1952.5,338049.0,1939.0,1963.4,1908.4,1923.1,1998.7,1813.8,1955.957142857143,28.9051239484378,1.5287816546201594,1.0288199538880738,2,8,239
2020-08-27,1932.6,461990.0,1963.0,1987.0,1914.7,1952.5,2013.1,1800.3,1944.4571428571428,15.09711419911893,-1.0192061459667112,1.0377604846712278,3,8,240
2020-08-28,1974.9,329609.0,1937.5,1983.0,1928.2,1932.6,1970.3,1810.0,1945.1142857142856,16.449055552517606,2.1887612542688784,1.0284202883518307,4,8,241
2020-08-31,1978.6,242577.0,1973.9,1985.8,1962.3,1974.9,1946.5,1817.4,1949.7,20.79903843927342,0.18735125829154597,1.0119757427508536,0,8,244
2020-09-01,1978.9,300227.0,1973.7,2001.2,1969.2,1978.6,1947.0,1843.9,1954.2571428571428,23.4363575911707,0.01516223592439303,1.0162502539102174,1,9,245
2020-09-02,1944.7,326130.0,1976.8,1980.4,1938.9,1978.9,1939.2,1865.1,1955.042857142857,22.934243475813414,-1.7282328566375238,1.0214038888029295,2,9,246
2020-09-03,1937.8,300282.0,1948.9,1956.6,1927.2,1944.7,1923.1,1890.0,1957.142857142857,20.008236399240353,-0.35481051061860835,1.0152552926525529,3,9,247
2020-09-04,1934.3,300921.0,1938.0,1945.9,1923.0,1937.8,1952.5,1897.5,1954.5428571428572,21.813211374636165,-0.18061719475693794,1.0119084763390536,4,9,248
2020-09-08,1943.2,412083.0,1938.0,1948.3,1911.7,1934.3,1932.6,1955.4,1956.0571428571432,20.35524970307546,0.46011477020111435,1.019145263378145,1,9,252
2020-09-09,1954.9,224190.0,1939.4,1959.7,1926.3,1943.2,1974.9,1963.9,1953.2,18.597311633630436,0.6020996294771486,1.0173389399366661,2,9,253
2020-09-10,1964.3,268963.0,1955.3,1954.9,1949.9,1954.9,1978.6,1976.7,1951.1571428571428,15.937362511027121,0.4808430098726113,1.0025642340632852,3,9,254
2020-09-11,1947.9,202859.0,1953.8,1959.0,1945.7,1964.3,1978.9,1966.8,1946.7285714285715,10.227856452718715,-0.8349030188871231,1.0068355861643623,4,9,255
2020-09-14,1963.7,196763.0,1948.9,1972.5,1945.2,1947.9,1944.7,1985.9,1949.4428571428573,11.972170109935266,0.8111299348015688,1.0140345465761875,0,9,258
2020-09-15,1966.2,232698.0,1966.2,1982.4,1955.6,1963.7,1937.8,1986.3,1953.5,12.17935411526548,0.1273106890054443,1.013704233994682,1,9,259
2020-09-16,1970.5,287073.0,1961.4,1983.8,1957.2,1966.2,1934.3,2021.0,1958.6714285714286,10.19128946457441,0.21869596175363437,1.013590844062947,2,9,260
2020-09-17,1949.9,263192.0,1967.6,1969.3,1938.2,1970.5,1943.2,2049.3,1959.6285714285714,8.70186077518738,-1.0454199441765955,1.0160458157052936,3,9,261
2020-09-18,1962.1,174242.0,1951.1,1968.2,1951.1,1949.9,1954.9,2069.4,1960.6571428571428,8.472279729086331,0.6256731114415937,1.0087642868125672,4,9,262
2020-09-21,1910.6,380526.0,1957.3,1962.9,1885.4,1962.1,1964.3,2028.0,1952.9857142857143,20.457959214849932,-2.624738800265025,1.0411053357377744,0,9,265
2020-09-22,1907.6,279441.0,1918.1,1925.5,1898.9,1910.6,1947.9,2039.7,1947.2285714285715,26.81154690832699,-0.1570187375693477,1.0140081099583969,1,9,266
2020-09-23,1868.4,402011.0,1905.1,1909.9,1856.0,1907.6,1963.7,1946.3,1933.6142857142856,38.6401099278517,-2.054938142168161,1.029040948275862,2,9,267
2020-09-24,1876.9,338361.0,1866.9,1880.9,1851.0,1868.4,1966.2,1949.0,1920.857142857143,40.77134848323291,0.45493470348960674,1.016153430578066,3,9,268
2020-09-25,1866.3,226076.0,1872.7,1879.3,1854.1,1876.9,1970.5,1970.4,1905.9714285714285,38.58927805687397,-0.5647610421439686,1.0135914999190982,4,9,269
2020-09-28,1882.3,232907.0,1862.7,1888.2,1851.1,1866.3,1949.9,1949.8,1896.3142857142855,33.9425705455029,0.8573112575684494,1.0200421371076658,0,9,272
2020-09-29,1903.2,213482.0,1886.4,1904.8,1880.8,1882.3,1962.1,1998.7,1887.8999999999999,18.87078871337948,1.1103437284173623,1.012760527435134,1,9,273
2020-09-30,1895.5,256446.0,1903.2,1908.2,1885.8,1903.2,1910.6,2013.1,1885.7428571428572,16.56571330010271,-0.40458175704077837,1.0118782479584263,2,9,274
2020-10-01,1916.3,257047.0,1891.2,1917.9,1890.0,1895.5,1907.6,1970.3,1886.9857142857143,18.671406711058804,1.0973357953046659,1.0147619047619048,3,10,275
2020-10-02,1907.6,209696.0,1911.0,1923.6,1895.2,1916.3,1868.4,1946.5,1892.5857142857144,18.035744931564157,-0.45399989563220666,1.0149852258336851,4,10,276
2020-10-05,1920.1,176090.0,1910.9,1924.9,1902.5,1907.6,1876.9,1947.0,1898.7571428571428,19.131636725797286,0.6552736422730243,1.0117739816031537,0,10,279
2020-10-06,1908.8,172605.0,1917.8,1927.0,1902.9,1920.1,1866.3,1939.2,1904.8285714285714,12.815838415182597,-0.5885110150512962,1.0126648799201219,1,10,280
2020-10-07,1890.8,183295.0,1882.6,1902.4,1877.1,1908.8,1882.3,1923.1,1906.0428571428572,10.523126459115986,-0.9430008382229627,1.0134782377071014,2,10,281
2020-10-08,1895.1,179968.0,1890.6,1905.3,1885.3,1890.8,1903.2,1952.5,1904.8857142857141,11.304192226918218,0.22741696636343622,1.0106083912374688,3,10,282
2020-10-09,1926.2,224808.0,1898.4,1936.8,1898.0,1895.1,1895.5,1932.6,1909.2714285714285,12.898800239456598,1.6410743496385383,1.0204425711275027,4,10,283
2020-10-12,1928.9,155906.0,1935.0,1939.4,1923.8,1926.2,1916.3,1974.9,1911.0714285714287,14.784419082852285,0.14017236008723177,1.0081089510344112,0,10,286
2020-10-13,1894.6,260044.0,1927.3,1930.6,1889.3,1928.9,1907.6,1978.6,1909.2142857142858,16.05505409218919,-1.77821556327441,1.0218599481289365,1,10,287
2020-10-14,1907.3,185374.0,1895.4,1917.5,1885.0,1894.6,1920.1,1978.9,1907.3857142857141,15.320729809742115,0.6703261902248459,1.0172413793103448,2,10,288
2020-10-15,1908.9,205615.0,1906.0,1913.2,1892.7,1907.3,1908.8,1944.7,1907.4,15.322314881625822,0.08388821894826926,1.0108310878638982,3,10,289
2020-10-16,1906.4,144094.0,1912.7,1918.7,1901.1,1908.9,1890.8,1937.8,1909.6285714285714,13.535843070064265,-0.13096547750013343,1.0092577981168798,4,10,290
2020-10-19,1911.7,155479.0,1903.2,1923.4,1900.2,1906.4,1895.1,1934.3,1912.0,11.92448461492958,0.2780109106168771,1.0122092411325123,0,10,293
2020-10-20,1915.4,160356.0,1906.4,1915.5,1909.0,1911.7,1926.2,1943.2,1910.457142857143,10.379604543264124,0.19354501229271737,1.0034049240440022,1,10,294
2020-10-21,1929.5,194754.0,1911.6,1936.0,1911.6,1915.4,1928.9,1954.9,1910.5428571428572,10.558228567072653,0.7361386655528879,1.0127641766059845,2,10,295
2020-10-22,1904.6,208087.0,1927.4,1929.4,1894.2,1929.5,1894.6,1964.3,1911.9714285714285,8.521681032367166,-1.290489764187619,1.018583042973287,3,10,296
2020-10-23,1905.2,168148.0,1906.5,1917.3,1895.2,1904.6,1907.3,1947.9,1911.6714285714286,8.747516654308583,0.03150267772762394,1.0116610384128324,4,10,297
2020-10-26,1905.7,161841.0,1906.0,1911.1,1892.5,1905.2,1908.9,1963.7,1911.2142857142858,8.996560189119684,0.026243963888306077,1.0098282694848084,0,10,300
2020-10-27,1911.9,149056.0,1904.4,1913.8,1898.7,1905.7,1906.4,1966.2,1912.0,8.74261593184169,0.32533977016320215,1.0079528098172432,1,10,301
2020-10-28,1879.2,289026.0,1909.8,1882.1,1875.7,1911.9,1911.7,1970.5,1907.357142857143,15.1847354430212,-1.7103404989800786,1.0034120594977873,2,10,302
2020-10-29,1868.0,219592.0,1877.5,1885.1,1859.2,1879.2,1915.4,1949.9,1900.5857142857144,20.602542607724647,-0.5959982971477262,1.0139307228915662,3,10,303
2020-10-30,1879.9,207865.0,1867.9,1885.9,1875.0,1868.0,1929.5,1962.1,1893.5,17.258814173198786,0.6370449678800849,1.0058133333333334,4,10,304
2020-11-02,1892.5,161958.0,1877.0,1897.1,1873.3,1879.9,1904.6,1910.6,1891.7714285714287,16.553319333315603,0.6702484174690104,1.0127048523995088,0,11,307
2020-11-03,1910.4,166642.0,1896.4,1911.8,1906.9,1892.5,1905.2,1907.6,1892.5142857142857,17.353715122986475,0.9458388375165105,1.0025696156064816,1,11,308
2020-11-04,1896.2,284598.0,1910.3,1905.8,1897.8,1910.4,1905.7,1868.4,1891.1571428571428,16.501197647681895,-0.743299832495814,1.0042154073137317,2,11,309
2020-11-05,1946.8,288663.0,1903.4,1952.6,1948.0,1896.2,1911.9,1876.9,1896.142857142857,26.22211898012572,2.6684948845058454,1.0023613963039013,3,11,310
2020-11-06,1951.7,233903.0,1950.0,1961.8,1937.2,1946.8,1879.2,1866.3,1906.5,32.07865333829281,0.251695089377435,1.0126987404501342,4,11,311
2020-11-09,1854.4,475721.0,1956.0,1869.3,1861.2,1951.7,1868.0,1882.3,1904.5571428571427,35.07130152239222,-4.985397345903564,1.0043520309477756,0,11,314
2020-11-10,1876.4,243090.0,1864.1,1877.1,1870.9,1854.4,1879.9,1903.2,1904.0571428571427,35.50370202022905,1.1863675582398647,1.0033139130899567,1,11,315
2020-11-11,1861.6,201067.0,1876.1,1882.5,1853.9,1876.4,1892.5,1895.5,1899.642857142857,38.935239271657395,-0.788744404178221,1.0154269378067857,2,11,316
2020-11-12,1873.3,199543.0,1863.9,1883.0,1860.7,1861.6,1910.4,1916.3,1894.3428571428572,39.743588880990686,0.6284916201117374,1.011984736926963,3,11,317
2020-11-13,1886.2,158776.0,1875.6,1888.9,1885.3,1873.3,1896.2,1907.6,1892.9142857142856,39.845302047248225,0.688624352746503,1.0019095104227445,4,11,318
2020-11-16,1887.8,217991.0,1886.6,1898.0,1861.5,1886.2,1946.8,1920.1,1884.4857142857143,32.01845450001875,0.08482663556357295,1.0196078431372548,0,11,321
2020-11-17,1885.1,155099.0,1888.2,1892.7,1876.3,1887.8,1951.7,1908.8,1874.9714285714285,12.910294895317065,-0.14302362538404223,1.008740606512818,1,11,322
2020-11-18,1873.9,203979.0,1879.5,1871.5,1868.2,1885.1,1854.4,1890.8,1877.7571428571428,9.3425294830252,-0.5941329372446957,1.0017664061663634,2,11,323
2020-11-19,1861.5,217146.0,1872.0,1866.7,1862.0,1873.9,1876.4,1895.1,1875.6285714285714,11.213342392765147,-0.6617215433054158,1.0025241675617615,3,11,324
2020-11-20,1872.4,180515.0,1864.8,1873.9,1868.7,1861.5,1861.6,1926.2,1877.1714285714286,9.586399095457292,0.5855492882084423,1.002782683148713,4,11,325
2020-11-23,1844.1,106315.0,1875.9,1844.5,1839.6,1872.4,1873.3,1928.9,1873.0,15.855177913382112,-1.5114291817987735,1.0026636225266363,0,11,328
2020-11-24,1810.9,125089.0,1842.6,1813.1,1807.4,1844.1,1886.2,1894.6,1862.2428571428572,27.019983786224692,-1.8003362073640172,1.003153701449596,1,11,329
2020-11-25,1811.2,121112.0,1812.0,1821.7,1804.7,1810.9,1887.8,1907.3,1851.3,30.26125135105364,0.016566348224644756,1.0094198481742118,2,11,330
2020-11-27,1788.1,277091.0,1812.1,1822.6,1776.5,1811.2,1885.1,1908.9,1837.4428571428573,34.16166746234482,-1.2753975265017758,1.025949901491697,4,11,332
2020-11-30,1780.9,235285.0,1790.8,1793.3,1767.2,1788.1,1873.9,1906.4,1824.1571428571428,35.67098994712394,-0.40266204350986046,1.0147691263014937,0,11,335
2020-12-01,1818.9,197184.0,1780.3,1821.1,1778.4,1780.9,1861.5,1911.7,1818.0714285714287,31.64494242293183,2.133752597001526,1.0240103463787673,1,12,336
2020-12-02,1830.2,182809.0,1819.1,1835.7,1828.2,1818.9,1872.4,1915.4,1812.042857142857,22.171743063513826,0.6212546044312539,1.0041023957991466,2,12,337
2020-12-03,1841.1,177988.0,1833.9,1847.4,1826.7,1830.2,1844.1,1929.5,1811.6142857142859,21.466596421022224,0.5955633264123961,1.0113319100016422,3,12,338
2020-12-04,1840.0,167301.0,1844.7,1852.7,1832.0,1841.1,1810.9,1904.6,1815.7714285714285,23.976218376077018,-0.05974689044592196,1.0112991266375546,4,12,339
2020-12-07,1866.0,204259.0,1841.1,1870.8,1862.1,1840.0,1811.2,1905.2,1823.6000000000001,30.337435620010673,1.413043478260878,1.0046721443531497,0,12,342
2020-12-08,1874.9,147902.0,1866.1,1879.8,1863.9,1866.0,1788.1,1905.7,1836.0,31.137544326182276,0.4769560557341901,1.008530500563335,1,12,343
2020-12-09,1838.5,216843.0,1875.4,1875.9,1828.2,1874.9,1780.9,1911.9,1844.2285714285715,19.636506332611393,-1.941436876633429,1.026091237282573,2,12,344
2020-12-10,1837.4,162513.0,1843.0,1854.2,1831.5,1838.5,1818.9,1879.2,1846.8714285714286,16.68209761842587,-0.059831384280661926,1.0123942123942125,3,12,345
2020-12-11,1843.6,150634.0,1840.0,1851.8,1826.8,1837.4,1830.2,1868.0,1848.7857142857142,15.148534425362953,0.33743332970501694,1.0136851324720824,4,12,346
2020-12-14,1832.1,166785.0,1845.0,1832.7,1828.1,1843.6,1841.1,1879.9,1847.5,16.251358917486794,-0.6237795617270558,1.0025162737268203,0,12,349
2020-12-15,1855.3,169218.0,1830.5,1859.3,1828.5,1832.1,1840.0,1892.5,1849.685714285714,16.10273564449243,1.266306424321817,1.0168444079846868,1,12,350
2020-12-16,1859.1,196702.0,1857.7,1870.0,1848.2,1855.3,1866.0,1910.4,1848.7,15.118752153037553,0.20481862771519754,1.0117952602532194,2,12,351
2020-12-17,1890.4,213170.0,1868.4,1902.0,1865.9,1859.1,1874.9,1896.2,1850.9142857142856,19.956571897574886,1.683610349093656,1.0193472318988155,3,12,352
2020-12-18,1888.9,149960.0,1891.3,1895.7,1881.9,1890.4,1838.5,1946.8,1858.1142857142856,23.507121514619406,-0.07934828607701894,1.0073330145066157,4,12,353
2020-12-21,1882.8,226997.0,1892.9,1912.0,1859.0,1888.9,1837.4,1951.7,1864.6000000000001,23.0989177235282,-0.3229392768277939,1.0285099515868747,0,12,356
2020-12-22,1870.3,173183.0,1883.0,1889.4,1863.7,1882.8,1843.6,1854.4,1868.4142857142856,21.177852312492778,-0.6639048226046329,1.0137897730321404,1,12,357
2020-12-23,1878.1,157856.0,1865.6,1883.7,1860.9,1870.3,1832.1,1876.4,1874.9857142857143,13.92724291582604,0.4170453937870855,1.0122521360631953,2,12,358
2020-12-24,1883.2,87445.0,1877.3,1887.4,1873.1,1878.1,1855.3,1861.6,1878.9714285714288,11.049542114979976,0.27155103562110927,1.0076344028615665,3,12,359
2020-12-28,1880.4,194545.0,1887.0,1904.1,1873.0,1883.2,1859.1,1873.3,1882.0142857142857,6.76890650226704,-0.14868309260832602,1.0166043780032035,0,12,363
2020-12-29,1882.9,145905.0,1878.0,1891.3,1875.6,1880.4,1890.4,1886.2,1880.9428571428573,5.734938866968005,0.13295043607743917,1.0083706547238218,1,12,364
2020-12-30,1893.4,128688.0,1881.8,1899.0,1879.5,1882.9,1888.9,1887.8,1881.5857142857144,6.9078285471219285,0.5576504328429488,1.0103750997605747,2,12,365
2020-12-31,1895.1,127578.0,1899.0,1904.9,1889.1,1893.4,1882.8,1885.1,1883.3428571428572,8.620297199509002,0.08978557093060058,1.0083637711079352,3,12,366
2021-01-04,1946.6,261675.0,1908.2,1948.7,1906.1,1895.1,1870.3,1873.9,1894.2428571428572,23.963643096877764,2.7175346947390544,1.0223492996170191,0,1,4
2021-01-05,1954.4,192111.0,1946.0,1957.0,1938.4,1946.6,1878.1,1861.5,1905.142857142857,31.549318911949268,0.4006986540635138,1.0095955427156418,1,1,5
2021-01-06,1908.6,356182.0,1952.8,1962.5,1902.6,1954.4,1883.2,1872.4,1908.7714285714285,30.029025641048353,-2.3434302087597336,1.0314832334699884,2,1,6
2021-01-07,1913.6,192365.0,1921.5,1929.6,1907.5,1908.6,1880.4,1844.1,1913.5142857142857,27.298866189577517,0.26197212616576593,1.0115858453473132,3,1,7
2021-01-08,1835.4,422485.0,1915.2,1918.4,1827.8,1913.6,1882.9,1810.9,1906.7285714285715,39.39893036979646,-4.0865384615384475,1.0495677864098918,4,1,8
2021-01-11,1850.8,253190.0,1849.4,1856.0,1817.1,1835.4,1893.4,1811.2,1900.642857142857,44.73022308396427,0.8390541571319465,1.0214077376038744,0,1,11
2021-01-12,1844.2,225729.0,1845.4,1856.9,1854.3,1850.8,1895.1,1788.1,1893.3714285714286,49.64828678767002,-0.3566025502485415,1.001402146362509,1,1,12
2021-01-13,1854.9,203544.0,1855.0,1859.3,1841.6,1844.2,1946.6,1780.9,1880.2714285714285,45.157528507998805,0.580197375555791,1.0096112076455257,2,1,13
2021-01-14,1851.4,242126.0,1845.6,1853.6,1843.4,1854.9,1954.4,1818.9,1865.5571428571427,31.77566454287297,-0.18868941721925658,1.005533253770207,3,1,14
2021-01-15,1829.9,224725.0,1847.3,1856.6,1822.1,1851.4,1908.6,1830.2,1854.314285714286,27.66492536112162,-1.161283353138165,1.0189341968058834,4,1,15
2021-01-19,1840.2,324829.0,1828.8,1845.0,1800.8,1829.9,1913.6,1841.1,1843.8285714285714,9.19106709169569,0.5628722881031667,1.0245446468236339,1,1,19
2021-01-20,1870.2,51238.0,1843.2,1875.6,1865.8,1840.2,1835.4,1840.0,1848.8,12.637642185088875,1.630257580697747,1.0052524386322221,2,1,20
2021-01-21,1869.3,47567.0,1875.6,1874.5,1870.8,1870.2,1850.8,1866.0,1851.4428571428573,14.863922445792305,-0.04812319538017862,1.0019777635236262,3,1,21
2021-01-22,1859.9,74763.0,1874.0,1874.1,1839.7,1869.3,1844.2,1874.9,1853.685714285714,14.773109418910453,-0.5028620339164291,1.0186987008751427,4,1,22
2021-01-25,1859.0,86197.0,1858.6,1870.9,1850.0,1859.9,1854.9,1838.5,1854.2714285714287,14.909919995897134,-0.04838969837088758,1.0112972972972973,0,1,25
2021-01-26,1854.8,89895.0,1858.7,1864.5,1851.1,1859.0,1851.4,1837.4,1854.757142857143,14.8560713898795,-0.2259279182356133,1.0072389390092378,1,1,26
2021-01-27,1848.9,163249.0,1854.3,1847.6,1841.5,1854.8,1829.9,1843.6,1857.4714285714285,10.716609271782502,-0.31809359499676004,1.0033125169698616,2,1,27
2021-01-28,1841.2,270329.0,1847.2,1846.1,1843.1,1848.9,1840.2,1832.1,1857.6142857142859,10.451384050438914,-0.4164638433663326,1.0016276924746352,3,1,28
2021-01-29,1850.3,269474.0,1845.6,1851.7,1843.8,1841.2,1870.2,1855.3,1854.7714285714285,9.072984493395078,0.49424288507493586,1.0042846295693677,4,1,29
2021-02-01,1863.9,237650.0,1865.0,1876.0,1851.7,1850.3,1869.3,1859.1,1854.0,7.7674534650471845,0.7350159433605397,1.0131230760922396,0,2,32
2021-02-02,1833.4,226676.0,1863.6,1866.3,1830.4,1863.9,1859.9,1890.4,1850.2142857142858,10.418161797382243,-1.6363538816460133,1.0196131993006992,1,2,33
2021-02-03,1835.1,134552.0,1838.5,1845.9,1830.1,1833.4,1859.0,1888.9,1846.7999999999997,10.961143492583547,0.09272390094905436,1.0086334080104913,2,2,34
2021-02-04,1791.2,269731.0,1834.5,1835.7,1784.6,1835.1,1854.8,1882.8,1837.7142857142858,22.986911389667714,-2.392240204893459,1.0286338675333409,3,2,35
2021-02-05,1813.0,202612.0,1794.3,1816.0,1792.2,1791.2,1848.9,1870.3,1832.5857142857144,24.055313243365514,1.2170611880303772,1.0132797678830487,4,2,36
2021-02-08,1834.2,171978.0,1818.1,1840.6,1807.3,1813.0,1841.2,1878.1,1831.5857142857144,23.78146537193275,1.169332597904038,1.0184252752725058,0,2,39
2021-02-09,1837.5,151353.0,1832.4,1849.5,1830.3,1834.2,1850.3,1883.2,1829.757142857143,22.56360322454134,0.17991494929670004,1.0104900835928536,1,2,40
2021-02-10,1842.7,173508.0,1838.3,1856.6,1834.0,1837.5,1863.9,1880.4,1826.7285714285715,18.222121563749276,0.2829931972789135,1.0123227917121047,2,2,41
2021-02-11,1826.8,143597.0,1844.3,1848.6,1821.7,1842.7,1833.4,1882.9,1825.7857142857142,17.98864721344467,-0.8628642752482873,1.014766426963825,3,2,42
2021-02-12,1823.2,169671.0,1825.4,1825.1,1819.1,1826.8,1835.1,1893.4,1824.0857142857144,17.517841245516095,-0.19706590759798193,1.0032983343411577,4,2,43
2021-02-16,1799.0,348000.0,1795.0,1796.1,1793.0,1823.2,1791.2,1895.1,1825.2,15.167838782492256,-1.3273365511189184,1.001728945900725,1,2,47
2021-02-17,1772.8,250909.0,1793.1,1779.9,1770.6,1799.0,1813.0,1946.6,1819.457142857143,24.988120987271802,-1.4563646470261316,1.005252456794307,2,2,48
2021-02-18,1775.0,220586.0,1776.0,1775.8,1772.8,1772.8,1834.2,1954.4,1811.0,28.881539663454163,0.12409747292418949,1.001692238267148,3,2,49
2021-02-19,1777.4,247288.0,1774.6,1790.9,1759.0,1775.0,1837.5,1908.6,1802.4142857142856,28.622743204832222,0.1352112676056283,1.0181353041500854,4,2,50
2021-02-22,1808.4,216129.0,1782.0,1812.4,1778.6,1777.4,1842.7,1913.6,1797.5142857142857,22.95063024341091,1.744120625632939,1.0190037107837626,0,2,53
2021-02-23,1805.9,187078.0,1809.3,1815.2,1794.5,1808.4,1826.8,1835.4,1794.5285714285712,19.624195464206586,-0.1382437513824386,1.011535246586793,1,2,54
2021-02-24,1797.9,220240.0,1805.0,1813.0,1782.2,1805.9,1823.2,1850.8,1790.9142857142858,15.321708844091074,-0.4429924137549168,1.0172820109976433,2,2,55
2021-02-25,1775.4,309165.0,1804.9,1781.7,1763.9,1797.9,1799.0,1844.2,1787.5428571428572,15.833914776238792,-1.2514600367094952,1.0100912750155904,3,2,56
2021-02-26,1728.8,351549.0,1770.9,1734.4,1725.5,1775.4,1772.8,1854.9,1781.2571428571428,27.26743216992008,-2.624760617325683,1.0051579252390612,4,2,57
2021-03-01,1723.0,238037.0,1732.8,1757.4,1717.2,1728.8,1775.0,1851.4,1773.8285714285714,35.18885781442827,-0.3354928273947233,1.0234102026554857,0,3,60
2021-03-02,1733.6,230514.0,1722.8,1737.8,1704.6,1723.0,1777.4,1829.9,1767.5714285714287,38.21224560640281,0.6152060359837508,1.0194767100786108,1,3,61
2021-03-03,1715.8,251741.0,1736.5,1739.1,1699.4,1733.6,1808.4,1840.2,1754.3428571428572,37.7478413132177,-1.0267651130595246,1.0233611863010472,2,3,62
2021-03-04,1700.7,271077.0,1708.4,1721.6,1687.6,1715.8,1805.9,1870.2,1739.314285714286,34.61167570685421,-0.8800559505769856,1.0201469542545627,3,3,63
2021-03-05,1698.5,254927.0,1695.3,1705.7,1683.0,1700.7,1797.9,1869.3,1725.1142857142856,25.851655560842623,-0.1293584994414121,1.0134878193701724,4,3,64
2021-03-08,1678.0,258100.0,1701.6,1712.0,1673.3,1698.5,1775.4,1859.9,1711.2,19.77245558847851,-1.2069473064468594,1.0231279507559912,0,3,67
2021-03-09,1716.9,233565.0,1679.3,1718.7,1676.7,1678.0,1728.8,1859.0,1709.5,18.47611070179607,2.3182359952324205,1.025049203793165,1,3,68
2021-03-10,1721.8,213679.0,1714.5,1725.3,1705.6,1716.9,1723.0,1854.8,1709.3285714285716,18.335004252814816,0.2853981012289619,1.0115501876172608,2,3,69
2021-03-11,1722.6,197168.0,1725.0,1738.0,1716.8,1721.8,1733.6,1848.9,1707.7571428571428,16.26231401557647,0.046463003833197014,1.0123485554520038,3,3,70
2021-03-12,1719.8,222995.0,1720.5,1728.0,1696.6,1722.6,1715.8,1841.2,1708.3285714285716,16.657502242255255,-0.16254499013119705,1.0185076034421785,4,3,71
2021-03-15,1729.2,158839.0,1726.5,1733.2,1719.2,1719.8,1700.7,1850.3,1712.3999999999999,17.917496104786117,0.5465751831608356,1.00814332247557,0,3,74
2021-03-16,1730.9,170463.0,1730.7,1740.5,1724.4,1729.2,1698.5,1863.9,1717.0285714285715,17.91319013885417,0.09831135785334233,1.0093365808397123,1,3,75
2021-03-17,1727.1,214084.0,1730.0,1750.6,1722.0,1730.9,1678.0,1833.4,1724.042857142857,5.14938738827786,-0.2195389681668547,1.016608594657375,2,3,76
2021-03-18,1734.6,18942.0,1745.9,1756.0,1719.1,1727.1,1716.9,1835.1,1726.5714285714287,5.397133277714491,0.43425395171095005,1.0214647199115816,3,3,77
2021-03-19,1743.9,36859.0,1736.3,1748.2,1729.3,1734.6,1721.8,1791.2,1729.7285714285713,7.984508810862928,0.5361466620546596,1.0109292777424392,4,3,78
2021-03-22,1740.4,36260.0,1747.5,1749.2,1728.6,1743.9,1722.6,1813.0,1732.2714285714287,8.168172844487017,-0.2006995813980117,1.0119171583940763,0,3,81
2021-03-23,1727.5,62567.0,1741.2,1729.3,1727.7,1740.4,1719.8,1834.2,1733.3714285714286,6.571076595004432,-0.7412089174902325,1.0009260867048677,1,3,82
2021-03-24,1735.5,68820.0,1728.2,1739.9,1724.8,1727.5,1729.2,1837.5,1734.2714285714287,6.331591238971099,0.46309696092619035,1.008754638218924,2,3,83
2021-03-25,1727.3,73549.0,1736.0,1732.2,1722.5,1735.5,1730.9,1842.7,1733.7571428571428,6.7813118549848665,-0.4724863151829517,1.0056313497822933,3,3,84
2021-03-26,1734.7,98882.0,1727.5,1737.9,1721.2,1727.3,1727.1,1826.8,1734.8428571428574,6.11333437178317,0.42841428819544447,1.0097025331164304,4,3,85
2021-03-29,1714.6,171876.0,1732.4,1734.8,1705.6,1734.7,1734.6,1823.2,1731.9857142857143,9.804833598951612,-1.1587017928172072,1.0171200750469043,0,3,88
2021-03-30,1686.0,218812.0,1713.0,1714.8,1678.3,1714.6,1743.9,1799.0,1723.7142857142858,18.576995502586808,-1.6680275282864754,1.0217481975808855,1,3,89
2021-03-31,1715.6,205346.0,1685.9,1716.3,1677.3,1686.0,1740.4,1772.8,1720.1714285714284,17.176506657372144,1.7556346381969012,1.0232516544446433,2,3,90
2021-04-01,1728.4,166688.0,1709.0,1732.0,1706.4,1715.6,1727.5,1775.0,1720.2999999999997,17.2437428264584,0.7460946607600993,1.015002344116268,3,4,91
2021-04-05,1728.8,100575.0,1730.0,1734.4,1721.6,1728.4,1735.5,1777.4,1719.3428571428572,16.425981162208416,0.02314279102058059,1.0074349442379182,0,4,95
2021-04-06,1743.0,148878.0,1729.2,1745.5,1742.2,1728.8,1727.3,1808.4,1721.5857142857144,18.619025088238764,0.8213789912077774,1.0018941568132247,1,4,96
2021-04-07,1741.6,118174.0,1744.4,1744.1,1736.0,1743.0,1734.7,1805.9,1722.5714285714287,19.586535705702268,-0.08032128514057213,1.0046658986175114,2,4,97
2021-04-08,1758.2,140648.0,1738.6,1759.4,1733.6,1741.6,1714.6,1797.9,1728.8,23.223838327568444,0.9531465319246646,1.0148823257960315,3,4,98
2021-04-09,1744.8,165011.0,1756.5,1758.2,1730.8,1758.2,1686.0,1775.4,1737.2000000000003,13.942261891997175,-0.762143100898649,1.0158308296741392,4,4,99
2021-04-12,1732.7,122724.0,1744.5,1733.7,1727.0,1744.8,1715.6,1728.8,1739.642857142857,10.632004693748616,-0.6934892251260871,1.0038795599305155,0,4,102
2021-04-13,1747.6,170934.0,1732.2,1748.1,1744.6,1732.7,1728.4,1723.0,1742.3857142857144,9.682360003452834,0.8599295896577486,1.0020061905307807,1,4,103
2021-04-14,1736.3,141968.0,1746.4,1737.4,1736.1,1747.6,1728.8,1733.6,1743.4571428571428,8.235261004236087,-0.6466010528725086,1.0007488047923507,2,4,104
2021-04-15,1766.8,193552.0,1736.6,1766.2,1763.6,1736.3,1743.0,1715.8,1746.857142857143,12.046279805036196,1.7566088809537472,1.0014742572011794,3,4,105
2021-04-16,1780.2,167944.0,1764.8,1784.7,1760.3,1766.8,1741.6,1700.7,1752.3714285714286,17.03884916743921,0.7584333257867337,1.0138612736465376,4,4,106
2021-04-19,1770.6,178114.0,1778.8,1790.4,1766.6,1780.2,1758.2,1698.5,1754.142857142857,18.340652218715814,-0.5392652510953888,1.0134722064983586,0,4,109
2021-04-20,1778.4,165014.0,1770.5,1780.8,1763.5,1770.6,1744.8,1678.0,1758.9428571428573,19.82472001839833,0.4405286343612369,1.0098100368585199,1,4,110
2021-04-21,1793.1,171089.0,1779.1,1795.9,1790.5,1778.4,1732.7,1716.9,1767.5714285714287,19.64253159899213,0.8265856950067318,1.0030159173415247,2,4,111
2021-04-22,1782.0,160685.0,1794.5,1784.8,1778.7,1793.1,1747.6,1721.8,1772.4857142857143,18.052001603786685,-0.6190396519993202,1.0034294709619385,3,4,112
2021-04-23,1777.8,171772.0,1784.0,1796.3,1769.5,1782.0,1736.3,1722.6,1778.4142857142856,8.44638553286454,-0.2356902356902335,1.0151455213337102,4,4,113
2021-04-26,1780.1,136847.0,1776.1,1782.4,1780.3,1777.8,1766.8,1719.8,1780.3142857142855,6.717248586272779,0.12937338283272037,1.0011795764758749,0,4,116
2021-04-27,1778.8,140469.0,1781.1,1785.9,1773.9,1780.1,1780.2,1729.2,1780.1142857142856,6.7420146768689975,-0.07302960507836742,1.0067647556232031,1,4,117
2021-04-28,1773.9,190626.0,1776.4,1782.7,1761.8,1778.8,1770.6,1730.9,1780.5857142857144,6.04522637319038,-0.27546660670113576,1.0118628675218526,2,4,118
2021-04-29,1768.3,222795.0,1781.9,1774.5,1771.3,1773.9,1778.4,1727.1,1779.142857142857,7.646972634614602,-0.31568859574948593,1.0018065827358438,3,4,119
2021-04-30,1767.7,160763.0,1772.4,1770.0,1764.9,1768.3,1793.1,1734.6,1775.5142857142857,5.698370694310869,-0.03393089407904837,1.002889682134965,4,4,120
2021-05-03,1791.8,198798.0,1768.1,1794.1,1790.8,1767.7,1782.0,1743.9,1776.9142857142856,8.208416122276432,1.3633535102109962,1.0018427518427517,0,5,123
2021-05-04,1776.0,225083.0,1793.2,1799.5,1769.2,1791.8,1777.8,1740.4,1776.6571428571428,8.204238161333212,-0.8817948431744549,1.0171263848066923,1,5,124
2021-05-05,1784.3,176172.0,1778.4,1788.1,1785.4,1776.0,1780.1,1727.5,1777.2571428571428,8.639995590732475,0.4673423423423362,1.0015122661588438,2,5,125
2021-05-06,1815.7,277680.0,1787.0,1816.5,1813.0,1784.3,1778.8,1735.5,1782.5285714285715,16.974757169124373,1.7597937566552702,1.001930501930502,3,5,126
2021-05-07,1831.3,332450.0,1815.4,1833.4,1830.6,1815.7,1773.9,1727.3,1790.7285714285713,24.36655592441026,0.8591727708321839,1.0015295531519721,4,5,127
2021-05-10,1837.6,254657.0,1835.4,1846.3,1830.5,1831.3,1768.3,1734.7,1800.6285714285714,27.59889576808136,0.344017910773764,1.0086315214422288,0,5,130
2021-05-11,1836.1,294462.0,1836.2,1839.2,1837.3,1837.6,1767.7,1714.6,1810.3999999999999,26.063256383877118,-0.08162821070961668,1.001034126163392,1,5,131
2021-05-12,1822.8,323911.0,1838.2,1844.7,1813.0,1836.1,1791.8,1686.0,1814.8285714285714,24.9875778661604,-0.724361418223407,1.017484831770546,2,5,132
2021-05-13,1824.0,238443.0,1816.2,1829.1,1808.4,1822.8,1776.0,1715.6,1821.685714285714,18.228131058974494,0.06583278472680476,1.0114465826144656,3,5,133
2021-05-14,1838.1,222090.0,1826.4,1847.1,1819.0,1824.0,1784.3,1728.4,1829.3714285714286,8.67788651021151,0.7730263157894601,1.0154480483782298,4,5,134
2021-05-17,1867.6,260925.0,1845.9,1867.9,1866.2,1838.1,1815.7,1728.8,1836.7857142857142,14.95297390387065,1.6049181219737862,1.0009109420212197,0,5,137
2021-05-18,1868.0,219676.0,1867.3,1870.6,1868.8,1867.6,1831.3,1743.0,1842.0285714285715,18.67875034053753,0.021417862497319362,1.0009631849315068,1,5,138
2021-05-19,1881.5,387547.0,1870.2,1874.0,1862.0,1868.0,1837.6,1741.6,1848.3,23.651779355158276,0.7226980728051391,1.0064446831364124,2,5,139
2021-05-20,1883.9,43110.0,1872.2,1887.2,1866.2,1881.5,1836.1,1758.2,1855.1285714285714,26.294975076697582,0.1275577996279642,1.0112528132033007,3,5,140
2021-05-21,1878.9,51799.0,1880.4,1892.3,1872.5,1883.9,1822.8,1744.8,1863.142857142857,23.162099584046782,-0.26540686872976726,1.0105740987983978,4,5,141
2021-05-24,1886.7,51824.0,1885.6,1890.0,1877.9,1878.9,1824.0,1732.7,1872.1000000000001,16.733499335119774,0.4151365160466103,1.0064433675914586,0,5,144
2021-05-25,1900.5,174389.0,1883.4,1903.7,1900.0,1886.7,1838.1,1747.6,1881.0142857142857,11.360520611745471,0.731435840356176,1.0019473684210527,1,5,145
2021-05-26,1903.8,172696.0,1902.4,1915.6,1893.0,1900.5,1867.6,1736.3,1886.185714285714,12.425837137589582,0.17363851617995252,1.0119387216059166,2,5,146
2021-05-27,1898.5,203605.0,1899.3,1901.6,1898.9,1903.8,1868.0,1766.8,1890.542857142857,10.119594382912284,-0.2783905872465575,1.0014218758228448,3,5,147
2021-05-28,1905.3,194069.0,1899.8,1908.8,1884.3,1898.5,1881.5,1780.2,1893.9428571428573,10.563436489830195,0.35817750855937636,1.01300217587433,4,5,148
2021-06-01,1905.0,283146.0,1901.8,1903.0,1901.6,1905.3,1883.9,1770.6,1896.957142857143,10.225109150583583,-0.01574555188159632,1.0007362221287337,1,6,152
2021-06-02,1909.9,160414.0,1903.0,1911.8,1896.4,1905.0,1878.9,1778.4,1901.3857142857144,7.43290624430276,0.25721784776904233,1.0081206496519721,2,6,153
2021-06-03,1873.3,269228.0,1910.5,1876.0,1872.2,1909.9,1886.7,1793.1,1899.4714285714285,12.103541394327959,-1.9163306979423034,1.0020296976818717,3,6,154
2021-06-04,1892.0,224522.0,1872.7,1894.6,1891.6,1873.3,1900.5,1782.0,1898.2571428571428,12.405759031246351,0.9982384028185631,1.001585958976528,4,6,155
2021-06-07,1898.8,142315.0,1894.3,1902.9,1883.7,1892.0,1903.8,1777.8,1897.5428571428572,12.17522855944323,0.3594080338266359,1.0101927058448799,0,6,158
2021-06-08,1894.4,170166.0,1901.6,1906.9,1885.7,1898.8,1898.5,1780.1,1896.957142857143,12.220045982238116,-0.23172530018958915,1.01124250941295,1,6,159
2021-06-09,1895.5,143891.0,1894.4,1901.7,1889.3,1894.4,1905.3,1778.8,1895.5571428571427,11.653162252139007,0.05806587837837718,1.0065632774043296,2,6,160
2021-06-10,1896.4,244698.0,1891.4,1903.0,1871.8,1895.5,1905.0,1773.9,1894.3285714285714,10.92210515197803,0.047480875758387775,1.0166684474837056,3,6,161
2021-06-11,1879.6,213681.0,1901.9,1906.2,1876.1,1896.4,1909.9,1768.3,1890.0,9.652806154955206,-0.8858890529424235,1.016043920899739,4,6,162
2021-06-14,1865.9,235708.0,1879.6,1879.7,1845.7,1879.6,1873.3,1767.7,1888.9428571428573,11.924464647996954,-0.7288784847839902,1.0184211952104893,0,6,165
2021-06-15,1856.4,152410.0,1867.8,1870.9,1853.0,1865.9,1892.0,1791.8,1883.857142857143,16.940076460118277,-0.5091376815477777,1.0096600107933082,1,6,166
2021-06-16,1861.4,228605.0,1861.0,1866.0,1804.4,1856.4,1898.8,1776.0,1878.5142857142857,17.334977028247913,0.2693385046326213,1.0341387718909332,2,6,167
2021-06-17,1774.8,372368.0,1812.3,1826.4,1767.9,1861.4,1894.4,1784.3,1861.4285714285713,41.35991272900377,-4.652412162888153,1.0330901069064993,3,6,168
2021-06-18,1769.0,254641.0,1773.9,1797.9,1761.2,1774.8,1895.5,1815.7,1843.357142857143,50.596437856907635,-0.32679738562091387,1.020838064955712,4,6,169
2021-06-21,1782.9,187249.0,1764.3,1786.9,1764.1,1769.0,1896.4,1831.3,1827.142857142857,48.92374533027097,0.7857546636517831,1.0129244373901707,0,6,172
2021-06-22,1777.4,167293.0,1783.2,1790.1,1771.2,1782.9,1879.6,1837.6,1812.5428571428572,45.81061947999809,-0.3084861742105538,1.010670731707317,1,6,173
2021-06-23,1783.4,175084.0,1779.1,1795.6,1773.1,1777.4,1865.9,1836.1,1800.757142857143,40.045135249380216,0.3375717339934692,1.0126896396142349,2,6,174
2021-06-24,1776.7,148872.0,1778.2,1788.6,1772.7,1783.4,1856.4,1822.8,1789.3714285714289,32.13734661756196,-0.37568689020971435,1.0089693687595194,3,6,175
2021-06-25,1777.8,158121.0,1775.7,1791.0,1773.6,1776.7,1861.4,1824.0,1777.4285714285713,4.9026232043633025,0.061912534474029,1.009810554803789,4,6,176
2021-06-28,1780.7,158467.0,1782.0,1786.1,1770.4,1777.8,1774.8,1838.1,1778.2714285714287,4.8825247175304956,0.1631229609629914,1.0088680524175326,0,6,179
2021-06-29,1763.6,232701.0,1778.8,1779.2,1750.1,1780.7,1769.0,1867.6,1777.5,6.685307272787137,-0.9602965126074059,1.0166276212787841,1,6,180
2021-06-30,1771.6,169111.0,1761.9,1774.7,1753.2,1763.6,1782.9,1868.0,1775.8857142857144,6.526466264603369,0.4536176003628878,1.0122632899840291,2,6,181
2021-07-01,1776.8,167260.0,1770.8,1783.4,1765.9,1771.6,1777.4,1881.5,1775.7999999999997,6.50717552641521,0.29351998193722917,1.0099099609264397,3,7,182
2021-07-02,1783.3,202365.0,1777.5,1795.9,1774.4,1776.8,1783.4,1883.9,1775.7857142857142,6.487790731032554,0.36582620441243385,1.0121167718665465,4,7,183
2021-07-06,1794.2,273015.0,1787.5,1815.7,1784.7,1783.3,1776.7,1878.9,1778.285714285714,9.548547633174948,0.6112263780631455,1.0173698660839356,1,7,187
2021-07-07,1802.1,168050.0,1797.0,1810.2,1794.1,1794.2,1777.8,1886.7,1781.7571428571428,13.099472908267996,0.4403076580091314,1.0089738587592665,2,7,188
2021-07-08,1800.2,234021.0,1803.8,1819.5,1793.5,1802.1,1780.7,1900.5,1784.542857142857,14.80020913617286,-0.10543255091282067,1.0144967939782548,3,7,189
2021-07-09,1810.6,172928.0,1803.2,1813.0,1796.6,1800.2,1763.6,1903.8,1791.2571428571428,14.370555213391583,0.5777135873791694,1.0091283535567184,4,7,190
2021-07-12,1805.9,188154.0,1808.5,1811.0,1791.0,1810.6,1771.6,1898.5,1796.1571428571428,12.240759391250217,-0.25958245885341347,1.0111669458403127,0,7,193
2021-07-13,1809.9,227638.0,1806.7,1818.0,1798.7,1805.9,1776.8,1905.3,1800.8857142857144,9.632138663681857,0.2214962068774584,1.0107299716461888,1,7,194
2021-07-14,1825.0,204998.0,1808.3,1831.1,1804.9,1809.9,1783.3,1905.0,1806.8428571428572,9.836133580215094,0.8343002375821751,1.0145160396697877,2,7,195
2021-07-15,1829.0,168788.0,1828.7,1835.0,1820.6,1825.0,1794.2,1909.9,1811.814285714286,11.094958099804497,0.21917808219178436,1.00790948039108,3,7,196
2021-07-16,1815.0,181535.0,1830.7,1832.7,1809.5,1829.0,1802.1,1873.3,1813.6571428571428,10.25180588032419,-0.7654455986878084,1.0128212213318597,4,7,197
2021-07-19,1809.2,247651.0,1811.6,1818.0,1795.0,1815.0,1800.2,1892.0,1814.9428571428573,8.734959862978904,-0.31955922865013475,1.0128133704735376,0,7,200
2021-07-20,1811.4,216747.0,1813.5,1825.9,1805.2,1809.2,1810.6,1898.8,1815.0571428571427,8.67368763221191,0.12160070749502871,1.011466873476623,1,7,201
2021-07-21,1807.4,64012.0,1814.7,1818.1,1798.3,1811.4,1805.9,1894.4,1815.2714285714285,8.424708557810387,-0.2208236722976653,1.0110103987098926,2,7,202
2021-07-22,1809.2,53343.0,1807.8,1812.3,1796.0,1807.4,1809.9,1895.5,1815.1714285714286,8.50288466447575,0.09959057209250055,1.0090757238307348,3,7,203
2021-07-23,1805.9,88214.0,1811.5,1814.5,1793.1,1809.2,1825.0,1896.4,1812.4428571428573,7.863811023152132,-0.18240106124253197,1.011934638335843,4,7,204
2021-07-26,1803.4,81390.0,1806.4,1816.1,1800.2,1805.9,1829.0,1879.6,1808.7857142857142,3.7649384992430313,-0.13843512929840873,1.008832351960893,0,7,207
2021-07-27,1804.0,76707.0,1801.5,1809.5,1796.9,1803.4,1815.0,1865.9,1807.2142857142858,2.9452948754038673,0.03327048907617591,1.0070120763537203,1,7,208
2021-07-28,1804.6,195298.0,1802.4,1813.9,1795.6,1804.0,1809.2,1856.4,1806.5571428571427,2.9415739224392365,0.0332594235033179,1.0101915794163512,2,7,209
2021-07-29,1835.8,204918.0,1811.5,1837.5,1810.9,1804.6,1811.4,1861.4,1810.042857142857,11.536587759869853,1.7289149950127536,1.0146888287591804,3,7,210
2021-07-30,1817.2,152236.0,1832.5,1835.5,1813.1,1835.8,1807.4,1774.8,1811.4428571428573,11.754978681726632,-1.013182263863166,1.0123545309139044,4,7,211
2021-08-02,1822.2,157414.0,1817.0,1823.2,1808.2,1817.2,1809.2,1769.0,1813.3,12.353272171034659,0.2751485802333198,1.0082955425284814,0,8,214
2021-08-03,1814.1,101460.0,1816.8,1818.2,1809.5,1822.2,1805.9,1782.9,1814.4714285714285,11.915635985993719,-0.44451761606849605,1.0048079579994473,1,8,215
2021-08-04,1814.5,237140.0,1813.7,1835.9,1808.3,1814.1,1803.4,1777.4,1816.0571428571427,10.89125905521733,0.02204950113005033,1.0152629541558371,2,8,216
2021-08-05,1808.9,166287.0,1814.9,1817.9,1799.7,1814.5,1804.0,1783.4,1816.757142857143,10.117123626531438,-0.30862496555524865,1.0101127965772074,3,8,217
2021-08-06,1763.1,305778.0,1806.7,1807.0,1759.5,1808.9,1804.6,1776.7,1810.8285714285714,22.728082063474677,-2.531925479573227,1.0269963057686844,4,8,218
2021-08-09,1726.5,282388.0,1765.0,1765.7,1677.9,1763.1,1835.8,1777.8,1795.2142857142858,36.241064580156404,-2.075889059043723,1.052327313904285,0,8,221
2021-08-10,1731.7,178253.0,1732.0,1739.4,1718.5,1726.5,1817.2,1780.7,1783.0,41.60701062719622,0.3011873732985837,1.0121617689845797,1,8,222
2021-08-11,1753.3,181306.0,1730.4,1756.7,1724.6,1731.7,1822.2,1763.6,1773.1571428571426,38.846143401129616,1.2473292140670944,1.0186130117128611,2,8,223
2021-08-12,1751.8,133990.0,1752.9,1759.6,1742.6,1753.3,1814.1,1771.6,1764.257142857143,34.831683715755794,-0.08555295728055468,1.009755537702284,3,8,224
2021-08-13,1778.2,140689.0,1754.4,1781.9,1753.0,1751.8,1814.5,1776.8,1759.0714285714287,28.170002620115227,1.5070213494691176,1.0164860239589275,4,8,225
2021-08-16,1789.8,133821.0,1780.9,1791.3,1772.0,1778.2,1808.9,1783.3,1756.3428571428572,22.98744999213925,0.652345068046345,1.0108916478555305,0,8,228
2021-08-17,1787.8,142476.0,1789.1,1797.6,1782.1,1789.8,1763.1,1794.2,1759.8714285714286,25.907766807477508,-0.11174432897530506,1.0086976039503956,1,8,229
2021-08-18,1784.4,131190.0,1787.8,1795.7,1778.8,1787.8,1726.5,1802.1,1768.142857142857,22.49576679750646,-0.19017787224521188,1.0095007870474477,2,8,230
2021-08-19,1783.1,147534.0,1789.5,1795.0,1774.6,1784.4,1731.7,1800.2,1775.4857142857143,16.096420779261727,-0.07285362026452358,1.011495548292573,3,8,231
2021-08-20,1784.0,106495.0,1782.8,1791.0,1780.0,1783.1,1753.3,1810.6,1779.8714285714286,12.911327621537483,0.05047389378050049,1.006179775280899,4,8,232
2021-08-23,1806.3,150238.0,1781.2,1809.1,1778.0,1784.0,1751.8,1805.9,1787.6571428571426,9.003306270911496,1.2499999999999956,1.0174915635545556,0,8,235
2021-08-24,1808.5,112953.0,1807.6,1812.2,1802.6,1806.3,1778.2,1809.9,1791.9857142857145,10.802689259458285,0.12179593644465747,1.0053256407411517,1,8,236
2021-08-25,1791.0,160525.0,1805.1,1805.3,1784.0,1808.5,1789.8,1825.0,1792.1571428571426,10.771700135440286,-0.96765275089854,1.011939461883408,2,8,237
2021-08-26,1795.2,131078.0,1793.0,1800.4,1781.3,1791.0,1787.8,1829.0,1793.2142857142858,10.63507225659913,0.23450586264657236,1.0107225060349183,3,8,238
2021-08-27,1819.5,198760.0,1795.2,1821.9,1785.2,1795.2,1784.4,1815.0,1798.2285714285715,13.63741352373612,1.3536096256684393,1.0205579206811561,4,8,239
2021-08-30,1812.2,102579.0,1821.6,1826.5,1810.0,1819.5,1783.1,1809.2,1802.3857142857144,12.657201977652981,-0.4012091233855375,1.0091160220994475,0,8,242
2021-08-31,1818.1,162209.0,1812.2,1821.9,1803.4,1812.2,1784.0,1811.4,1807.2571428571428,10.832183089042633,0.32557112901445695,1.0102584007984918,1,8,243
2021-09-01,1816.0,138802.0,1816.7,1822.7,1810.6,1818.1,1806.3,1807.4,1808.642857142857,11.299683939881279,-0.11550519773388945,1.0066828675577157,2,9,244
2021-09-02,1811.5,111099.0,1816.2,1819.6,1806.5,1816.0,1808.5,1809.2,1809.0714285714287,11.350141597533879,-0.24779735682819437,1.0072515914752282,3,9,245
2021-09-03,1833.7,181932.0,1811.5,1836.9,1810.9,1811.5,1791.0,1805.9,1815.1714285714286,11.492564884194245,1.2255037261937662,1.0143575017946878,4,9,246
2021-09-07,1798.5,248598.0,1833.5,1833.5,1793.7,1833.7,1795.2,1803.4,1815.642857142857,10.567222457891134,-1.919616076784647,1.0221887718124547,1,9,250
2021-09-08,1793.5,158104.0,1796.1,1804.4,1783.1,1798.5,1819.5,1804.0,1811.9285714285713,13.221537263775621,-0.27800945232138163,1.0119454881947172,2,9,251
2021-09-09,1800.0,152037.0,1790.9,1803.4,1785.1,1793.5,1812.2,1804.6,1810.185714285714,13.963097623251457,0.3624198494563746,1.0102515265251248,3,9,252
2021-09-10,1792.1,134148.0,1796.2,1806.0,1788.2,1800.0,1818.1,1835.8,1806.4714285714288,14.931478413653283,-0.43888888888888866,1.009954143831786,4,9,253
2021-09-13,1794.4,110870.0,1789.8,1800.2,1784.4,1792.1,1816.0,1817.2,1803.3857142857141,14.865892570010686,0.12834105239662996,1.0088545169244563,0,9,256
2021-09-14,1807.1,193835.0,1794.8,1810.6,1780.6,1794.4,1811.5,1822.2,1802.757142857143,14.5553950069333,0.7077574676772169,1.016848253397731,1,9,257
2021-09-15,1794.8,137513.0,1806.6,1808.5,1791.7,1807.1,1833.7,1814.1,1797.2,5.177515491525356,-0.6806485529301076,1.0093765697382373,2,9,258
2021-09-16,1756.7,243613.0,1795.5,1797.3,1745.5,1794.8,1798.5,1814.5,1791.2285714285715,16.071684653991536,-2.1227991976821903,1.029676310512747,3,9,259
2021-09-17,1751.4,180673.0,1754.6,1767.8,1747.1,1756.7,1793.5,1808.9,1785.2142857142858,21.90033702715651,-0.3017020549894611,1.011848205597848,4,9,260
2021-09-20,1763.8,150573.0,1754.2,1768.4,1742.3,1751.4,1800.0,1763.1,1780.042857142857,22.100140055539356,0.7080050245517722,1.0149801985880733,0,9,263
2021-09-21,1778.2,139900.0,1765.5,1782.8,1758.3,1763.8,1792.1,1726.5,1778.0571428571427,21.451173794016878,0.816419095135501,1.0139339134391174,1,9,264
2021-09-22,1778.8,169937.0,1775.0,1788.4,1764.6,1778.2,1794.4,1731.7,1775.8285714285714,20.246869246477747,0.03374198627825731,1.0134874759152217,2,9,265
2021-09-23,1749.8,220098.0,1769.2,1777.1,1737.5,1778.8,1807.1,1753.3,1767.642857142857,16.78370808674559,-1.6303125702720966,1.0227913669064748,3,9,266
2021-09-24,1751.7,147736.0,1743.7,1758.0,1740.2,1749.8,1794.8,1751.8,1761.4857142857145,12.526296149952376,0.10858383815293138,1.0102287093437536,4,9,267
2021-09-27,1752.0,135811.0,1751.8,1760.9,1744.7,1751.7,1756.7,1778.2,1760.814285714286,12.94455208068797,0.017126220243190993,1.009285263942225,0,9,270
2021-09-28,1737.5,211821.0,1750.0,1754.3,1727.8,1752.0,1751.4,1789.8,1758.8285714285714,15.452584927790864,-0.8276255707762581,1.0153374233128833,1,9,271
2021-09-29,1722.9,175420.0,1734.0,1746.0,1721.1,1737.5,1763.8,1787.8,1752.9857142857145,20.24791582450609,-0.8402877697841649,1.0144674917204115,2,9,272
2021-09-30,1757.0,237967.0,1726.0,1765.0,1721.8,1722.9,1778.2,1784.4,1749.957142857143,17.204733567859627,1.97922108073596,1.0250900220699268,3,9,273
2021-10-01,1758.4,148890.0,1757.2,1765.2,1749.9,1757.0,1778.8,1783.1,1747.0428571428572,12.622315839061667,0.07968127490041166,1.0087433567632436,4,10,274
2021-10-04,1767.6,163944.0,1762.6,1771.5,1747.7,1758.4,1749.8,1784.0,1749.5857142857144,14.864210772958646,0.52320291173793,1.0136178978085484,0,10,277
2021-10-05,1760.9,150083.0,1770.8,1771.1,1748.6,1767.6,1751.7,1806.3,1750.9,15.47643369766378,-0.3790450328128414,1.0128674368065882,1,10,278
2021-10-06,1761.8,156675.0,1760.5,1765.9,1745.4,1760.9,1752.0,1808.5,1752.2999999999997,16.02602050827096,0.05111022772446017,1.011745158702876,2,10,279
2021-10-07,1759.2,143881.0,1763.8,1767.7,1752.0,1761.8,1737.5,1791.0,1755.3999999999999,14.732616875429823,-0.14757634237710926,1.0089611872146118,3,10,280
2021-10-08,1757.4,234810.0,1757.0,1782.4,1753.6,1759.2,1722.9,1795.2,1760.3285714285714,3.651809727235614,-0.10231923601636828,1.0164233576642336,4,10,281
2021-10-11,1755.7,113114.0,1757.4,1761.1,1749.9,1757.4,1757.0,1819.5,1760.142857142857,3.8755030393152023,-0.0967338113121663,1.0064003657351848,0,10,284
2021-10-12,1759.3,165367.0,1753.6,1770.0,1750.5,1755.7,1758.4,1812.2,1760.2714285714285,3.8226144130161854,0.20504642023124742,1.0111396743787489,1,10,285
2021-10-13,1794.7,292440.0,1760.4,1797.4,1757.9,1759.3,1767.6,1818.1,1764.142857142857,13.628261951098429,2.012163928835342,1.0224699926048126,2,10,286
2021-10-14,1797.9,160575.0,1793.6,1801.9,1787.6,1794.7,1760.9,1816.0,1769.4285714285713,18.474461136497855,0.17830278040897873,1.007999552472589,3,10,287
2021-10-15,1768.3,199306.0,1797.3,1797.7,1765.1,1797.9,1761.8,1811.5,1770.357142857143,18.188261520582884,-1.646365203848943,1.0184692085434255,4,10,288
2021-10-18,1765.7,151275.0,1767.5,1772.5,1760.3,1768.3,1759.2,1833.7,1771.2857142857142,17.68261185184544,-0.14703387434258364,1.0069306368232689,0,10,291
2021-10-19,1770.5,163590.0,1764.8,1786.0,1763.4,1765.7,1757.4,1798.5,1773.1571428571428,16.62997866728821,0.2718468596024204,1.0128161506181241,1,10,292
2021-10-20,1784.9,171291.0,1769.4,1789.6,1767.1,1770.5,1755.7,1793.5,1777.3285714285714,15.114420739280781,0.8133295679186636,1.012732725935148,2,10,293
2021-10-21,1781.9,136936.0,1782.5,1790.3,1776.8,1784.9,1759.3,1800.0,1780.5571428571432,12.868418336162726,-0.16807664294918867,1.0075979288608734,3,10,294
2021-10-22,1796.3,301766.0,1783.7,1815.5,1783.4,1781.9,1794.7,1792.1,1780.7857142857142,13.172120630447496,0.8081261574723442,1.0179993271279577,4,10,295
2021-10-25,1806.8,148222.0,1794.2,1811.5,1793.0,1796.3,1797.9,1794.4,1782.0571428571427,15.34903440419493,0.5845348772476777,1.0103179029559397,0,10,298
2021-10-26,1793.4,195602.0,1808.7,1809.8,1783.0,1806.8,1768.3,1807.1,1785.642857142857,14.508371967287431,-0.7416426831968082,1.0150308468872686,1,10,299
2021-10-27,1798.8,180196.0,1795.0,1801.0,1784.3,1793.4,1765.7,1794.8,1790.3714285714286,12.123216609081549,0.30110404817664804,1.0093594126548227,2,10,300
2021-10-28,1802.6,216464.0,1798.7,1812.7,1793.1,1798.8,1770.5,1756.7,1794.957142857143,9.030477496116555,0.21125194574160844,1.0109307902515199,3,10,301
2021-10-29,1783.9,248553.0,1801.5,1802.9,1772.4,1802.6,1784.9,1751.4,1794.814285714286,9.221971692816302,-1.0373904360368225,1.017208305122997,4,10,302
2021-11-01,1795.8,140366.0,1785.3,1797.5,1780.2,1783.9,1781.9,1763.8,1796.7999999999997,7.2670489194961405,0.6670777509949932,1.009718009212448,0,11,305
2021-11-02,1789.4,141590.0,1794.8,1797.8,1787.4,1795.8,1796.3,1778.2,1795.814285714286,7.794961742675527,-0.35638712551507856,1.0058185073290813,1,11,306
2021-11-03,1763.9,248047.0,1789.2,1789.3,1758.5,1789.4,1806.8,1778.8,1789.6857142857145,12.906642807862744,-1.4250586788867814,1.0175149274950241,2,11,307
2021-11-04,1793.5,213034.0,1769.9,1800.3,1769.3,1763.9,1793.4,1749.8,1789.7,12.911493587691282,1.6780996655139102,1.0175210535239925,3,11,308
2021-11-05,1816.8,276580.0,1792.6,1820.1,1785.3,1793.5,1798.8,1751.7,1792.2714285714285,16.358251158076605,1.299135768051296,1.0194925222651654,4,11,309
2021-11-08,1828.0,180098.0,1820.6,1828.3,1813.8,1816.8,1802.6,1752.0,1795.8999999999999,21.147261445988963,0.6164685160722216,1.0079942661814973,0,11,312
2021-11-09,1830.8,202363.0,1826.9,1834.8,1821.0,1828.0,1783.9,1737.5,1802.6000000000001,23.954888158057237,0.15317286652078987,1.0075782537067546,1,11,313
2021-11-10,1848.3,323266.0,1834.5,1870.6,1823.0,1830.8,1795.8,1722.9,1810.1000000000001,29.130510923515416,0.9558662879615376,1.0261108063631377,2,11,314
2021-11-11,1863.9,178701.0,1851.5,1868.7,1845.1,1848.3,1789.4,1757.0,1820.742857142857,33.57721733270851,0.8440188281123362,1.0127906346539484,3,11,315
2021-11-12,1868.5,192007.0,1864.3,1871.4,1847.5,1863.9,1763.9,1758.4,1835.685714285714,26.618253672431127,0.2467943559203878,1.012936400541272,4,11,316
2021-11-15,1866.6,208217.0,1872.6,1873.0,1858.5,1868.5,1793.5,1767.6,1846.1285714285714,21.070810321806434,-0.10168584426010208,1.0078019908528384,0,11,319
2021-11-16,1854.1,212495.0,1864.9,1879.5,1851.0,1866.6,1816.8,1760.9,1851.457142857143,16.67581653597121,-0.6696667738133488,1.0153970826580228,1,11,320
2021-11-17,1872.8,30319.0,1854.5,1873.1,1853.8,1854.1,1828.0,1761.8,1857.857142857143,14.64614364971405,1.0085755892346615,1.010411047577948,2,11,321
2021-11-18,1864.0,48241.0,1871.7,1875.9,1859.4,1872.8,1830.8,1759.2,1862.6,8.517041739862004,-0.46988466467321466,1.0088738302678284,3,11,322
2021-11-19,1854.3,61307.0,1863.8,1870.5,1847.0,1864.0,1848.3,1757.4,1863.457142857143,7.005915867423154,-0.5203862660944192,1.0127233351380618,4,11,323
2021-11-22,1809.1,136164.0,1850.7,1853.0,1805.3,1854.3,1863.9,1755.7,1855.6285714285714,21.679461423604995,-2.437577522515233,1.0264222012961834,0,11,326
2021-11-23,1786.3,146754.0,1808.7,1815.2,1784.3,1809.1,1868.5,1759.3,1843.8857142857144,32.902655848779986,-1.2602951743961088,1.0173177156307796,1,11,327
2021-11-24,1786.9,101304.0,1792.3,1798.8,1780.2,1786.3,1866.6,1794.7,1832.5,37.23685450372781,0.033588982813648194,1.010448264239973,2,11,328
2021-11-26,1788.1,173605.0,1792.3,1819.3,1781.6,1786.9,1854.1,1797.9,1823.0714285714287,39.162086864944854,0.0671554088085502,1.0211607543780872,4,11,330
2021-11-29,1785.2,145347.0,1795.2,1801.5,1782.0,1788.1,1872.8,1768.3,1810.5571428571427,34.319763846428195,-0.162183323080356,1.010942760942761,0,11,333
2021-11-30,1776.5,234588.0,1786.9,1811.4,1771.2,1785.2,1864.0,1765.7,1798.0571428571427,26.699179584297504,-0.48734035402195897,1.0226964769647697,1,11,334
2021-12-01,1784.3,172176.0,1777.4,1795.7,1773.7,1776.5,1854.3,1770.5,1788.0571428571427,10.02561006329345,0.4390655783844677,1.012403450414388,2,12,335
2021-12-02,1762.7,164492.0,1783.8,1785.2,1762.2,1784.3,1809.1,1784.9,1781.4285714285713,9.089318691962154,-1.2105587625399261,1.0130518669844513,3,12,336
2021-12-03,1783.9,170092.0,1769.4,1788.0,1766.0,1762.7,1786.3,1781.9,1781.0857142857142,8.918600146310308,1.2027004027911792,1.0124575311438277,4,12,337
2021-12-06,1779.5,99840.0,1787.7,1789.0,1776.4,1783.9,1786.9,1796.3,1780.0285714285715,8.54531339101825,-0.2466505970065591,1.0070929970727314,0,12,340
2021-12-07,1784.7,124583.0,1779.5,1789.3,1772.4,1779.5,1788.1,1806.8,1779.542857142857,8.094824919324967,0.2922169148637188,1.0095350936583163,1,12,341
2021-12-08,1785.5,106555.0,1785.1,1794.3,1780.1,1784.7,1785.2,1793.4,1779.5857142857144,8.130483497498524,0.04482546086177486,1.0079770799393293,2,12,342
2021-12-09,1776.7,121045.0,1784.3,1788.4,1773.3,1785.5,1776.5,1798.8,1779.6142857142859,8.118174788897802,-0.4928591430971685,1.0085151976540914,3,12,343
2021-12-10,1784.8,140032.0,1776.3,1791.0,1770.4,1776.7,1784.3,1802.6,1779.685714285714,8.168318588899606,0.4559013902178055,1.0116357885223677,4,12,344
2021-12-13,1788.3,103999.0,1784.2,1792.8,1782.2,1784.8,1762.7,1783.9,1783.3428571428574,3.9242227011050304,0.19610040340654056,1.0059477050836045,0,12,347
2021-12-14,1772.3,148182.0,1787.6,1789.8,1766.1,1788.3,1783.9,1795.8,1781.685714285714,5.698078205538707,-0.8947044679304406,1.0134193986750468,1,12,348
2021-12-15,1764.5,158071.0,1771.9,1781.3,1753.0,1772.3,1779.5,1789.4,1779.542857142857,8.69134764049043,-0.44010607684928926,1.0161437535653166,2,12,349
2021-12-16,1798.2,164102.0,1777.9,1800.7,1775.7,1764.5,1784.7,1763.9,1781.4714285714285,11.170603428227196,1.9098894871068417,1.0140789547783973,3,12,350
2021-12-17,1804.9,152640.0,1801.5,1815.7,1796.5,1798.2,1785.5,1793.5,1784.2428571428572,14.303828991143341,0.37259481703926234,1.0106874478151961,4,12,351
2021-12-20,1794.6,104146.0,1800.2,1804.6,1789.0,1804.9,1776.7,1816.8,1786.7999999999997,14.33061989814197,-0.5706687351099915,1.0087199552822805,0,12,354
2021-12-21,1788.7,131120.0,1791.4,1801.7,1785.0,1794.6,1784.8,1828.0,1787.357142857143,14.315708987258763,-0.32876406998773033,1.0093557422969188,1,12,355
2021-12-22,1802.2,107201.0,1789.4,1806.3,1785.8,1788.7,1788.3,1830.8,1789.3428571428574,15.391865507724779,0.7547380779336921,1.0114794489864487,2,12,356
2021-12-23,1811.7,101178.0,1805.6,1812.0,1799.0,1802.2,1772.3,1848.3,1794.9714285714285,15.32467664533565,0.5271335034957358,1.0072262367982212,3,12,357
2021-12-27,1808.8,80323.0,1810.2,1814.6,1803.6,1811.7,1764.5,1863.9,1801.3,8.07712820242456,-0.16007065187393366,1.006098913284542,0,12,361
2021-12-28,1810.9,97605.0,1812.1,1821.6,1805.5,1808.8,1798.2,1868.5,1803.1142857142859,8.669376865525214,0.11609907120744278,1.0089171974522293,1,12,362
2021-12-29,1805.8,135650.0,1806.6,1808.0,1789.1,1810.9,1804.9,1866.6,1803.242857142857,8.706866474681503,-0.28162791981888313,1.010563970711531,2,12,363
2021-12-30,1814.1,110142.0,1805.6,1818.1,1796.2,1805.8,1794.6,1854.1,1806.0285714285712,8.599557020614442,0.45963008085059265,1.0121924061908472,3,12,364
2021-12-31,1828.6,101324.0,1817.0,1831.4,1815.4,1814.1,1788.7,1872.8,1811.7285714285715,8.420948934105882,0.7992944159638471,1.0088134846314862,4,12,365
2022-01-03,1800.1,163300.0,1830.1,1833.0,1798.2,1828.6,1802.2,1864.0,1811.4285714285713,8.843776396473286,-1.5585693973531711,1.0193526860193527,0,1,3
2022-01-04,1814.6,162124.0,1801.1,1817.2,1798.1,1800.1,1811.7,1854.3,1811.8428571428572,8.926152053075784,0.8055108049552784,1.010622323563762,1,1,4
2022-01-05,1825.1,167651.0,1815.2,1830.7,1808.2,1814.6,1808.8,1809.1,1814.1714285714284,10.054802216726817,0.5786399206436643,1.012443313792722,2,1,5
2022-01-06,1789.2,233180.0,1810.6,1811.6,1785.4,1825.1,1810.9,1786.3,1811.0714285714287,13.857574858207215,-1.9670155059996586,1.0146745827265597,3,1,6
2022-01-07,1797.4,218941.0,1791.0,1798.4,1781.3,1789.2,1805.8,1786.9,1809.8714285714286,14.726587552817927,0.45830538788285136,1.0095997305338797,4,1,7
2022-01-10,1798.8,153934.0,1796.4,1802.0,1789.3,1797.4,1814.1,1788.1,1807.685714285714,15.12442049258479,0.07789028596860703,1.007097747722573,0,1,10
2022-01-11,1818.5,165152.0,1801.3,1823.1,1799.7,1798.8,1828.6,1785.2,1806.242857142857,13.149506599410588,1.095174560818335,1.013002167027838,1,1,11
2022-01-12,1827.3,173549.0,1821.3,1828.2,1814.4,1818.5,1800.1,1776.5,1810.1285714285714,14.930027270040243,0.4839153148199049,1.00760582010582,2,1,12
2022-01-13,1821.4,197305.0,1825.7,1828.3,1811.8,1827.3,1814.6,1784.3,1811.1000000000001,15.480525400163314,-0.32288075302358,1.009106965448725,3,1,13
2022-01-14,1816.5,164913.0,1822.1,1829.3,1814.2,1821.4,1825.1,1762.7,1809.8714285714286,14.494103891495973,-0.26902382782475476,1.008323227869033,4,1,14
2022-01-18,1812.4,347305.0,1818.7,1822.9,1804.7,1816.5,1789.2,1783.9,1813.185714285714,11.274370428980493,-0.22570878062206923,1.0100847786335678,1,1,18
2022-01-19,1845.5,84788.0,1816.4,1846.1,1811.6,1812.4,1797.4,1779.5,1820.0571428571427,14.301381884558747,1.8263076583535653,1.019043939059395,2,1,19
2022-01-20,1844.9,78202.0,1842.9,1850.8,1838.4,1845.5,1798.8,1784.7,1826.642857142857,13.471433621111169,-0.03251151449471523,1.0067449956483898,3,1,20
2022-01-21,1834.1,66596.0,1842.6,1845.8,1830.6,1844.9,1818.5,1785.5,1828.8714285714286,13.187205198633535,-0.5853975825248048,1.0083032885392769,4,1,21
2022-01-24,1844.2,100586.0,1838.3,1847.2,1831.9,1834.1,1827.3,1776.7,1831.2857142857142,14.347523429843944,0.5506788070443358,1.0083519842786177,0,1,24
2022-01-25,1855.0,71595.0,1846.0,1856.7,1836.8,1844.2,1821.4,1784.8,1836.0857142857144,16.012851981141026,0.5856197809348096,1.0108340592334495,1,1,25
2022-01-26,1832.0,146441.0,1850.7,1852.6,1816.4,1855.0,1816.5,1788.3,1838.3,13.767352686646367,-1.2398921832884047,1.0199295309403213,2,1,26
2022-01-27,1795.0,198030.0,1821.4,1823.8,1792.7,1832.0,1812.4,1772.3,1835.814285714286,19.57067777492468,-2.019650655021832,1.017348134099403,3,1,27
2022-01-28,1786.6,211839.0,1799.6,1800.3,1780.6,1795.0,1845.5,1764.5,1827.4,26.238330739558908,-0.4679665738161587,1.0110636863978435,4,1,28
2022-01-31,1796.4,134623.0,1792.8,1800.9,1785.8,1786.6,1844.9,1798.2,1820.4714285714288,27.231765414998574,0.5485279301466583,1.0084555941314817,0,1,31
2022-02-01,1801.5,125228.0,1798.9,1809.7,1796.2,1796.4,1834.1,1804.9,1815.814285714286,27.300087214205323,0.28390113560454733,1.0075158668299744,1,2,32
2022-02-02,1810.3,120057.0,1800.8,1812.0,1794.6,1801.5,1844.2,1794.6,1810.9714285714285,24.263327216552373,0.4884818207049557,1.0096957539284521,2,2,33
2022-02-03,1804.1,168783.0,1807.4,1809.5,1788.5,1810.3,1855.0,1788.7,1803.7,14.553579170262363,-0.3424846710490037,1.0117416829745598,3,2,34
2022-02-04,1807.8,175521.0,1805.4,1815.8,1792.1,1804.1,1832.0,1802.2,1800.242857142857,8.196514938757678,0.20508840973338938,1.0132247084426091,4,2,35
2022-02-07,1821.8,137112.0,1808.0,1824.6,1807.5,1807.8,1795.0,1811.7,1804.0714285714287,11.088389466050096,0.7744219493306836,1.009460580912863,0,2,38
2022-02-08,1827.9,138151.0,1821.5,1829.9,1816.0,1821.8,1786.6,1808.8,1809.9714285714285,11.22938322515938,0.33483368097486643,1.0076541850220264,1,2,39
2022-02-09,1836.6,128735.0,1827.0,1837.1,1825.5,1827.9,1796.4,1810.9,1815.7142857142858,13.232715590657053,0.4759560150992881,1.0063544234456312,2,2,40
2022-02-10,1837.4,221886.0,1834.0,1843.3,1821.8,1836.6,1801.5,1805.8,1820.8428571428572,13.752194629997309,0.043558749863881197,1.0118015149851796,3,2,41
2022-02-11,1842.1,232425.0,1827.0,1867.4,1821.1,1837.4,1810.3,1814.1,1825.3857142857144,14.894006464679304,0.25579623380862504,1.02542419416836,4,2,42
2022-02-14,1869.4,220292.0,1862.2,1876.5,1851.9,1842.1,1804.1,1828.6,1834.7142857142858,19.17467327587617,1.482004234297829,1.0132836546249797,0,2,45
2022-02-15,1856.2,208428.0,1873.8,1881.6,1845.4,1869.4,1807.8,1800.1,1841.6285714285716,16.373832201134327,-0.706108911950365,1.0196163433401972,1,2,46
2022-02-16,1871.5,136348.0,1855.5,1874.6,1851.8,1856.2,1821.8,1814.6,1848.7285714285715,17.102018817016553,0.8242646266566123,1.0123123447456528,2,2,47
2022-02-17,1902.0,251680.0,1872.0,1904.0,1869.7,1871.5,1827.9,1825.1,1859.314285714286,23.71528540632246,1.6297087897408469,1.0183451890677648,3,2,48
2022-02-18,1899.8,155484.0,1901.4,1905.0,1888.0,1902.0,1836.6,1789.2,1868.3428571428572,25.58331859776571,-0.11566771819138122,1.0090042372881356,4,2,49
2022-02-22,1907.4,323210.0,1903.5,1918.3,1889.7,1899.8,1837.4,1797.4,1878.3428571428572,25.14967575287639,0.40004210969577514,1.015134677462031,1,2,53
2022-02-23,1910.4,151417.0,1901.2,1912.9,1891.1,1907.4,1842.1,1798.8,1888.1000000000001,21.766717713028232,0.1572821642025879,1.0115276823013062,2,2,54
2022-02-24,1926.3,409954.0,1911.9,1976.5,1878.6,1910.4,1869.4,1818.5,1896.2285714285715,24.11698670269,0.8322864321608003,1.0521132758437135,3,2,55
2022-02-25,1887.6,220963.0,1906.5,1925.0,1884.4,1926.3,1856.2,1827.3,1900.7142857142858,17.421675060207406,-2.0090328609250974,1.0215453194650816,4,2,56
2022-02-28,1900.7,239416.0,1921.0,1935.2,1892.2,1887.6,1871.5,1821.4,1904.8857142857141,11.872998578151869,0.6940029667302561,1.0227248705210865,0,2,59
2022-03-01,1943.8,215091.0,1908.4,1952.6,1903.0,1900.7,1902.0,1816.5,1910.857142857143,18.718071227423675,2.2675856263481897,1.0260641093011034,1,3,60
2022-03-02,1922.3,221028.0,1945.3,1951.4,1916.0,1943.8,1899.8,1812.4,1914.0714285714287,18.43255401776355,-1.1060808725177451,1.0184759916492694,2,3,61
2022-03-03,1935.9,170994.0,1931.7,1944.6,1923.1,1922.3,1907.4,1845.5,1918.142857142857,19.80949748163556,0.7074858242730242,1.0111798658416098,3,3,62
2022-03-04,1966.6,228205.0,1938.5,1974.9,1931.5,1935.9,1910.4,1844.9,1926.1714285714284,26.430519876671667,1.5858257141381227,1.0224695832254724,4,3,63
2022-03-07,1995.9,345526.0,1978.5,2007.5,1964.2,1966.6,1926.3,1834.1,1936.1142857142856,37.33065891779673,1.4898810129156947,1.0220445983097444,0,3,66
2022-03-08,2043.3,413624.0,2001.0,2078.8,1985.8,1995.9,1887.6,1844.2,1958.357142857143,48.36217037942311,2.374868480384773,1.0468325108268708,1,3,67
2022-03-09,1988.2,329822.0,2060.2,2068.5,1981.0,2043.3,1900.7,1855.0,1970.857142857143,41.84474706748401,-2.6966182156315743,1.0441696113074206,2,3,68
2022-03-10,2000.4,279944.0,1992.8,2015.1,1975.0,1988.2,1943.8,1832.0,1978.9428571428568,41.20869071537047,0.6136203601247336,1.0203037974683544,3,3,69
2022-03-11,1985.0,234258.0,2000.3,2004.0,1960.6,2000.4,1922.3,1795.0,1987.8999999999999,32.801422733354386,-0.7698460307938415,1.0221360807915945,4,3,70
2022-03-14,1960.8,146870.0,1988.7,1994.8,1952.0,1985.0,1935.9,1786.6,1991.457142857143,27.072240218997052,-1.2191435768261982,1.0219262295081968,0,3,73
2022-03-15,1929.7,208752.0,1953.7,1956.9,1908.1,1960.8,1966.6,1796.4,1986.185714285714,35.116445747023484,-1.5860873113015095,1.02557517949793,1,3,74
2022-03-16,1909.2,188471.0,1920.1,1930.1,1895.2,1929.7,1995.9,1801.5,1973.8,45.01403484839138,-1.0623412965745982,1.0184149430139298,2,3,75
2022-03-17,1948.2,32640.0,1933.4,1955.6,1929.0,1909.2,2043.3,1810.3,1960.2142857142858,33.39333409385171,2.0427404148334327,1.0137895282529807,3,3,76
2022-03-18,1933.9,34050.0,1947.9,1950.9,1922.7,1948.2,1988.2,1804.1,1952.457142857143,32.0902818696722,-0.7340108818396418,1.0146668747074428,4,3,77
2022-03-21,1934.8,46403.0,1927.4,1947.2,1922.2,1933.9,2000.4,1807.8,1943.0857142857142,24.417236300823085,0.04653808366512635,1.0130059307044013,0,3,80
2022-03-22,1926.7,46165.0,1941.0,1944.7,1915.5,1934.8,1985.0,1821.8,1934.7571428571428,16.346952533779653,-0.4186479222658579,1.0152440616027147,1,3,81
2022-03-23,1942.6,48141.0,1926.3,1953.9,1920.7,1926.7,1960.8,1827.9,1932.1571428571428,12.511975216100256,0.8252452379716502,1.0172853647107825,2,3,82
2022-03-24,1967.7,65218.0,1948.9,1972.5,1942.9,1942.6,1929.7,1836.6,1937.5857142857144,18.212946729461986,1.292082775661485,1.0152349580523958,3,3,83
2022-03-25,1959.8,60137.0,1963.2,1970.4,1948.2,1967.7,1909.2,1837.4,1944.814285714286,14.788670051886484,-0.4014839660517411,1.0113951339698184,4,3,84
2022-03-28,1944.7,106563.0,1962.5,1965.2,1920.7,1959.8,1948.2,1842.1,1944.3142857142855,14.714100784742614,-0.7704867843657426,1.0231686364346333,0,3,87
2022-03-29,1918.0,207331.0,1927.2,1934.4,1893.2,1944.7,1933.9,1869.4,1942.042857142857,17.544691233389916,-1.372962410654599,1.021762095922248,1,3,88
2022-03-30,1939.0,133201.0,1924.0,1943.4,1920.1,1918.0,1934.8,1856.2,1942.642857142857,17.326170681226415,1.0948905109489093,1.012134784646633,2,3,89
2022-03-31,1954.0,143756.0,1937.3,1955.0,1923.0,1939.0,1926.7,1871.5,1946.542857142857,16.173626386033348,0.7735946364105128,1.0166406656266251,3,3,90
2022-04-01,1923.7,129770.0,1942.4,1944.5,1921.4,1954.0,1942.6,1902.0,1943.8428571428572,18.369980687931907,-1.5506653019447314,1.0120224836057041,4,4,91
2022-04-04,1934.0,106062.0,1927.1,1941.6,1918.2,1923.7,1967.7,1899.8,1939.0285714285715,15.221773252521405,0.5354265218069365,1.0121989365029715,0,4,94
2022-04-05,1927.5,142736.0,1937.3,1948.9,1920.9,1934.0,1959.8,1907.4,1934.4142857142856,12.53414384405863,-0.33609100310237894,1.0145765005986778,1,4,95
2022-04-06,1923.1,149065.0,1927.6,1937.6,1916.2,1927.5,1944.7,1910.4,1931.3285714285716,12.235156215506034,-0.2282749675745821,1.0111679365410708,2,4,96
2022-04-07,1937.8,119672.0,1928.1,1941.7,1923.3,1923.1,1918.0,1926.3,1934.1571428571428,10.850630879123191,0.7643908273100797,1.0095668902407322,3,4,97
2022-04-08,1945.6,138521.0,1934.3,1952.2,1930.4,1937.8,1939.0,1887.6,1935.1000000000001,11.602298622778394,0.4025183197440274,1.011292996270203,4,4,98
2022-04-11,1948.2,179115.0,1949.6,1974.6,1942.9,1945.6,1954.0,1900.7,1934.2714285714287,10.142930918518514,0.13363486842106198,1.0163158165628698,0,4,101
2022-04-12,1976.1,167267.0,1957.4,1982.7,1953.0,1948.2,1923.7,1943.8,1941.7571428571428,17.620523747654538,1.4320911610717468,1.0152073732718894,1,4,102
2022-04-13,1984.7,128353.0,1970.5,1985.8,1966.3,1976.1,1934.0,1922.3,1949.0,23.37947818063551,0.4352006477404968,1.0099171031887302,2,4,103
2022-04-14,1974.9,136906.0,1981.6,1984.0,1962.7,1984.7,1927.5,1935.9,1955.7714285714285,22.975328382517993,-0.4937773970877135,1.0108523972079277,3,4,104
2022-04-18,1986.4,135491.0,1978.5,2003.0,1974.4,1974.9,1923.1,1966.6,1964.8142857142855,20.270950361792664,0.5823079649602603,1.0144854132901133,0,4,108
2022-04-19,1959.0,176033.0,1981.2,1985.1,1945.5,1986.4,1937.8,1995.9,1967.8428571428572,16.858712598387427,-1.3793797825211507,1.0203546646106398,1,4,109
2022-04-20,1955.6,136017.0,1952.7,1960.9,1941.0,1959.0,1945.6,2043.3,1969.2714285714285,14.97861968333147,-0.17355793772333428,1.010252447192169,2,4,110
2022-04-21,1948.2,149700.0,1960.0,1960.1,1938.0,1955.6,1948.2,1988.2,1969.2714285714287,14.97861968333147,-0.37840049089792327,1.0114035087719297,3,4,111
2022-04-22,1934.3,172335.0,1953.1,1957.8,1928.0,1948.2,1976.1,2000.4,1963.3,19.46329879539517,-0.7134791089210557,1.0154564315352697,4,4,112
2022-04-25,1896.0,222175.0,1931.9,1935.5,1891.8,1934.3,1984.7,1985.0,1950.6285714285714,29.496593830777517,-1.9800444605283518,1.02309969341368,0,4,115
2022-04-26,1904.1,159198.0,1899.8,1912.2,1896.3,1896.0,1974.9,1960.8,1940.5142857142857,31.832919468744397,0.4272151898734089,1.0083847492485367,1,4,116
2022-04-27,1888.7,168759.0,1907.4,1908.1,1881.6,1904.1,1986.4,1929.7,1926.5571428571432,29.708632704007847,-0.8087810514153637,1.0140837585034013,2,4,117
2022-04-28,1891.3,166979.0,1886.8,1897.8,1870.9,1888.7,1959.0,1909.2,1916.8857142857144,28.37660001780003,0.13766082490600517,1.0143781067935218,3,4,118
2022-04-29,1911.7,169590.0,1895.8,1921.3,1893.5,1891.3,1955.6,1948.2,1910.6142857142856,22.67218770292958,1.0786231692486714,1.0146818061790335,4,4,119
2022-05-02,1863.6,186052.0,1896.2,1900.4,1853.4,1911.7,1948.2,1933.9,1898.5285714285712,21.830308769029134,-2.5160851598054146,1.025358800043164,0,5,122
2022-05-03,1870.6,161150.0,1863.6,1878.4,1849.7,1863.6,1934.3,1934.8,1889.4285714285713,17.224567172631065,0.37561708521141046,1.0155160296264258,1,5,123
2022-05-04,1868.8,155972.0,1868.3,1892.0,1861.1,1870.6,1896.0,1926.7,1885.542857142857,18.51475601986032,-0.09622580990056306,1.0166030841975175,2,5,124
2022-05-05,1875.7,212206.0,1884.1,1910.7,1872.3,1868.8,1904.1,1942.6,1881.4857142857143,16.803117624522073,0.3692208904109595,1.0205095337285692,3,5,125
2022-05-06,1882.8,165627.0,1877.5,1894.0,1865.0,1875.7,1888.7,1967.7,1880.642857142857,16.52663074580798,0.3785253505357966,1.0155495978552278,4,5,126
2022-05-09,1858.6,194520.0,1883.7,1885.6,1851.0,1882.8,1891.3,1959.8,1875.9714285714285,17.59893124457109,-1.2853197365625735,1.0186925985953539,0,5,129
2022-05-10,1841.0,235122.0,1853.9,1864.7,1834.5,1858.6,1911.7,1944.7,1865.8714285714284,13.482916880920147,-0.9469493166899823,1.0164622512946306,1,5,130
2022-05-11,1853.7,219335.0,1836.6,1857.8,1830.6,1841.0,1863.6,1918.0,1864.457142857143,14.257846628258534,0.689842476914726,1.0148585163334427,2,5,131
2022-05-12,1824.6,230455.0,1852.3,1858.8,1820.1,1853.7,1870.6,1939.0,1857.8857142857144,20.282539993062436,-1.5698333063602576,1.0212625679907699,3,5,132
2022-05-13,1808.2,172127.0,1821.4,1827.6,1797.2,1824.6,1868.8,1954.0,1849.2285714285715,26.74949932773423,-0.898827140195102,1.016915201424438,4,5,133
2022-05-16,1814.0,156521.0,1809.4,1826.0,1785.0,1808.2,1875.7,1923.7,1840.4142857142856,26.73851333258501,0.3207609777679421,1.02296918767507,0,5,136
2022-05-17,1818.9,134758.0,1823.9,1834.8,1811.0,1814.0,1882.8,1934.0,1831.2857142857142,19.885876778176524,0.2701212789415708,1.0131419105466593,1,5,137
2022-05-18,1822.4,33301.0,1820.2,1829.3,1811.7,1818.9,1858.6,1927.5,1826.1142857142859,15.907904593947993,0.19242399252294984,1.0097146326654522,2,5,138
2022-05-19,1847.8,36782.0,1821.3,1854.5,1814.9,1822.4,1841.0,1923.1,1827.0857142857144,17.129159209862532,1.3937664618085988,1.0218193839880985,3,5,139
2022-05-20,1848.4,40522.0,1847.4,1854.0,1837.3,1847.8,1853.7,1937.8,1826.3285714285714,15.824107587826358,0.032471046650073276,1.009089424699287,4,5,140
2022-05-23,1853.9,57586.0,1850.9,1870.4,1849.7,1848.4,1824.6,1945.6,1830.514285714286,18.87223962782773,0.29755464185241554,1.011191003946586,0,5,143
2022-05-24,1871.4,69225.0,1858.6,1875.0,1853.9,1853.9,1808.2,1948.2,1839.5428571428572,21.370061389903572,0.9439559846809331,1.011381412158153,1,5,144
2022-05-25,1852.5,95996.0,1871.2,1872.7,1845.0,1871.4,1814.0,1976.1,1845.0428571428572,18.456151381267063,-1.009939083039435,1.0150135501355013,2,5,145
2022-05-26,1853.9,88345.0,1857.9,1859.0,1842.5,1852.5,1818.9,1984.7,1850.0428571428572,14.51308112732256,0.07557354925775694,1.008955223880597,3,5,146
2022-05-27,1857.3,119997.0,1855.1,1866.9,1851.9,1853.9,1822.4,1974.9,1855.0285714285712,7.940552937365476,0.1833971627380082,1.0080997894054755,4,5,147
2022-05-31,1848.4,191376.0,1856.5,1867.9,1837.6,1857.3,1847.8,1986.4,1855.1142857142859,7.852266885226029,-0.47919022236578845,1.0164888985633436,1,5,151
2022-06-01,1848.7,152568.0,1840.0,1853.0,1830.2,1848.4,1848.4,1959.0,1855.1571428571428,7.810219190793929,0.01623025319195115,1.0124576549011037,2,6,152
2022-06-02,1871.4,123196.0,1849.9,1874.4,1846.5,1848.7,1853.9,1955.6,1857.657142857143,9.869964056414515,1.2278898685562867,1.0151096669374493,3,6,153
2022-06-03,1850.2,110502.0,1872.6,1878.6,1849.7,1871.4,1871.4,1948.2,1854.6285714285714,8.031544950035196,-1.1328417227743914,1.0156241552684218,4,6,154
2022-06-06,1843.7,95742.0,1853.7,1861.2,1843.0,1850.2,1852.5,1934.3,1853.3714285714286,9.045019676656425,-0.3513133715274064,1.009875203472599,0,6,157
2022-06-07,1852.1,115125.0,1843.5,1858.2,1838.5,1843.7,1853.9,1896.0,1853.1142857142856,9.05307103897987,0.4556055757444222,1.0107152570029916,1,6,158
2022-06-08,1856.5,110022.0,1855.0,1862.4,1846.6,1852.1,1857.3,1904.1,1853.0,8.996295533832471,0.23756816586577578,1.0085562655691542,2,6,159
2022-06-09,1852.8,123946.0,1855.1,1857.8,1841.9,1856.5,1848.4,1888.7,1853.6285714285714,8.772250620627648,-0.19929975760840657,1.008632390466366,3,6,160
2022-06-10,1875.5,258683.0,1850.4,1879.6,1826.5,1852.8,1848.7,1891.3,1857.457142857143,11.641714813902974,1.225172711571676,1.0290719956200383,4,6,161
2022-06-13,1831.8,243512.0,1879.0,1882.5,1819.0,1875.5,1871.4,1911.7,1851.7999999999997,13.247892914172686,-2.3300453212476646,1.0349092908191313,0,6,164
2022-06-14,1813.5,155376.0,1820.9,1833.3,1806.1,1831.8,1850.2,1863.6,1846.5571428571427,19.684838255408017,-0.9990173599737973,1.0150600741930127,1,6,165
2022-06-15,1819.6,198265.0,1809.7,1845.4,1808.4,1813.5,1843.7,1870.6,1843.1142857142856,22.2130163471063,0.3363661428177567,1.0204600752046007,2,6,166
2022-06-16,1849.9,173720.0,1835.8,1860.2,1816.3,1819.6,1852.1,1868.8,1842.8,22.079855071959074,1.6652011431083746,1.0241700159665255,3,6,167
2022-06-17,1840.6,137967.0,1859.3,1861.5,1836.1,1849.9,1856.5,1875.7,1840.5285714285712,21.237365992147655,-0.5027298772906752,1.0138336691901313,4,6,168
2022-06-21,1838.8,171831.0,1840.6,1848.4,1830.7,1840.6,1852.8,1882.8,1838.5285714285712,20.53677305756098,-0.09779419754427643,1.0096684328398973,1,6,172
2022-06-22,1838.4,142428.0,1834.9,1850.3,1824.5,1838.8,1875.5,1858.6,1833.2285714285715,12.695499765051652,-0.02175331738089037,1.0141408605097286,2,6,173
2022-06-23,1829.8,159259.0,1839.7,1829.1,1824.0,1838.4,1831.8,1841.0,1832.9428571428573,12.755372350826764,-0.46779808529155975,1.002796052631579,3,6,174
2022-06-24,1830.3,134283.0,1824.2,1833.7,1817.7,1829.8,1813.5,1853.7,1835.3428571428572,9.702552437798913,0.027325390753096812,1.008802332618144,4,6,175
2022-06-27,1824.8,135496.0,1839.6,1842.8,1821.8,1830.3,1819.6,1824.6,1836.0857142857144,8.409206972329574,-0.3004971862536232,1.011527061148315,0,6,178
2022-06-28,1821.2,103812.0,1823.6,1830.9,1819.1,1824.8,1849.9,1808.2,1831.9857142857143,7.498539540257498,-0.197281893906176,1.006486724204277,1,6,179
2022-06-29,1817.5,147761.0,1821.4,1834.9,1810.7,1821.2,1840.6,1814.0,1828.685714285714,8.131918299934034,-0.20316274983527283,1.0133649969625007,2,6,180
2022-06-30,1807.3,196788.0,1819.2,1826.8,1802.5,1817.5,1838.8,1818.9,1824.1857142857145,10.083555684221622,-0.5612104539202245,1.0134812760055478,3,6,181
2022-07-01,1801.5,238651.0,1808.1,1813.6,1783.4,1807.3,1838.4,1822.4,1818.9142857142856,11.016265031161543,-0.32092071045205506,1.0169339463945273,4,7,182
2022-07-05,1763.9,293094.0,1814.4,1815.2,1763.0,1801.5,1829.8,1847.8,1809.5,22.419559912392504,-2.0871495975575804,1.0296086216676121,1,7,186
2022-07-06,1736.5,249079.0,1764.2,1771.5,1730.7,1763.9,1830.3,1848.4,1796.1000000000001,33.30480445819616,-1.5533760417257292,1.0235742763043856,2,7,187
2022-07-07,1739.7,143028.0,1737.2,1748.2,1734.7,1736.5,1824.8,1853.9,1783.9428571428573,36.46449675791781,0.1842787215663666,1.0077823254741454,3,7,188
2022-07-08,1742.3,166939.0,1738.7,1751.7,1726.0,1739.7,1821.2,1871.4,1772.6714285714286,35.201028123494424,0.149451054779548,1.0148899188876015,4,7,189
2022-07-11,1731.7,151802.0,1741.5,1743.0,1729.0,1742.3,1817.5,1852.5,1760.4142857142858,31.759692933602874,-0.608391207025194,1.008097165991903,0,7,192
2022-07-12,1724.8,230448.0,1731.3,1742.2,1721.6,1731.7,1807.3,1853.9,1748.6285714285714,26.299094679304407,-0.39845238782699743,1.0119656133828998,1,7,193
2022-07-13,1735.5,269477.0,1723.6,1744.3,1704.5,1724.8,1801.5,1857.3,1739.2,12.278300642405393,0.6203617810760731,1.0233499559988266,2,7,194
2022-07-14,1705.8,242301.0,1733.6,1734.8,1695.0,1735.5,1763.9,1848.4,1730.8999999999999,12.435031161947986,-1.7113223854796966,1.023480825958702,3,7,195
2022-07-15,1703.6,172240.0,1708.2,1714.2,1696.6,1705.8,1736.5,1848.7,1726.2,15.7431466570467,-0.12897174346347962,1.010373688553578,4,7,196
2022-07-18,1710.2,144409.0,1706.4,1722.0,1704.4,1703.6,1739.7,1871.4,1721.9857142857143,15.47314109147543,0.38741488612350494,1.0103262145036376,0,7,199
2022-07-19,1728.1,23419.0,1725.2,1734.2,1720.7,1710.2,1742.3,1850.2,1719.957142857143,13.11752735114865,1.0466612092152827,1.0078456442145638,1,7,200
2022-07-20,1717.7,47329.0,1727.0,1730.4,1707.8,1728.1,1731.7,1843.7,1717.9571428571428,12.052780750023254,-0.6018170244777465,1.0132333996955147,2,7,201
2022-07-21,1731.3,56532.0,1711.5,1737.3,1696.1,1717.7,1724.8,1852.1,1718.8857142857144,12.889198135261791,0.7917564184665382,1.024291020576617,3,7,202
2022-07-22,1745.3,70482.0,1735.3,1755.9,1729.8,1731.3,1735.5,1856.5,1720.2857142857142,15.301135967743342,0.8086409056778043,1.0150884495317378,4,7,203
2022-07-25,1737.1,73873.0,1744.0,1752.5,1730.9,1745.3,1705.8,1852.8,1724.757142857143,14.931382738206066,-0.46983326648714074,1.012479057137905,0,7,206
2022-07-26,1735.7,84467.0,1735.9,1744.3,1729.6,1737.1,1703.6,1875.5,1729.3428571428572,11.990253978744489,-0.08059409360428038,1.0084990749306197,1,7,207
2022-07-27,1737.5,114058.0,1733.1,1758.2,1727.0,1735.7,1710.2,1831.8,1733.242857142857,8.719873306120826,0.10370455723915928,1.0180660104226984,2,7,208
2022-07-28,1769.2,186813.0,1751.4,1774.4,1750.4,1737.5,1728.1,1813.5,1739.1142857142856,15.712885218933263,1.824460431654673,1.0137111517367459,3,7,209
2022-07-29,1781.8,136893.0,1773.1,1784.6,1768.4,1769.2,1717.7,1819.6,1748.2714285714285,19.398858581997185,0.712186298892159,1.0091608233431348,4,7,210
2022-08-01,1787.7,131463.0,1782.5,1792.5,1774.3,1781.8,1731.3,1849.9,1756.3285714285714,22.620250093319644,0.33112582781458233,1.0102575663642,0,8,213
2022-08-02,1789.7,169496.0,1789.2,1805.0,1776.0,1787.7,1745.3,1840.6,1762.6714285714286,25.101309015354698,0.11187559433909477,1.0163288288288288,1,8,214
2022-08-03,1776.4,147085.0,1777.3,1789.4,1770.0,1789.7,1737.1,1838.8,1768.2857142857142,22.70972101479981,-0.7431413085992045,1.0109604519774011,2,8,215
2022-08-04,1806.9,146208.0,1782.1,1812.0,1779.4,1776.4,1735.7,1838.4,1778.457142857143,21.60022045739655,1.716955640621487,1.0183207822861637,3,8,216
2022-08-05,1791.2,164173.0,1807.7,1811.6,1780.2,1806.9,1737.5,1829.8,1786.1285714285716,12.05787630351989,-0.868891471581168,1.0176384675879113,4,8,217
2022-08-08,1805.2,101477.0,1790.3,1806.4,1786.9,1791.2,1769.2,1830.3,1791.2714285714285,11.286823333027971,0.7815989280929081,1.0109127539313896,0,8,220
2022-08-09,1812.3,117689.0,1805.5,1817.0,1799.4,1805.2,1781.8,1824.8,1795.6285714285716,12.805950997523878,0.393308220695765,1.009781038123819,1,8,221
2022-08-10,1813.7,151584.0,1811.5,1824.6,1803.3,1812.3,1787.7,1821.2,1799.3428571428572,13.85097555438331,0.07724990343762617,1.011811678589253,2,8,222
2022-08-11,1807.2,115221.0,1807.9,1814.9,1798.6,1813.7,1789.7,1817.5,1801.8428571428574,13.39214410795086,-0.35838341511826854,1.0090626042477484,3,8,223
2022-08-12,1815.5,114600.0,1805.2,1819.1,1799.6,1807.2,1776.4,1807.3,1807.4285714285713,8.133001554427,0.4592740150509034,1.010835741275839,4,8,224
2022-08-15,1798.1,134361.0,1818.9,1818.9,1787.6,1815.5,1806.9,1801.5,1806.1714285714286,8.874629435511448,-0.958413660148727,1.017509509957485,0,8,227
2022-08-16,1789.7,90514.0,1795.5,1798.0,1785.4,1798.1,1791.2,1763.9,1805.9571428571428,9.304095360366262,-0.4671597797675231,1.0070572420746051,1,8,228
2022-08-17,1776.7,134521.0,1790.8,1796.6,1773.9,1789.7,1805.2,1736.5,1801.8857142857144,14.484293628042789,-0.7263787226909568,1.0127966627205591,2,8,229
2022-08-18,1771.2,119686.0,1777.1,1786.3,1768.8,1776.7,1812.3,1739.7,1796.0142857142855,17.562310836087644,-0.3095626723701228,1.0098937132519221,3,8,230
2022-08-19,1762.9,133714.0,1773.1,1773.3,1759.1,1771.2,1813.7,1742.3,1788.757142857143,19.4324348399299,-0.4686088527551924,1.0080723097038258,4,8,231
2022-08-22,1748.4,137883.0,1760.6,1762.1,1740.2,1762.9,1807.2,1731.7,1780.357142857143,22.58449742208396,-0.822508366895458,1.012584760372371,0,8,234
2022-08-23,1761.2,140603.0,1750.0,1767.5,1743.1,1748.4,1815.5,1724.8,1772.6000000000001,17.1809972546781,0.7320979180965415,1.0139980494521257,1,8,235
2022-08-24,1761.5,111405.0,1761.3,1769.5,1754.8,1761.2,1798.1,1735.5,1767.3714285714286,13.245843912373815,0.017033840563240865,1.0083770230225666,2,8,236
2022-08-25,1771.4,114539.0,1764.4,1778.8,1763.0,1761.5,1789.7,1705.8,1764.757142857143,9.33217679901705,0.5620210048254304,1.00896199659671,3,8,237
2022-08-26,1749.8,169654.0,1771.8,1772.3,1746.2,1771.4,1776.7,1703.6,1760.9142857142856,9.130978146033906,-1.219374506040427,1.0149467414958195,4,8,238
2022-08-29,1749.7,151838.0,1748.4,1757.9,1731.4,1749.8,1771.2,1710.2,1757.8428571428574,8.700355767138257,-0.005714938850154283,1.0153055330946055,0,8,241
2022-08-30,1736.3,126018.0,1749.8,1752.8,1732.9,1749.7,1762.9,1728.1,1754.042857142857,11.486348004251587,-0.765845573526891,1.0114836401408043,1,8,242
2022-08-31,1726.2,169549.0,1735.5,1738.0,1720.6,1736.3,1748.4,1717.7,1750.8714285714286,15.62366946711399,-0.5816967113977944,1.0101127513658026,2,8,243
2022-09-01,1709.3,192532.0,1723.0,1723.0,1699.1,1726.2,1761.2,1731.3,1743.4571428571428,21.218298482083135,-0.9790290812188629,1.0140662703784358,3,9,244
2022-09-02,1722.6,171140.0,1707.8,1729.5,1705.9,1709.3,1761.5,1745.3,1737.8999999999999,20.795031457824564,0.7780962967296468,1.0138343396447622,4,9,245
2022-09-06,1712.9,202021.0,1724.2,1737.4,1710.6,1722.6,1771.4,1737.1,1729.542857142857,16.37303241537033,-0.5631022872402025,1.0156670174207882,1,9,249
2022-09-07,1727.8,169690.0,1712.9,1731.2,1701.7,1712.9,1749.8,1735.7,1726.4,13.735598518639238,0.86986981143089,1.0173356055708997,2,9,250
2022-09-08,1720.2,182302.0,1729.5,1739.4,1713.7,1727.8,1749.7,1737.5,1722.185714285714,9.158134557321558,-0.43986572519967293,1.0149967905701114,3,9,251
2022-09-09,1728.6,151576.0,1719.6,1740.5,1719.4,1720.2,1736.3,1769.2,1721.0857142857144,7.490978701300737,0.4883153121729933,1.012271722693963,4,9,252
2022-09-12,1740.6,152588.0,1728.4,1746.4,1722.3,1728.6,1726.2,1781.8,1723.142857142857,10.501723214538037,0.6942034015966714,1.0139929164489347,0,9,255
2022-09-13,1717.4,228966.0,1736.0,1742.9,1706.7,1740.6,1709.3,1787.7,1724.3,9.071016113529309,-1.3328737217051523,1.0212105232319681,1,9,256
2022-09-14,1709.1,159797.0,1711.6,1717.3,1703.3,1717.4,1722.6,1789.7,1722.3714285714286,10.768892590123897,-0.4832886922091606,1.0082193389303118,2,9,257
2022-09-15,1677.3,257001.0,1707.2,1707.8,1668.9,1709.1,1712.9,1776.4,1717.2857142857142,20.234000145876873,-1.860628400912756,1.0233087662532205,3,9,258
2022-09-16,1683.5,209506.0,1673.7,1689.9,1661.9,1677.3,1727.8,1806.9,1710.9571428571428,23.119462013812367,0.36964168604305403,1.0168481858114207,4,9,259
2022-09-19,1678.2,138336.0,1685.4,1688.8,1667.6,1683.5,1720.2,1791.2,1704.957142857143,25.63414761227918,-0.3148203148203077,1.0127128807867594,0,9,262
2022-09-20,1671.1,140765.0,1684.9,1688.8,1668.1,1678.2,1728.6,1805.2,1696.7428571428572,26.00531081288577,-0.423072339411279,1.012409327977939,1,9,263
2022-09-21,1675.7,221902.0,1673.2,1696.9,1661.3,1671.1,1740.6,1812.3,1687.4714285714285,18.144302529563575,0.2752677876847631,1.021429001384458,2,9,264
2022-09-22,1681.1,232407.0,1682.8,1693.5,1663.3,1675.7,1717.4,1813.7,1682.2857142857142,12.462801794542246,0.32225338664437775,1.0181566764865027,3,9,265
2022-09-23,1655.6,236570.0,1680.1,1685.0,1646.6,1681.1,1709.1,1807.2,1674.642857142857,9.27503048376745,-1.5168639581226606,1.0233207822179036,4,9,266
2022-09-26,1633.4,213873.0,1651.0,1657.2,1627.7,1655.6,1677.3,1815.5,1668.3714285714286,17.957144751259268,-1.3409035999033425,1.0181237328746084,0,9,269
2022-09-27,1636.2,192565.0,1629.2,1650.1,1628.7,1633.4,1683.5,1798.1,1661.6142857142856,20.08842357935039,0.1714215746295933,1.0131393135629643,1,9,270
2022-09-28,1670.0,270952.0,1636.5,1671.6,1622.2,1636.2,1678.2,1789.7,1660.4428571428568,19.178534627933146,2.0657621317687225,1.0304524719516706,2,9,271
2022-09-29,1668.6,196633.0,1669.0,1673.1,1649.3,1670.0,1671.1,1776.7,1660.0857142857144,18.969135331815636,-0.08383233532934797,1.014430364397017,3,9,272
2022-09-30,1672.0,173144.0,1669.5,1684.4,1667.5,1668.6,1675.7,1771.2,1659.5571428571427,18.507463102079445,0.20376363418435073,1.0101349325337332,4,9,273
2022-10-03,1702.0,207858.0,1670.5,1710.4,1666.5,1672.0,1681.1,1762.9,1662.542857142857,23.55864010948345,1.7942583732057482,1.0263426342634263,0,10,276
2022-10-04,1730.5,199426.0,1708.4,1738.7,1704.0,1702.0,1655.6,1748.4,1673.242857142857,34.396213800477334,1.6745005875440588,1.0203638497652583,1,10,277
2022-10-05,1720.8,168000.0,1734.4,1736.6,1708.8,1730.5,1633.4,1761.2,1685.7285714285715,33.370581569465095,-0.5605316382548464,1.0162687265917603,2,10,278
2022-10-06,1720.9,134333.0,1725.5,1734.2,1714.8,1720.8,1636.2,1761.5,1697.8285714285716,27.204945278710667,0.005811250581122529,1.0113132726848613,3,10,279
2022-10-07,1709.3,153813.0,1721.0,1722.8,1698.4,1720.9,1670.0,1771.4,1703.4428571428568,24.417129038336512,-0.6740658957522294,1.014366462552991,4,10,280
2022-10-10,1675.2,152626.0,1703.4,1707.4,1672.5,1709.3,1668.6,1749.8,1704.3857142857144,22.92956087462959,-1.9949687006376782,1.0208669656203289,0,10,283
2022-10-11,1686.0,166065.0,1675.6,1691.3,1667.5,1675.2,1672.0,1749.7,1706.3857142857144,20.065677874669678,0.6446991404011504,1.0142728635682159,1,10,284
2022-10-12,1677.5,127689.0,1673.4,1685.1,1668.0,1686.0,1702.0,1736.3,1702.8857142857144,22.895372790952305,-0.5041518386714072,1.010251798561151,2,10,285
2022-10-13,1672.9,127689.0,1672.9,1672.9,1672.9,1677.5,1730.5,1726.2,1694.6571428571428,21.632603260082178,-0.2742175856929929,1.0,3,10,286
2022-10-14,1672.9,127689.0,1672.9,1672.9,1672.9,1672.9,1720.8,1709.3,1687.8142857142855,19.450657964107553,0.0,1.0,4,10,287
2022-10-17,1664.0,144374.0,1649.9,1674.3,1649.1,1672.9,1720.9,1722.6,1679.685714285714,14.605413216910723,-0.532010281547024,1.0152810623976716,0,10,290
2022-10-18,1655.5,144374.0,1655.5,1655.5,1655.5,1664.0,1709.3,1712.9,1672.0,9.784000545037292,-0.5108173076923128,1.0,1,10,291
2022-10-19,1634.2,172551.0,1657.2,1659.8,1632.2,1655.5,1675.2,1727.8,1666.142857142857,17.0919919984424,-1.286620356387791,1.016909692439652,2,10,292
2022-10-20,1636.8,159797.0,1634.6,1650.3,1626.3,1634.2,1686.0,1720.2,1659.1142857142856,17.671580628325223,0.15909925345733988,1.0147574248293674,3,10,293
2022-10-21,1656.3,265985.0,1632.4,1663.1,1621.1,1636.8,1677.5,1728.6,1656.0857142857144,15.70238077182576,1.1913489736070426,1.0259083338473876,4,10,294
2022-10-24,1654.1,167448.0,1662.9,1675.5,1648.0,1656.3,1672.9,1740.6,1653.3999999999999,13.845095401090997,-0.13282617883233483,1.0166868932038835,0,10,297
2022-10-25,1658.0,178706.0,1654.5,1666.8,1641.2,1654.1,1672.9,1717.4,1651.2714285714287,11.249550255500328,0.2357777643431591,1.0155983426760906,1,10,298
2022-10-26,1669.2,183453.0,1657.7,1679.4,1653.8,1658.0,1664.0,1709.1,1652.0142857142857,12.348202105437899,0.6755126658624766,1.0154795017535374,2,10,299
2022-10-27,1668.8,180599.0,1668.8,1674.8,1658.5,1669.2,1655.5,1677.3,1653.9142857142858,13.89969167176281,-0.023963575365448797,1.0098281579740729,3,10,300
2022-10-28,1648.3,186519.0,1667.2,1670.9,1640.7,1668.8,1634.2,1683.5,1655.9285714285713,11.355426644752583,-1.2284276126558025,1.018406777594929,4,10,301
2022-10-31,1648.3,124445.0,1647.2,1648.5,1634.5,1648.3,1636.8,1678.2,1657.5714285714287,8.632055430256626,0.0,1.0085653104925054,0,10,304
2022-11-01,1636.4,193178.0,1636.1,1660.3,1633.6,1648.3,1656.3,1671.1,1654.7285714285713,11.811818133449643,-0.7219559546199017,1.0163442703232126,1,11,305
2022-11-02,1651.0,215445.0,1651.4,1673.1,1637.4,1636.4,1654.1,1675.7,1654.2857142857142,11.897118498614313,0.8922023955023173,1.021802858189813,2,11,306
2022-11-03,1637.7,241648.0,1639.1,1643.2,1618.3,1651.0,1658.0,1681.1,1651.3857142857144,13.239263394794255,-0.8055723803755299,1.0153865167150715,3,11,307
2022-11-04,1685.7,279525.0,1631.7,1686.4,1631.1,1637.7,1669.2,1655.6,1653.7428571428572,17.667753785022196,2.9309397325517406,1.0339035007050459,4,11,308
2022-11-07,1680.5,170491.0,1678.6,1685.6,1670.0,1685.7,1668.8,1633.4,1655.4142857142858,19.75925340787795,-0.3084771904846684,1.0093413173652694,0,11,311
2022-11-08,1716.0,276996.0,1678.0,1720.4,1667.1,1680.5,1648.3,1636.2,1665.0857142857144,29.742866291545088,2.1124665278191124,1.031971687361286,1,11,312
2022-11-09,1715.8,221627.0,1715.2,1725.8,1705.1,1716.0,1648.3,1670.0,1674.7285714285715,34.02722999233124,-0.011655011655009595,1.0121400504369245,2,11,313
2022-11-10,1753.7,284865.0,1709.7,1760.6,1705.5,1715.8,1636.4,1668.6,1691.4857142857145,40.30903242744376,2.2088821540972248,1.0323072412782175,3,11,314
2022-11-11,1774.2,182646.0,1758.3,1775.6,1750.3,1753.7,1651.0,1672.0,1709.0857142857144,46.15760784424788,1.1689570622113177,1.014454664914586,4,11,315
2022-11-14,1774.2,184022.0,1769.4,1778.4,1755.8,1774.2,1637.7,1702.0,1728.5857142857144,39.29662532461748,0.0,1.0128716254698713,0,11,318
2022-11-15,1774.7,276828.0,1774.0,1791.8,1770.2,1774.2,1685.7,1730.5,1741.3,37.46358231667924,0.028181715702846333,1.0122020110721952,1,11,319
2022-11-16,1775.8,191870.0,1782.0,1788.2,1773.4,1774.7,1680.5,1720.8,1754.9142857142856,27.740729897331278,0.0619823068687575,1.0083455509191384,2,11,320
2022-11-17,1763.0,164553.0,1777.0,1777.6,1756.6,1775.8,1716.0,1720.9,1761.6285714285714,21.805099883994348,-0.7208018921049608,1.0119549128999203,3,11,321
2022-11-18,1769.0,29695.0,1777.6,1784.5,1764.0,1763.0,1715.8,1709.3,1769.2285714285715,8.190790414705601,0.3403289846851898,1.0116213151927438,4,11,322
2022-11-21,1754.6,64912.0,1766.6,1769.7,1748.8,1769.0,1753.7,1675.2,1769.357142857143,7.908614952997557,-0.8140192198982543,1.0119510521500459,0,11,325
2022-11-22,1754.8,57764.0,1755.4,1765.8,1752.4,1754.6,1774.2,1686.0,1766.5857142857144,9.219260377240017,0.011398609369650536,1.0076466560146085,1,11,326
2022-11-23,1760.4,72154.0,1755.6,1769.7,1733.5,1754.8,1774.2,1677.5,1764.6142857142856,8.784916727172043,0.3191246865739794,1.0208826074415922,2,11,327
2022-11-25,1768.8,62238.0,1765.2,1776.0,1760.6,1760.4,1774.7,1672.9,1763.7714285714285,7.893819161278382,0.47716428084525475,1.0087470180620244,4,11,329
2022-11-28,1755.3,126938.0,1771.1,1778.5,1753.3,1768.8,1775.8,1672.9,1760.8428571428572,6.3366282154977345,-0.7632293080054309,1.0143728968231336,0,11,332
2022-11-29,1763.7,125501.0,1754.6,1773.4,1752.9,1755.3,1763.0,1664.0,1760.9428571428573,6.381707488969972,0.4785506750982771,1.0116949055850306,1,11,333
2022-11-30,1759.9,183177.0,1763.4,1784.2,1758.2,1763.7,1769.0,1655.5,1759.642857142857,5.302470223846164,-0.2154561433350355,1.0147878512114663,2,11,334
2022-12-01,1815.2,219246.0,1783.1,1818.4,1782.9,1759.9,1754.6,1634.2,1768.3,21.233778121943324,3.1422239899994375,1.0199113803354085,3,12,335
2022-12-02,1809.6,177152.0,1817.0,1818.7,1791.8,1815.2,1754.8,1636.8,1776.1285714285714,25.165036213318523,-0.30850594975760925,1.0150128362540463,4,12,336
2022-12-05,1781.3,175905.0,1810.5,1822.9,1778.1,1809.6,1760.4,1656.3,1779.1142857142859,24.209600614288284,-1.5638815207780654,1.0251954333277093,0,12,339
2022-12-06,1782.4,123344.0,1780.8,1793.2,1779.1,1781.3,1768.8,1654.1,1781.0571428571427,23.785910195073672,0.061752652557123255,1.0079253555168344,1,12,340
2022-12-07,1798.0,149600.0,1783.3,1803.2,1780.5,1782.4,1755.3,1658.0,1787.1571428571428,21.43897207909257,0.8752244165170397,1.0127492277450154,2,12,341
2022-12-08,1801.5,111761.0,1799.5,1806.9,1793.2,1798.0,1763.7,1669.2,1792.5571428571427,19.18826526312662,0.1946607341490436,1.0076399732322106,3,12,342
2022-12-09,1810.7,145372.0,1801.9,1819.0,1800.1,1801.5,1759.9,1668.8,1799.814285714286,13.559428278385763,0.5106855398279153,1.0104994166990724,4,12,343
2022-12-12,1792.3,105314.0,1808.0,1809.3,1789.0,1810.7,1815.2,1648.3,1796.542857142857,11.888209444996932,-1.0161815872314572,1.011347121296814,0,12,346
2022-12-13,1825.5,222725.0,1792.3,1836.9,1791.8,1792.3,1809.6,1648.3,1798.814285714286,15.705034073082619,1.8523684651007066,1.025170219890613,1,12,347
2022-12-14,1818.7,140490.0,1822.6,1825.4,1806.2,1825.5,1781.3,1636.4,1804.1571428571428,15.103846876699368,-0.37250068474390385,1.0106300520429632,2,12,348
2022-12-15,1787.8,179653.0,1818.7,1819.7,1782.0,1818.7,1782.4,1651.0,1804.9285714285713,13.897087738718467,-1.6990157805025663,1.0211560044893377,3,12,349
2022-12-16,1800.2,126360.0,1786.9,1804.2,1783.9,1787.8,1798.0,1637.7,1805.2428571428572,13.738250391083842,0.6935898870119805,1.0113795616346208,4,12,350
2022-12-19,1797.7,84087.0,1801.6,1808.6,1793.2,1800.2,1801.5,1685.7,1804.7,13.983680965036513,-0.13887345850460697,1.0085879991077402,0,12,353
2022-12-20,1825.4,191823.0,1796.8,1832.4,1793.7,1797.7,1810.7,1680.5,1806.7999999999997,15.994165602866733,1.54085776269679,1.0215755143000502,1,12,354
2022-12-21,1823.9,103269.0,1827.9,1833.8,1821.3,1825.4,1792.3,1716.0,1811.314285714286,15.675823058774963,-0.08217377013257643,1.0068632295613025,2,12,355
2022-12-22,1795.3,168989.0,1823.8,1829.3,1792.7,1823.9,1825.5,1715.8,1807.0,15.27154216176587,-1.5680684248040033,1.020416132091259,3,12,356
2022-12-23,1804.2,100413.0,1801.0,1812.2,1798.9,1795.3,1818.7,1753.7,1804.9285714285713,14.37726379685323,0.49573887372584835,1.0073934070821058,4,12,357
2022-12-27,1823.1,156189.0,1808.2,1841.9,1808.0,1804.2,1787.8,1774.2,1809.9714285714285,13.534119142041462,1.0475557033588156,1.01875,1,12,361
2022-12-28,1815.8,110705.0,1822.4,1822.8,1804.2,1823.1,1800.2,1774.2,1812.2,12.927747934781962,-0.40041687236026524,1.0103092783505154,2,12,362
2022-12-29,1826.0,103283.0,1812.3,1827.3,1811.2,1815.8,1797.7,1774.7,1816.2428571428572,12.031466680117843,0.5617358739949285,1.0088891342756183,3,12,363
2022-12-30,1826.2,103926.0,1821.8,1832.4,1819.8,1826.0,1825.4,1775.8,1816.357142857143,12.13628954038751,0.01095290251917902,1.006923837784372,4,12,364
2023-01-03,1846.1,206818.0,1831.8,1856.6,1831.3,1826.2,1823.9,1763.0,1819.5285714285712,16.538209726296817,1.0896944474865666,1.0138153224485338,1,1,3
2023-01-04,1859.0,193760.0,1845.2,1871.3,1842.0,1846.1,1795.3,1769.0,1828.6285714285714,18.404593111983065,0.6987703808027712,1.0159066232356135,2,1,4
2023-01-05,1840.6,177851.0,1861.2,1864.3,1829.9,1859.0,1804.2,1754.6,1833.8285714285714,15.218707159862857,-0.9897794513179181,1.0187988414667468,3,1,5
2023-01-06,1869.7,208187.0,1835.9,1875.2,1835.2,1840.6,1823.1,1754.8,1840.4857142857145,19.36960063011237,1.5810061936325281,1.021795989537925,4,1,6
2023-01-09,1877.8,183869.0,1872.8,1886.4,1869.3,1869.7,1815.8,1760.4,1849.3428571428572,20.35074586204365,0.43322458148364884,1.009147809340395,0,1,9
2023-01-10,1876.5,150115.0,1875.7,1885.2,1872.0,1877.8,1826.0,1768.8,1856.5571428571427,19.635075514874565,-0.0692299499414184,1.007051282051282,1,1,10
2023-01-11,1878.9,201761.0,1881.3,1890.9,1870.9,1876.5,1826.2,1755.3,1864.0857142857144,15.78030719715995,0.12789768185452743,1.0106900422256668,2,1,11
2023-01-12,1898.8,243497.0,1879.7,1906.5,1872.4,1878.9,1846.1,1763.7,1871.6142857142859,18.161078214230805,1.0591303422215148,1.0182119205298013,3,1,12
2023-01-13,1921.7,226750.0,1898.8,1925.3,1895.1,1898.8,1859.0,1759.9,1880.5714285714287,25.05591841497139,1.2060248578049437,1.0159358345206058,4,1,13
2023-01-17,1909.9,253693.0,1923.8,1931.8,1906.2,1921.7,1840.6,1815.2,1890.4714285714285,19.761807802367425,-0.6140396523911074,1.0134298604553562,1,1,17
2023-01-18,1907.0,209782.0,1911.1,1929.8,1898.6,1909.9,1869.7,1809.6,1895.7999999999997,18.194138250143457,-0.15184041049269847,1.0164331612767303,2,1,18
2023-01-19,1923.9,204470.0,1907.0,1936.9,1902.0,1907.0,1877.8,1781.3,1902.3857142857144,18.92163035356006,0.8862087047718958,1.0183491062039958,3,1,19
2023-01-20,1928.2,161073.0,1933.7,1939.0,1922.0,1923.9,1876.5,1782.4,1909.7714285714285,17.139789408013563,0.22350434014242193,1.0088449531737773,4,1,20
2023-01-23,1945.4,55696.0,1948.0,1953.3,1929.2,1928.2,1878.9,1798.0,1919.2714285714287,15.53079889395235,0.892023648999074,1.0124922247563757,0,1,23
2023-01-24,1952.2,82356.0,1948.9,1960.5,1935.0,1945.4,1898.8,1801.5,1926.8999999999999,16.85763921783473,0.3495425105376704,1.0131782945736434,1,1,24
2023-01-25,1959.4,81544.0,1955.2,1966.3,1937.5,1952.2,1921.7,1810.7,1932.2857142857142,20.539590110404966,0.3688146706280149,1.0148645161290322,2,1,25
2023-01-26,1946.7,127736.0,1965.0,1966.5,1935.1,1959.4,1909.9,1792.3,1937.542857142857,18.45913117695985,-0.6481575992650868,1.0162265515994007,3,1,26
2023-01-27,1945.6,142448.0,1945.8,1952.1,1933.0,1946.7,1907.0,1825.5,1943.0571428571427,12.673049770078212,-0.05650588174860305,1.0098810139679255,4,1,27
2023-01-30,1939.2,134362.0,1944.0,1950.1,1936.2,1945.6,1923.9,1818.7,1945.2428571428572,9.815609531500368,-0.3289473684210509,1.0071790104328064,0,1,30
2023-01-31,1945.3,189046.0,1938.6,1946.9,1915.5,1939.2,1928.2,1787.8,1947.6857142857145,6.401153169816608,0.3145627062706158,1.0163925867919603,1,1,31
2023-02-01,1942.8,205037.0,1944.0,1970.8,1936.1,1945.3,1945.4,1800.2,1947.3142857142855,6.6273243899872565,-0.12851488202333394,1.0179226279634317,2,2,32
2023-02-02,1930.8,242931.0,1967.1,1975.2,1925.6,1942.8,1952.2,1797.7,1944.257142857143,8.6309244662173,-0.6176652254478054,1.025758205234732,3,2,33
2023-02-03,1876.6,296669.0,1926.3,1932.4,1874.5,1930.8,1959.4,1825.4,1932.4285714285713,25.218162389127464,-2.807126579656105,1.0308882368631636,4,2,34
2023-02-06,1879.5,158761.0,1878.0,1894.0,1873.2,1876.6,1946.7,1823.9,1922.8285714285714,31.006381831558514,0.15453479697324912,1.0111039931667734,0,2,37
2023-02-07,1884.8,172946.0,1880.3,1897.2,1877.5,1879.5,1945.6,1795.3,1914.142857142857,32.06222372941214,0.28198989092844684,1.0104926764314248,1,2,38
2023-02-08,1890.7,126260.0,1885.1,1898.9,1881.4,1884.8,1939.2,1804.2,1907.2142857142856,30.966617971133314,0.3130305602716543,1.0093015839268629,2,2,39
2023-02-09,1878.5,177874.0,1888.3,1902.3,1870.2,1890.7,1945.3,1823.1,1897.6714285714284,27.356030065619375,-0.6452636589622918,1.0171639396855952,3,2,40
2023-02-10,1874.5,150144.0,1873.5,1883.5,1863.5,1878.5,1942.8,1815.8,1887.9142857142856,19.680906870283888,-0.21293585307425866,1.0107324926214114,4,2,41
2023-02-13,1863.5,127343.0,1876.7,1877.2,1860.8,1874.5,1930.8,1826.0,1878.2999999999997,8.503528679242311,-0.5868231528407541,1.0088134135855547,0,2,44
2023-02-14,1865.4,209831.0,1864.1,1881.6,1852.5,1863.5,1876.6,1826.2,1876.7000000000003,9.827342807970169,0.10195867990341334,1.0157085020242915,1,2,45
2023-02-15,1845.3,165570.0,1865.1,1870.9,1839.3,1865.4,1879.5,1846.1,1871.814285714286,15.223274786877887,-1.0775168864586737,1.0171804490838907,2,2,46
2023-02-16,1851.8,163521.0,1846.5,1854.9,1836.6,1845.3,1884.8,1859.0,1867.1,15.635749635542412,0.35224624722267617,1.0099640640313623,3,2,47
2023-02-17,1850.2,161154.0,1845.7,1853.1,1827.7,1851.8,1890.7,1840.6,1861.314285714286,12.656938620250699,-0.08640241926773928,1.0138972479072057,4,2,48
2023-02-21,1842.5,205256.0,1850.5,1856.4,1839.0,1850.2,1878.5,1869.7,1856.1714285714286,11.79459117354559,-0.4161712247324645,1.0094616639477978,1,2,52
2023-02-22,1841.5,137955.0,1843.7,1855.0,1831.9,1842.5,1874.5,1877.8,1851.457142857143,9.6472547291042,-0.054274084124827926,1.0126098586167367,2,2,53
2023-02-23,1826.8,174152.0,1834.7,1841.2,1824.8,1841.5,1863.5,1876.5,1846.2142857142858,11.754067178504554,-0.7982622861797517,1.0089872862779483,3,2,54
2023-02-24,1817.1,162961.0,1829.7,1835.1,1815.5,1826.8,1865.4,1878.9,1839.3142857142855,12.749042914540743,-0.5309831399167964,1.010795923987882,4,2,55
2023-02-27,1824.9,127138.0,1818.0,1827.3,1812.0,1817.1,1845.3,1898.8,1836.3999999999999,13.464273714737592,0.42925540696716613,1.0084437086092715,0,2,58
2023-02-28,1836.7,175222.0,1823.9,1838.6,1810.8,1824.9,1851.8,1921.7,1834.2428571428572,11.676737150201605,0.646610773193057,1.0153523304616743,1,2,59
2023-03-01,1845.4,179501.0,1834.0,1852.5,1829.6,1836.7,1850.2,1909.9,1833.5571428571427,10.68204991913531,0.47367561387270385,1.0125163970266726,2,3,60
2023-03-02,1840.5,135493.0,1843.8,1845.3,1835.9,1845.4,1842.5,1907.0,1833.2714285714285,10.42668280348177,-0.2655250894115113,1.0051201045808595,3,3,61
2023-03-03,1854.6,152535.0,1842.1,1864.4,1842.0,1840.5,1841.5,1923.9,1835.142857142857,13.006262227925625,0.7660961695191482,1.0121606948968513,4,3,62
2023-03-06,1852.4,130994.0,1861.0,1864.3,1850.6,1854.6,1826.8,1928.2,1838.8,13.841724362666728,-0.11862396204032066,1.0074030044309954,0,3,65
2023-03-07,1820.0,225479.0,1852.6,1856.9,1817.1,1852.4,1817.1,1945.4,1839.2142857142858,13.107940159948948,-1.749082271647595,1.021903032304221,1,3,66
2023-03-08,1818.6,186948.0,1818.0,1828.7,1813.4,1820.0,1824.9,1952.2,1838.314285714286,14.406529604203916,-0.07692307692308553,1.0084371898091982,2,3,67
2023-03-09,1834.6,207702.0,1818.0,1839.4,1815.4,1818.6,1836.7,1959.4,1838.0142857142857,14.467484067273203,0.8797976465412916,1.0132202269472292,3,3,68
2023-03-10,1867.2,319696.0,1835.1,1874.3,1830.0,1834.6,1845.4,1946.7,1841.1285714285714,18.18980614568932,1.7769541044369452,1.024207650273224,4,3,69
2023-03-13,1916.5,426262.0,1877.1,1919.5,1875.7,1867.2,1840.5,1945.6,1851.9857142857143,33.765190584932355,2.6403170522707686,1.023351282187983,0,3,72
2023-03-14,1910.9,254442.0,1919.4,1919.4,1899.8,1916.5,1854.6,1939.2,1860.0285714285715,40.52113499090434,-0.2921993216801422,1.010316875460575,1,3,73
2023-03-15,1931.3,376775.0,1908.2,1942.5,1889.5,1910.9,1852.4,1945.3,1871.3,48.27677150209382,1.0675597885812849,1.0280497486107436,2,3,74
2023-03-16,1923.0,242983.0,1922.8,1938.0,1911.5,1931.3,1820.0,1942.8,1886.0142857142857,45.66090335546164,-0.42976233625019455,1.0138634580172639,3,3,75
2023-03-17,1990.2,63433.0,1942.7,2010.4,1939.1,1923.0,1818.6,1930.8,1910.5285714285715,49.35050537685599,3.494539781591266,1.036769635397865,4,3,76
2023-03-20,1999.7,66038.0,2008.6,2031.7,1987.0,1990.2,1834.6,1876.6,1934.1142857142856,46.37748838143496,0.47733896090844663,1.0224962254655259,0,3,79
2023-03-21,1941.1,242914.0,1983.1,1988.7,1938.6,1999.7,1867.2,1879.5,1944.6714285714286,35.815113862042715,-2.9304395659348947,1.025843392138657,1,3,80
2023-03-22,1949.6,240155.0,1943.5,1982.3,1936.5,1941.1,1916.5,1884.8,1949.4,33.591864094331434,0.43789603832877777,1.0236509166021173,2,3,81
2023-03-23,1995.9,257040.0,1974.0,2006.1,1967.3,1949.6,1910.9,1890.7,1961.542857142857,32.70661794104597,2.374846122281493,1.0197224622579169,3,3,82
2023-03-24,1983.8,276299.0,1996.1,2006.5,1977.7,1995.9,1931.3,1878.5,1969.042857142857,30.565059416620546,-0.6062427977353679,1.0145623704302977,4,3,83
2023-03-27,1953.8,202321.0,1982.6,1984.0,1945.0,1983.8,1923.0,1874.5,1973.4428571428573,24.434324023284844,-1.5122492186712355,1.020051413881748,0,3,86
2023-03-28,1973.5,181641.0,1957.8,1977.1,1949.9,1953.8,1990.2,1863.5,1971.0571428571427,23.315149377065445,1.0082915344457044,1.013949433304272,1,3,87
2023-03-29,1966.9,87911.0,1975.4,1976.0,1959.5,1973.5,1999.7,1865.4,1966.3714285714286,19.599125344882072,-0.3344312135799332,1.0084205154376116,2,3,88
2023-03-30,1980.3,9979.0,1965.9,1984.4,1954.9,1966.9,1941.1,1845.3,1971.9714285714285,16.535790907938548,0.6812751029538822,1.0150902859481303,3,3,89
2023-03-31,1969.0,957.0,1981.3,1986.8,1968.0,1980.3,1949.6,1851.8,1974.742857142857,13.510348767082368,-0.5706206130384306,1.0095528455284553,4,3,90
2023-04-03,1983.9,737.0,1968.1,1991.7,1950.0,1969.0,1995.9,1850.2,1973.0285714285715,10.884501869679752,0.7567293042153533,1.0213846153846153,0,4,93
2023-04-04,2022.2,811.0,1984.6,2027.1,1979.0,1983.9,1983.8,1842.5,1978.5142857142857,21.610138713964066,1.9305408538736746,1.0243052046488126,1,4,94
2023-04-05,2020.9,525.0,2022.1,2033.8,2013.6,2022.2,1953.8,1841.5,1988.1000000000001,23.609814343446086,-0.06428642072989765,1.0100317838696862,2,4,95
2023-04-06,2026.4,145401.0,2037.1,2037.7,2016.5,2020.9,1973.5,1826.8,1995.6571428571428,26.452779132034,0.27215597011231996,1.0105132655591371,3,4,96
2023-04-10,2003.8,133204.0,2008.6,2021.5,1996.5,2026.4,1966.9,1817.1,2000.9285714285713,23.249782385025103,-1.115278326095548,1.0125219133483596,0,4,100
2023-04-11,2019.0,122902.0,2007.0,2022.5,2003.7,2003.8,1980.3,1824.9,2006.457142857143,22.09976298081406,0.7585587383970527,1.0093826421120926,1,4,101
2023-04-12,2024.9,220798.0,2019.1,2043.9,2015.7,2019.0,1969.0,1836.7,2014.4428571428573,15.389916302831288,0.2922238732045557,1.0139901771096889,2,4,102
2023-04-13,2055.3,190641.0,2029.5,2063.4,2028.3,2024.9,1983.9,1845.4,2024.642857142857,15.434037832276628,1.5013087066027886,1.0173051323768674,3,4,103
2023-04-14,2015.8,259581.0,2054.7,2061.6,2006.0,2055.3,2022.2,1840.5,2023.7285714285715,15.788362199766137,-1.9218605556366564,1.027716849451645,4,4,104
2023-04-17,2007.0,178631.0,2014.1,2028.0,1993.4,2015.8,2020.9,1854.6,2021.7428571428572,17.02878515361999,-0.4365512451632081,1.0173572790207686,0,4,107
2023-04-18,2019.7,160716.0,2007.9,2024.6,2003.3,2007.0,2026.4,1852.4,2020.7857142857142,16.91128110375006,0.6327852516193389,1.0106324564468627,1,4,108
2023-04-19,2007.3,214273.0,2017.9,2020.3,1980.9,2019.7,2003.8,1820.0,2021.2857142857142,16.36840743332676,-0.6139525672129609,1.0198899490130748,2,4,109
2023-04-20,2019.1,158915.0,2007.7,2024.2,2002.2,2007.3,2019.0,1818.6,2021.3,16.366123548312373,0.5878543316893303,1.0109879132953752,3,4,110
2023-04-21,1990.5,205700.0,2016.1,2016.8,1982.3,2019.1,2024.9,1834.6,2016.3857142857144,19.890234502641206,-1.416472685850123,1.017404025626797,4,4,111
2023-04-24,1999.8,136854.0,1992.0,2001.5,1984.4,1990.5,2055.3,1867.2,2008.457142857143,10.75838543376718,0.467219291635268,1.0086172142713161,0,4,114
2023-04-25,2004.5,214107.0,1999.4,2014.5,1986.2,1999.8,2015.8,1916.5,2006.8428571428574,10.31145918261954,0.23502350235022895,1.0142483133621991,1,4,115
2023-04-26,1996.0,231110.0,2007.7,2020.2,1993.7,2004.5,2007.0,1910.9,2005.2714285714287,11.092146513833772,-0.42404589673235016,1.013291869388574,2,4,116
2023-04-27,1999.0,198056.0,1999.8,2013.3,1982.0,1996.0,2019.7,1931.3,2002.314285714286,9.202794606535148,0.15030060120240218,1.015792129162462,3,4,117
2023-04-28,1999.1,166935.0,1997.2,2004.1,1984.4,1999.0,2007.3,1923.0,2001.142857142857,8.98162144649667,0.005002501250617186,1.0099274339850837,4,4,118
2023-05-01,1992.2,169545.0,2000.2,2015.4,1985.7,1999.1,2019.1,1990.2,1997.3,4.798610909973456,-0.34515531989394166,1.0149569421362743,0,5,121
2023-05-02,2023.3,238278.0,1990.5,2028.8,1986.9,1992.2,1990.5,1999.7,2001.9857142857143,10.117876682885251,1.5610882441521978,1.0210881272333785,1,5,122
2023-05-03,2037.0,223500.0,2026.4,2050.0,2016.0,2023.3,1999.8,1941.1,2007.2999999999997,16.52150114240951,0.6771116492858331,1.0168650793650793,2,5,123
2023-05-04,2055.7,304106.0,2054.7,2085.4,2038.5,2037.0,2004.5,1949.6,2014.6142857142856,24.48805345272244,0.9180166912125642,1.0230071130733382,3,5,124
2023-05-05,2024.8,261252.0,2058.0,2061.3,2007.0,2055.7,1996.0,1995.9,2018.7285714285713,23.226257718747405,-1.5031376173566091,1.0270553064275039,4,5,125
2023-05-08,2033.2,164088.0,2024.6,2037.1,2022.0,2024.8,1999.0,1983.8,2023.6142857142856,21.946406582932518,0.41485578822599845,1.0074678536102868,0,5,128
2023-05-09,2042.9,181949.0,2028.4,2045.1,2026.4,2033.2,1999.1,1953.8,2029.8714285714286,19.944900290993257,0.477080464292734,1.009228187919463,1,5,129
2023-05-10,2037.1,242839.0,2041.6,2056.0,2028.3,2042.9,1992.2,1973.5,2036.2857142857142,11.044671199423297,-0.2839101277595679,1.0136567568900063,2,5,130
2023-05-11,2020.5,275846.0,2036.8,2047.6,2016.7,2037.1,2023.3,1966.9,2035.8857142857144,11.62861822846425,-0.8148839035884259,1.0153220607923836,3,5,131
2023-05-12,2019.8,214111.0,2020.5,2027.8,2005.7,2020.5,2037.0,1980.3,2033.4285714285713,13.080483462688235,-0.03464488987874326,1.0110185969985541,4,5,132
2023-05-15,2022.7,159252.0,2013.4,2027.5,2011.2,2019.8,2055.7,1969.0,2028.7142857142858,9.037962264989966,0.14357857213584957,1.0081046141607,0,5,135
2023-05-16,1993.0,224203.0,2021.3,2022.7,1989.1,2022.7,2024.8,1983.9,2024.1714285714286,16.359677491248817,-1.468334404508831,1.0168920617364638,1,5,136
2023-05-17,1984.9,200251.0,1993.0,1997.0,1978.1,1993.0,2033.2,2022.2,2017.2714285714285,21.343595002193954,-0.4064224786753612,1.009554623123199,2,5,137
2023-05-18,1959.8,221594.0,1985.6,1988.8,1954.4,1984.9,2042.9,2020.9,2005.3999999999999,27.058332050072387,-1.2645473323593226,1.0176013098649201,3,5,138
2023-05-19,1981.6,228720.0,1960.5,1987.4,1956.3,1959.8,2037.1,2026.4,1997.4714285714285,24.202046351862393,1.1123584039187673,1.0158973572560446,4,5,139
2023-05-22,1977.2,161997.0,1979.4,1981.1,1973.4,1981.6,2020.5,2003.8,1991.2857142857142,22.829836367571282,-0.2220427937020486,1.0039018952062428,0,5,142
2023-05-23,1974.5,207433.0,1973.9,1980.0,1955.8,1977.2,2019.8,2019.0,1984.814285714286,19.590595411321388,-0.13655674691482877,1.0123734533183353,1,5,143
2023-05-24,1964.6,225889.0,1977.3,1987.9,1958.4,1974.5,2022.7,2024.9,1976.5142857142855,11.502235807446063,-0.5013927576601684,1.015063316993464,2,5,144
2023-05-25,1943.7,247078.0,1959.5,1965.4,1939.0,1964.6,1993.0,2055.3,1969.4714285714285,14.442958409471462,-1.0638297872340385,1.0136152656008253,3,5,145
2023-05-26,1944.3,163026.0,1941.7,1957.1,1936.0,1943.7,1984.9,2015.8,1963.6714285714286,15.338808546224548,0.03086896125945593,1.0108987603305786,4,5,146
2023-05-30,1958.0,37838.0,1942.7,1962.6,1931.0,1944.3,1959.8,2007.0,1963.4142857142858,15.429347423123442,0.704623772051649,1.0163645779388917,1,5,150
2023-05-31,1963.9,5710.0,1958.2,1973.0,1953.0,1958.0,1981.6,2019.7,1960.8857142857144,13.248575844348384,0.30132788559755763,1.0102406554019456,2,5,151
2023-06-01,1978.0,750.0,1963.2,1983.0,1954.3,1963.9,1977.2,2007.3,1961.0,13.415165547444996,0.7179591628901694,1.0146855651639974,3,6,152
2023-06-02,1952.4,356.0,1977.1,1982.5,1947.4,1978.0,1974.5,2019.1,1957.8428571428572,12.25926277588586,-1.2942366026289176,1.0180240320427236,4,6,153
2023-06-05,1958.0,713.0,1947.5,1961.9,1937.8,1952.4,1964.6,1990.5,1956.8999999999999,11.901540516477954,0.2868264699856571,1.0124367839818351,0,6,156
2023-06-06,1965.5,164.0,1960.8,1965.0,1958.8,1958.0,1943.7,1999.8,1960.0142857142857,10.659178919447116,0.3830439223697635,1.003165203185624,1,6,157
2023-06-07,1958.4,186154.0,1980.0,1986.5,1955.4,1965.5,1944.3,2004.5,1962.0285714285712,8.256051171780882,-0.36123123887050745,1.0159046742354505,2,6,158
2023-06-08,1978.6,186811.0,1956.2,1985.7,1955.2,1958.4,1958.0,1996.0,1964.9714285714288,10.055962457719033,1.0314542483659928,1.0155994271685762,3,6,159
2023-06-09,1977.2,127618.0,1980.5,1987.8,1971.0,1978.6,1963.9,1999.0,1966.8714285714286,11.029160482604711,-0.0707571009804897,1.0085235920852358,4,6,160
2023-06-12,1969.7,119121.0,1975.6,1981.4,1963.1,1977.2,1978.0,1999.1,1965.685714285714,10.034677967101569,-0.3793242969856392,1.0093219907289492,0,6,163
2023-06-13,1958.6,194386.0,1971.4,1985.9,1953.0,1969.7,1952.4,1992.2,1966.5714285714287,8.872939063113062,-0.5635375945575505,1.0168458781362009,1,6,164
2023-06-14,1968.9,195705.0,1957.2,1973.9,1952.5,1958.6,1958.0,2023.3,1968.1285714285714,8.034864505249194,0.5258858368222263,1.0109603072983355,2,6,165
2023-06-15,1970.7,258559.0,1955.7,1972.8,1936.1,1968.9,1965.5,2037.0,1968.8714285714286,7.991602735645593,0.09142160597288562,1.0189556324570013,3,6,166
2023-06-16,1971.2,157636.0,1970.3,1980.4,1965.4,1970.7,1958.4,2055.7,1970.7000000000003,6.52635681923631,0.025371695336673383,1.0076320341915133,4,6,167
2023-06-20,1947.7,244367.0,1970.7,1971.8,1940.8,1971.2,1978.6,2024.8,1966.2857142857142,9.880524373910212,-1.1921672077922052,1.0159727947238253,1,6,171
2023-06-21,1944.9,176555.0,1948.0,1950.4,1929.3,1947.7,1977.2,2033.2,1961.6714285714284,11.364669563361637,-0.14375930584792362,1.0109366091328462,2,6,172
2023-06-22,1923.7,165183.0,1943.3,1945.1,1922.0,1944.9,1969.7,2042.9,1955.1000000000001,17.559517836927263,-1.0900303357499141,1.0120187304890738,3,6,173
2023-06-23,1929.6,181273.0,1923.5,1949.0,1919.5,1923.7,1958.6,2037.1,1950.957142857143,19.865703875647103,0.30670062899620376,1.0153685855691585,4,6,174
2023-06-26,1933.8,145419.0,1936.3,1943.4,1931.1,1929.6,1968.9,2020.5,1945.9428571428573,18.99252985978723,0.21766169154229242,1.0063694267515924,0,6,177
2023-06-27,1923.8,177006.0,1932.7,1940.3,1919.8,1933.8,1970.7,2019.8,1939.2428571428572,16.96789685872279,-0.5171165580721948,1.0106781956453796,1,6,178
2023-06-28,1922.2,155119.0,1923.1,1926.1,1911.4,1923.8,1971.2,2022.7,1932.242857142857,10.43756950355784,-0.08316872855805846,1.0076906979177565,2,6,179
2023-06-29,1917.9,200268.0,1916.5,1921.3,1900.6,1922.2,1947.7,1993.0,1927.9857142857143,9.069992387180552,-0.2237020081157004,1.0108912974850048,3,6,180
2023-06-30,1929.4,174877.0,1916.4,1930.8,1908.1,1917.9,1944.9,1984.9,1925.7714285714287,5.40330586627017,0.5996141613222816,1.011896651118914,4,6,181
2023-07-03,1929.5,150176.0,1927.8,1939.9,1917.7,1929.4,1923.7,1959.8,1926.6000000000001,5.476921276175183,0.005182958432659035,1.011576367523596,0,7,184
2023-07-05,1927.1,242943.0,1929.1,1942.9,1922.1,1929.5,1929.6,1981.6,1926.242857142857,5.328182035955447,-0.1243845555843559,1.010821497320639,2,7,186
2023-07-06,1915.4,226527.0,1922.4,1934.0,1908.5,1927.1,1933.8,1977.2,1923.6142857142859,5.514051314915486,-0.607129884282076,1.0133612784909616,3,7,187
2023-07-07,1932.5,208113.0,1916.6,1941.1,1915.4,1915.4,1923.8,1974.5,1924.857142857143,6.461903007237658,0.8927639135428489,1.0134175629111413,4,7,188
2023-07-10,1931.0,195109.0,1930.7,1933.7,1918.0,1932.5,1922.2,1964.6,1926.1142857142859,6.710049321988319,-0.07761966364812078,1.0081856100104276,0,7,191
2023-07-11,1937.1,174842.0,1930.8,1944.5,1929.8,1931.0,1917.9,1943.7,1928.857142857143,6.716858676117837,0.3158984981874724,1.007617369675614,1,7,192
2023-07-12,1961.7,250982.0,1938.0,1965.1,1937.5,1937.1,1929.4,1944.3,1933.4714285714285,14.142219802814603,1.269939600433645,1.0142451612903225,2,7,193
2023-07-13,1963.8,219133.0,1962.7,1968.5,1956.6,1961.7,1929.5,1958.0,1938.3714285714284,17.962898270725802,0.10705000764641426,1.0060819789430646,3,7,194
2023-07-14,1964.4,191150.0,1965.2,1967.8,1954.7,1963.8,1927.1,1963.9,1943.7000000000003,19.526392395901453,0.030553009471434578,1.0067017956719702,4,7,195
2023-07-17,1956.4,161963.0,1958.6,1963.6,1949.0,1964.4,1915.4,1978.0,1949.5571428571427,15.31849178199003,-0.40724903278355207,1.007491021036429,0,7,198
2023-07-18,1980.8,256970.0,1958.3,1988.3,1958.1,1956.4,1932.5,1952.4,1956.4571428571428,17.12618435247264,1.247188713964409,1.0154231142433991,1,7,199
2023-07-19,1980.4,155975.0,1982.5,1984.6,1973.3,1980.8,1931.0,1958.0,1963.5142857142855,14.924301052425674,-0.02019386106623111,1.0057264480818933,2,7,200
2023-07-20,1970.9,186560.0,1980.0,1989.8,1967.7,1980.4,1937.1,1965.5,1968.3428571428574,9.398910777754196,-0.47970107049081223,1.0112313868984093,3,7,201
2023-07-21,1966.6,152540.0,1972.1,1975.9,1958.8,1970.9,1961.7,1958.4,1969.042857142857,8.995527989405751,-0.2181744380739814,1.008729834592608,4,7,202
2023-07-24,1962.2,193572.0,1963.6,1969.8,1955.3,1966.6,1963.8,1978.6,1968.814285714286,9.169592606549523,-0.2237363978439877,1.0074157418298981,0,7,205
2023-07-25,1963.7,182563.0,1957.0,1967.1,1951.6,1962.2,1964.4,1977.2,1968.7142857142858,9.229378558174332,0.07644480684945165,1.0079422012707522,1,7,206
2023-07-26,1970.1,204484.0,1966.3,1979.9,1963.2,1963.7,1956.4,1969.7,1970.6714285714286,7.467198110248666,0.3259153638539347,1.0085065199674002,2,7,207
2023-07-27,1945.7,192370.0,1973.3,1982.6,1941.7,1970.1,1980.8,1958.6,1965.6571428571428,10.64218917680286,-1.2385158113801253,1.0210640160683937,3,7,208
2023-07-28,1960.4,22705.0,1945.5,1962.2,1944.2,1945.7,1980.4,1968.9,1962.8,8.491956978930794,0.7555121550084865,1.0092583067585639,4,7,209
2023-07-31,1970.5,1025.0,1959.2,1971.6,1950.0,1960.4,1970.9,1970.7,1962.742857142857,8.429483404982077,0.5152009793919499,1.011076923076923,0,7,212
2023-08-01,1940.7,688.0,1964.9,1965.4,1940.8,1970.5,1966.6,1971.2,1959.042857142857,11.557949233098432,-1.512306521187512,1.0126751854905194,1,8,213
2023-08-02,1937.4,652.0,1948.4,1953.6,1933.2,1940.7,1962.2,1947.7,1955.5,13.976766435721132,-0.17004173751739016,1.0105524518932338,2,8,214
2023-08-03,1932.0,773.0,1934.2,1936.5,1928.0,1937.4,1963.7,1944.9,1950.9714285714285,15.882665003637262,-0.2787240631774601,1.004408713692946,3,8,215
2023-08-04,1939.6,290.0,1934.9,1945.0,1920.0,1932.0,1970.1,1923.7,1946.6142857142859,13.80862394436274,0.39337474120082483,1.0130208333333333,4,8,216
2023-08-07,1970.0,101170.0,1977.6,1981.7,1966.1,1939.6,1945.7,1929.6,1950.0857142857144,16.35934275075914,1.5673334708187214,1.007934489598698,0,8,219
2023-08-08,1959.9,138581.0,1971.5,1972.8,1956.5,1970.0,1960.4,1933.8,1950.0142857142857,16.30781290987491,-0.5126903553299478,1.008331203680041,1,8,220
2023-08-09,1950.6,130739.0,1959.3,1966.1,1947.2,1959.9,1970.5,1923.8,1947.1714285714286,13.661224235689053,-0.4745140058166286,1.0097062448644207,2,8,221
2023-08-10,1948.9,163805.0,1947.7,1963.5,1944.4,1950.6,1940.7,1922.2,1948.3428571428572,13.362117739150376,-0.08715267097302304,1.009823081670438,3,8,222
2023-08-11,1946.6,119090.0,1944.9,1953.6,1942.7,1948.9,1937.4,1917.9,1949.6571428571428,12.533137029820054,-0.11801529067679839,1.005610747928141,4,8,223
2023-08-14,1944.0,117514.0,1945.6,1948.2,1934.2,1946.6,1932.0,1929.4,1951.3714285714286,10.345162200328145,-0.13356621802116386,1.007238134629304,0,8,226
2023-08-15,1935.2,161512.0,1939.4,1944.3,1927.5,1944.0,1939.6,1929.5,1950.7428571428572,11.271772582055398,-0.45267489711934283,1.008715953307393,1,8,227
2023-08-16,1928.3,124766.0,1933.1,1938.2,1922.0,1935.2,1970.0,1927.1,1944.7857142857142,10.382265098241499,-0.3565522943365096,1.0084287200832467,2,8,228
2023-08-17,1915.2,146770.0,1922.4,1933.5,1914.2,1928.3,1959.9,1915.4,1938.4,12.962638620232724,-0.6793548721671927,1.0100825410092988,3,8,229
